<wxlog>
  <threadId>#main</threadId>
  <timestamp>00:24:41:2498</timestamp>
  <msgtype>MsgWXLogLaunch</msgtype>
  <content>[The WXLogger is launched!]</content>
  <stackFrames>
[CALL STACK][0]: Method:WXTextureTools.Application.Options.OptionsConfig..ctor; File:.0
[CALL STACK][1]: Method:WXTextureTools.Application.App..ctor; File:.0
[CALL STACK][2]: Method:WXTextureTools.Program.Main; File:.0
</stackFrames>
</wxlog>
<wxlog>
  <threadId>#main</threadId>
  <timestamp>00:24:41:2653</timestamp>
  <msgtype>MsgMixture</msgtype>
  <content>string|String[]
OptionsConfig,-option=fb
-dataDir=D:/Projects/AIVideoGame/TextToolDatas
-classDataPath=D:/Projects/AIVideoGame/Assets\WX-WASM-SDK-V2\Editor/TextureEditor/classdata.tpk
-sourcePath=E:\projects\AIVideoGame\webgl\Build\webgl.data
-do=slim
-outDir=D:/Projects/AIVideoGame/TextToolDatas\fbslimtTemp
-slimConfPath=D:/Projects/AIVideoGame/Assets\WX-WASM-SDK-V2\Editor/TextureEditor/slim.conf
</content>
  <stackFrames>
[CALL STACK][0]: Method:WXTextureTools.Application.App..ctor; File:.0
[CALL STACK][1]: Method:WXTextureTools.Program.Main; File:.0
</stackFrames>
</wxlog>
<wxlog>
  <threadId>#main</threadId>
  <timestamp>00:24:41:2663</timestamp>
  <msgtype>MsgMixture</msgtype>
  <content>string|string
UnityBridgeHandler - SetDataDir,D:/Projects/AIVideoGame/TextToolDatas\temp</content>
  <stackFrames>
[CALL STACK][0]: Method:WXTextureTools.Program.Main; File:.0
</stackFrames>
</wxlog>
<wxlog>
  <threadId>#main</threadId>
  <timestamp>00:24:41:2974</timestamp>
  <msgtype>MsgMixture</msgtype>
  <content>string|string
FirstBundleDel,D:/Projects/AIVideoGame/TextToolDatas\fbslimConfig.txt</content>
  <stackFrames>
[CALL STACK][0]: Method:WXTextureTools.Application.AppCmdExec.WXSlimFirstBundleExec.todo; File:.0
[CALL STACK][1]: Method:WXTextureTools.Application.App.process; File:.0
[CALL STACK][2]: Method:WXTextureTools.Application.App..ctor; File:.0
</stackFrames>
</wxlog>
<wxlog>
  <threadId>#main</threadId>
  <timestamp>00:24:41:4161</timestamp>
  <msgtype>MsgMixture</msgtype>
  <content>string|string|bool
FirstBundleText slim - pngName,Soft.c1d63e75,false</content>
  <stackFrames>
[CALL STACK][0]: Method:WXTextureTools.Application.FirstBundle.FirstBundleHandler.slim; File:.0
[CALL STACK][1]: Method:WXTextureTools.Application.AppCmdExec.WXSlimFirstBundleExec.todo; File:.0
[CALL STACK][2]: Method:WXTextureTools.Application.App.process; File:.0
</stackFrames>
</wxlog>
<wxlog>
  <threadId>#main</threadId>
  <timestamp>00:24:41:4191</timestamp>
  <msgtype>MsgMixture</msgtype>
  <content>string|string
FirstBundleText slim - 1,Soft</content>
  <stackFrames>
[CALL STACK][0]: Method:WXTextureTools.Application.FirstBundle.FirstBundleHandler.slim; File:.0
[CALL STACK][1]: Method:WXTextureTools.Application.AppCmdExec.WXSlimFirstBundleExec.todo; File:.0
[CALL STACK][2]: Method:WXTextureTools.Application.App.process; File:.0
</stackFrames>
</wxlog>
<wxlog>
  <threadId>#main</threadId>
  <timestamp>00:24:41:4196</timestamp>
  <msgtype>MsgMixture</msgtype>
  <content>string|string|bool
FirstBundleText slim - pngName,Font Texture.8f00b204,false</content>
  <stackFrames>
[CALL STACK][0]: Method:WXTextureTools.Application.FirstBundle.FirstBundleHandler.slim; File:.0
[CALL STACK][1]: Method:WXTextureTools.Application.AppCmdExec.WXSlimFirstBundleExec.todo; File:.0
[CALL STACK][2]: Method:WXTextureTools.Application.App.process; File:.0
</stackFrames>
</wxlog>
<wxlog>
  <threadId>#main</threadId>
  <timestamp>00:24:41:4201</timestamp>
  <msgtype>MsgMixture</msgtype>
  <content>string|string|bool
FirstBundleText slim - pngName,UnityWatermark-small.d7411008,false</content>
  <stackFrames>
[CALL STACK][0]: Method:WXTextureTools.Application.FirstBundle.FirstBundleHandler.slim; File:.0
[CALL STACK][1]: Method:WXTextureTools.Application.AppCmdExec.WXSlimFirstBundleExec.todo; File:.0
[CALL STACK][2]: Method:WXTextureTools.Application.App.process; File:.0
</stackFrames>
</wxlog>
<wxlog>
  <threadId>#main</threadId>
  <timestamp>00:24:41:4201</timestamp>
  <msgtype>MsgMixture</msgtype>
  <content>string|string
FirstBundleText slim - 1,UnityWatermark-small</content>
  <stackFrames>
[CALL STACK][0]: Method:WXTextureTools.Application.FirstBundle.FirstBundleHandler.slim; File:.0
[CALL STACK][1]: Method:WXTextureTools.Application.AppCmdExec.WXSlimFirstBundleExec.todo; File:.0
[CALL STACK][2]: Method:WXTextureTools.Application.App.process; File:.0
</stackFrames>
</wxlog>
<wxlog>
  <threadId>#main</threadId>
  <timestamp>00:24:41:4206</timestamp>
  <msgtype>MsgMixture</msgtype>
  <content>string|string|bool
FirstBundleText slim - pngName,EscToExit_back.21b1540e,false</content>
  <stackFrames>
[CALL STACK][0]: Method:WXTextureTools.Application.FirstBundle.FirstBundleHandler.slim; File:.0
[CALL STACK][1]: Method:WXTextureTools.Application.AppCmdExec.WXSlimFirstBundleExec.todo; File:.0
[CALL STACK][2]: Method:WXTextureTools.Application.App.process; File:.0
</stackFrames>
</wxlog>
<wxlog>
  <threadId>#main</threadId>
  <timestamp>00:24:41:4206</timestamp>
  <msgtype>MsgMixture</msgtype>
  <content>string|string
FirstBundleText slim - 1,EscToExit_back</content>
  <stackFrames>
[CALL STACK][0]: Method:WXTextureTools.Application.FirstBundle.FirstBundleHandler.slim; File:.0
[CALL STACK][1]: Method:WXTextureTools.Application.AppCmdExec.WXSlimFirstBundleExec.todo; File:.0
[CALL STACK][2]: Method:WXTextureTools.Application.App.process; File:.0
</stackFrames>
</wxlog>
<wxlog>
  <threadId>#main</threadId>
  <timestamp>00:24:41:4206</timestamp>
  <msgtype>MsgMixture</msgtype>
  <content>string|string|bool
FirstBundleText slim - pngName,EscToExit_Text.2e1ee8b4,false</content>
  <stackFrames>
[CALL STACK][0]: Method:WXTextureTools.Application.FirstBundle.FirstBundleHandler.slim; File:.0
[CALL STACK][1]: Method:WXTextureTools.Application.AppCmdExec.WXSlimFirstBundleExec.todo; File:.0
[CALL STACK][2]: Method:WXTextureTools.Application.App.process; File:.0
</stackFrames>
</wxlog>
<wxlog>
  <threadId>#main</threadId>
  <timestamp>00:24:41:4211</timestamp>
  <msgtype>MsgMixture</msgtype>
  <content>string|string
FirstBundleText slim - 1,EscToExit_Text</content>
  <stackFrames>
[CALL STACK][0]: Method:WXTextureTools.Application.FirstBundle.FirstBundleHandler.slim; File:.0
[CALL STACK][1]: Method:WXTextureTools.Application.AppCmdExec.WXSlimFirstBundleExec.todo; File:.0
[CALL STACK][2]: Method:WXTextureTools.Application.App.process; File:.0
</stackFrames>
</wxlog>
<wxlog>
  <threadId>#main</threadId>
  <timestamp>00:24:41:4211</timestamp>
  <msgtype>MsgMixture</msgtype>
  <content>string|string|bool
FirstBundleText slim - pngName,UnityWatermark-trial-big.66f46ac8,false</content>
  <stackFrames>
[CALL STACK][0]: Method:WXTextureTools.Application.FirstBundle.FirstBundleHandler.slim; File:.0
[CALL STACK][1]: Method:WXTextureTools.Application.AppCmdExec.WXSlimFirstBundleExec.todo; File:.0
[CALL STACK][2]: Method:WXTextureTools.Application.App.process; File:.0
</stackFrames>
</wxlog>
<wxlog>
  <threadId>#main</threadId>
  <timestamp>00:24:41:4216</timestamp>
  <msgtype>MsgMixture</msgtype>
  <content>string|string
FirstBundleText slim - 1,UnityWatermark-trial-big</content>
  <stackFrames>
[CALL STACK][0]: Method:WXTextureTools.Application.FirstBundle.FirstBundleHandler.slim; File:.0
[CALL STACK][1]: Method:WXTextureTools.Application.AppCmdExec.WXSlimFirstBundleExec.todo; File:.0
[CALL STACK][2]: Method:WXTextureTools.Application.App.process; File:.0
</stackFrames>
</wxlog>
<wxlog>
  <threadId>#main</threadId>
  <timestamp>00:24:41:4216</timestamp>
  <msgtype>MsgMixture</msgtype>
  <content>string|string|bool
FirstBundleText slim - pngName,UnityWatermark-trial.60b4e34e,false</content>
  <stackFrames>
[CALL STACK][0]: Method:WXTextureTools.Application.FirstBundle.FirstBundleHandler.slim; File:.0
[CALL STACK][1]: Method:WXTextureTools.Application.AppCmdExec.WXSlimFirstBundleExec.todo; File:.0
[CALL STACK][2]: Method:WXTextureTools.Application.App.process; File:.0
</stackFrames>
</wxlog>
<wxlog>
  <threadId>#main</threadId>
  <timestamp>00:24:41:4216</timestamp>
  <msgtype>MsgMixture</msgtype>
  <content>string|string
FirstBundleText slim - 1,UnityWatermark-trial</content>
  <stackFrames>
[CALL STACK][0]: Method:WXTextureTools.Application.FirstBundle.FirstBundleHandler.slim; File:.0
[CALL STACK][1]: Method:WXTextureTools.Application.AppCmdExec.WXSlimFirstBundleExec.todo; File:.0
[CALL STACK][2]: Method:WXTextureTools.Application.App.process; File:.0
</stackFrames>
</wxlog>
<wxlog>
  <threadId>#main</threadId>
  <timestamp>00:24:41:4216</timestamp>
  <msgtype>MsgMixture</msgtype>
  <content>string|string|bool
FirstBundleText slim - pngName,UnityWatermark-beta.dd37c61b,false</content>
  <stackFrames>
[CALL STACK][0]: Method:WXTextureTools.Application.FirstBundle.FirstBundleHandler.slim; File:.0
[CALL STACK][1]: Method:WXTextureTools.Application.AppCmdExec.WXSlimFirstBundleExec.todo; File:.0
[CALL STACK][2]: Method:WXTextureTools.Application.App.process; File:.0
</stackFrames>
</wxlog>
<wxlog>
  <threadId>#main</threadId>
  <timestamp>00:24:41:4216</timestamp>
  <msgtype>MsgMixture</msgtype>
  <content>string|string
FirstBundleText slim - 1,UnityWatermark-beta</content>
  <stackFrames>
[CALL STACK][0]: Method:WXTextureTools.Application.FirstBundle.FirstBundleHandler.slim; File:.0
[CALL STACK][1]: Method:WXTextureTools.Application.AppCmdExec.WXSlimFirstBundleExec.todo; File:.0
[CALL STACK][2]: Method:WXTextureTools.Application.App.process; File:.0
</stackFrames>
</wxlog>
<wxlog>
  <threadId>#main</threadId>
  <timestamp>00:24:41:4216</timestamp>
  <msgtype>MsgMixture</msgtype>
  <content>string|string|bool
FirstBundleText slim - pngName,UnityWatermark-edu.a8c472ae,false</content>
  <stackFrames>
[CALL STACK][0]: Method:WXTextureTools.Application.FirstBundle.FirstBundleHandler.slim; File:.0
[CALL STACK][1]: Method:WXTextureTools.Application.AppCmdExec.WXSlimFirstBundleExec.todo; File:.0
[CALL STACK][2]: Method:WXTextureTools.Application.App.process; File:.0
</stackFrames>
</wxlog>
<wxlog>
  <threadId>#main</threadId>
  <timestamp>00:24:41:4216</timestamp>
  <msgtype>MsgMixture</msgtype>
  <content>string|string
FirstBundleText slim - 1,UnityWatermark-edu</content>
  <stackFrames>
[CALL STACK][0]: Method:WXTextureTools.Application.FirstBundle.FirstBundleHandler.slim; File:.0
[CALL STACK][1]: Method:WXTextureTools.Application.AppCmdExec.WXSlimFirstBundleExec.todo; File:.0
[CALL STACK][2]: Method:WXTextureTools.Application.App.process; File:.0
</stackFrames>
</wxlog>
<wxlog>
  <threadId>#main</threadId>
  <timestamp>00:24:41:4221</timestamp>
  <msgtype>MsgMixture</msgtype>
  <content>string|string|bool
FirstBundleText slim - pngName,UnityWatermark-dev.ae1fc174,false</content>
  <stackFrames>
[CALL STACK][0]: Method:WXTextureTools.Application.FirstBundle.FirstBundleHandler.slim; File:.0
[CALL STACK][1]: Method:WXTextureTools.Application.AppCmdExec.WXSlimFirstBundleExec.todo; File:.0
[CALL STACK][2]: Method:WXTextureTools.Application.App.process; File:.0
</stackFrames>
</wxlog>
<wxlog>
  <threadId>#main</threadId>
  <timestamp>00:24:41:4221</timestamp>
  <msgtype>MsgMixture</msgtype>
  <content>string|string
FirstBundleText slim - 1,UnityWatermark-dev</content>
  <stackFrames>
[CALL STACK][0]: Method:WXTextureTools.Application.FirstBundle.FirstBundleHandler.slim; File:.0
[CALL STACK][1]: Method:WXTextureTools.Application.AppCmdExec.WXSlimFirstBundleExec.todo; File:.0
[CALL STACK][2]: Method:WXTextureTools.Application.App.process; File:.0
</stackFrames>
</wxlog>
<wxlog>
  <threadId>#main</threadId>
  <timestamp>00:24:41:4221</timestamp>
  <msgtype>MsgMixture</msgtype>
  <content>string|string|bool
FirstBundleText slim - pngName,WarningSign.59b8d955,false</content>
  <stackFrames>
[CALL STACK][0]: Method:WXTextureTools.Application.FirstBundle.FirstBundleHandler.slim; File:.0
[CALL STACK][1]: Method:WXTextureTools.Application.AppCmdExec.WXSlimFirstBundleExec.todo; File:.0
[CALL STACK][2]: Method:WXTextureTools.Application.App.process; File:.0
</stackFrames>
</wxlog>
<wxlog>
  <threadId>#main</threadId>
  <timestamp>00:24:41:4221</timestamp>
  <msgtype>MsgMixture</msgtype>
  <content>string|string
FirstBundleText slim - 1,WarningSign</content>
  <stackFrames>
[CALL STACK][0]: Method:WXTextureTools.Application.FirstBundle.FirstBundleHandler.slim; File:.0
[CALL STACK][1]: Method:WXTextureTools.Application.AppCmdExec.WXSlimFirstBundleExec.todo; File:.0
[CALL STACK][2]: Method:WXTextureTools.Application.App.process; File:.0
</stackFrames>
</wxlog>
<wxlog>
  <threadId>#main</threadId>
  <timestamp>00:24:41:4221</timestamp>
  <msgtype>MsgMixture</msgtype>
  <content>string|string|bool
FirstBundleText slim - pngName,UnityWatermark-proto.5084375a,false</content>
  <stackFrames>
[CALL STACK][0]: Method:WXTextureTools.Application.FirstBundle.FirstBundleHandler.slim; File:.0
[CALL STACK][1]: Method:WXTextureTools.Application.AppCmdExec.WXSlimFirstBundleExec.todo; File:.0
[CALL STACK][2]: Method:WXTextureTools.Application.App.process; File:.0
</stackFrames>
</wxlog>
<wxlog>
  <threadId>#main</threadId>
  <timestamp>00:24:41:4221</timestamp>
  <msgtype>MsgMixture</msgtype>
  <content>string|string
FirstBundleText slim - 1,UnityWatermark-proto</content>
  <stackFrames>
[CALL STACK][0]: Method:WXTextureTools.Application.FirstBundle.FirstBundleHandler.slim; File:.0
[CALL STACK][1]: Method:WXTextureTools.Application.AppCmdExec.WXSlimFirstBundleExec.todo; File:.0
[CALL STACK][2]: Method:WXTextureTools.Application.App.process; File:.0
</stackFrames>
</wxlog>
<wxlog>
  <threadId>#main</threadId>
  <timestamp>00:24:41:4221</timestamp>
  <msgtype>MsgMixture</msgtype>
  <content>string|string|bool
FirstBundleText slim - pngName,UnityWatermarkPlugin-beta.52403834,false</content>
  <stackFrames>
[CALL STACK][0]: Method:WXTextureTools.Application.FirstBundle.FirstBundleHandler.slim; File:.0
[CALL STACK][1]: Method:WXTextureTools.Application.AppCmdExec.WXSlimFirstBundleExec.todo; File:.0
[CALL STACK][2]: Method:WXTextureTools.Application.App.process; File:.0
</stackFrames>
</wxlog>
<wxlog>
  <threadId>#main</threadId>
  <timestamp>00:24:41:4221</timestamp>
  <msgtype>MsgMixture</msgtype>
  <content>string|string
FirstBundleText slim - 1,UnityWatermarkPlugin-beta</content>
  <stackFrames>
[CALL STACK][0]: Method:WXTextureTools.Application.FirstBundle.FirstBundleHandler.slim; File:.0
[CALL STACK][1]: Method:WXTextureTools.Application.AppCmdExec.WXSlimFirstBundleExec.todo; File:.0
[CALL STACK][2]: Method:WXTextureTools.Application.App.process; File:.0
</stackFrames>
</wxlog>
<wxlog>
  <threadId>#main</threadId>
  <timestamp>00:24:41:4221</timestamp>
  <msgtype>MsgMixture</msgtype>
  <content>string|string|bool
FirstBundleText slim - pngName,box.643f5df8,false</content>
  <stackFrames>
[CALL STACK][0]: Method:WXTextureTools.Application.FirstBundle.FirstBundleHandler.slim; File:.0
[CALL STACK][1]: Method:WXTextureTools.Application.AppCmdExec.WXSlimFirstBundleExec.todo; File:.0
[CALL STACK][2]: Method:WXTextureTools.Application.App.process; File:.0
</stackFrames>
</wxlog>
<wxlog>
  <threadId>#main</threadId>
  <timestamp>00:24:41:4221</timestamp>
  <msgtype>MsgMixture</msgtype>
  <content>string|string
FirstBundleText slim - 1,box</content>
  <stackFrames>
[CALL STACK][0]: Method:WXTextureTools.Application.FirstBundle.FirstBundleHandler.slim; File:.0
[CALL STACK][1]: Method:WXTextureTools.Application.AppCmdExec.WXSlimFirstBundleExec.todo; File:.0
[CALL STACK][2]: Method:WXTextureTools.Application.App.process; File:.0
</stackFrames>
</wxlog>
<wxlog>
  <threadId>#main</threadId>
  <timestamp>00:24:41:4221</timestamp>
  <msgtype>MsgMixture</msgtype>
  <content>string|string|bool
FirstBundleText slim - pngName,button active.c15aedb7,false</content>
  <stackFrames>
[CALL STACK][0]: Method:WXTextureTools.Application.FirstBundle.FirstBundleHandler.slim; File:.0
[CALL STACK][1]: Method:WXTextureTools.Application.AppCmdExec.WXSlimFirstBundleExec.todo; File:.0
[CALL STACK][2]: Method:WXTextureTools.Application.App.process; File:.0
</stackFrames>
</wxlog>
<wxlog>
  <threadId>#main</threadId>
  <timestamp>00:24:41:4221</timestamp>
  <msgtype>MsgMixture</msgtype>
  <content>string|string
FirstBundleText slim - 1,button active</content>
  <stackFrames>
[CALL STACK][0]: Method:WXTextureTools.Application.FirstBundle.FirstBundleHandler.slim; File:.0
[CALL STACK][1]: Method:WXTextureTools.Application.AppCmdExec.WXSlimFirstBundleExec.todo; File:.0
[CALL STACK][2]: Method:WXTextureTools.Application.App.process; File:.0
</stackFrames>
</wxlog>
<wxlog>
  <threadId>#main</threadId>
  <timestamp>00:24:41:4221</timestamp>
  <msgtype>MsgMixture</msgtype>
  <content>string|string|bool
FirstBundleText slim - pngName,button hover.42efb15e,false</content>
  <stackFrames>
[CALL STACK][0]: Method:WXTextureTools.Application.FirstBundle.FirstBundleHandler.slim; File:.0
[CALL STACK][1]: Method:WXTextureTools.Application.AppCmdExec.WXSlimFirstBundleExec.todo; File:.0
[CALL STACK][2]: Method:WXTextureTools.Application.App.process; File:.0
</stackFrames>
</wxlog>
<wxlog>
  <threadId>#main</threadId>
  <timestamp>00:24:41:4221</timestamp>
  <msgtype>MsgMixture</msgtype>
  <content>string|string
FirstBundleText slim - 1,button hover</content>
  <stackFrames>
[CALL STACK][0]: Method:WXTextureTools.Application.FirstBundle.FirstBundleHandler.slim; File:.0
[CALL STACK][1]: Method:WXTextureTools.Application.AppCmdExec.WXSlimFirstBundleExec.todo; File:.0
[CALL STACK][2]: Method:WXTextureTools.Application.App.process; File:.0
</stackFrames>
</wxlog>
<wxlog>
  <threadId>#main</threadId>
  <timestamp>00:24:41:4226</timestamp>
  <msgtype>MsgMixture</msgtype>
  <content>string|string|bool
FirstBundleText slim - pngName,button on hover.2c40c4b8,false</content>
  <stackFrames>
[CALL STACK][0]: Method:WXTextureTools.Application.FirstBundle.FirstBundleHandler.slim; File:.0
[CALL STACK][1]: Method:WXTextureTools.Application.AppCmdExec.WXSlimFirstBundleExec.todo; File:.0
[CALL STACK][2]: Method:WXTextureTools.Application.App.process; File:.0
</stackFrames>
</wxlog>
<wxlog>
  <threadId>#main</threadId>
  <timestamp>00:24:41:4226</timestamp>
  <msgtype>MsgMixture</msgtype>
  <content>string|string
FirstBundleText slim - 1,button on hover</content>
  <stackFrames>
[CALL STACK][0]: Method:WXTextureTools.Application.FirstBundle.FirstBundleHandler.slim; File:.0
[CALL STACK][1]: Method:WXTextureTools.Application.AppCmdExec.WXSlimFirstBundleExec.todo; File:.0
[CALL STACK][2]: Method:WXTextureTools.Application.App.process; File:.0
</stackFrames>
</wxlog>
<wxlog>
  <threadId>#main</threadId>
  <timestamp>00:24:41:4226</timestamp>
  <msgtype>MsgMixture</msgtype>
  <content>string|string|bool
FirstBundleText slim - pngName,button on.7ff0e5a1,false</content>
  <stackFrames>
[CALL STACK][0]: Method:WXTextureTools.Application.FirstBundle.FirstBundleHandler.slim; File:.0
[CALL STACK][1]: Method:WXTextureTools.Application.AppCmdExec.WXSlimFirstBundleExec.todo; File:.0
[CALL STACK][2]: Method:WXTextureTools.Application.App.process; File:.0
</stackFrames>
</wxlog>
<wxlog>
  <threadId>#main</threadId>
  <timestamp>00:24:41:4226</timestamp>
  <msgtype>MsgMixture</msgtype>
  <content>string|string
FirstBundleText slim - 1,button on</content>
  <stackFrames>
[CALL STACK][0]: Method:WXTextureTools.Application.FirstBundle.FirstBundleHandler.slim; File:.0
[CALL STACK][1]: Method:WXTextureTools.Application.AppCmdExec.WXSlimFirstBundleExec.todo; File:.0
[CALL STACK][2]: Method:WXTextureTools.Application.App.process; File:.0
</stackFrames>
</wxlog>
<wxlog>
  <threadId>#main</threadId>
  <timestamp>00:24:41:4226</timestamp>
  <msgtype>MsgMixture</msgtype>
  <content>string|string|bool
FirstBundleText slim - pngName,button.bdec6b82,false</content>
  <stackFrames>
[CALL STACK][0]: Method:WXTextureTools.Application.FirstBundle.FirstBundleHandler.slim; File:.0
[CALL STACK][1]: Method:WXTextureTools.Application.AppCmdExec.WXSlimFirstBundleExec.todo; File:.0
[CALL STACK][2]: Method:WXTextureTools.Application.App.process; File:.0
</stackFrames>
</wxlog>
<wxlog>
  <threadId>#main</threadId>
  <timestamp>00:24:41:4226</timestamp>
  <msgtype>MsgMixture</msgtype>
  <content>string|string
FirstBundleText slim - 1,button</content>
  <stackFrames>
[CALL STACK][0]: Method:WXTextureTools.Application.FirstBundle.FirstBundleHandler.slim; File:.0
[CALL STACK][1]: Method:WXTextureTools.Application.AppCmdExec.WXSlimFirstBundleExec.todo; File:.0
[CALL STACK][2]: Method:WXTextureTools.Application.App.process; File:.0
</stackFrames>
</wxlog>
<wxlog>
  <threadId>#main</threadId>
  <timestamp>00:24:41:4226</timestamp>
  <msgtype>MsgMixture</msgtype>
  <content>string|string|bool
FirstBundleText slim - pngName,horizontal scrollbar thumb.4137b46d,false</content>
  <stackFrames>
[CALL STACK][0]: Method:WXTextureTools.Application.FirstBundle.FirstBundleHandler.slim; File:.0
[CALL STACK][1]: Method:WXTextureTools.Application.AppCmdExec.WXSlimFirstBundleExec.todo; File:.0
[CALL STACK][2]: Method:WXTextureTools.Application.App.process; File:.0
</stackFrames>
</wxlog>
<wxlog>
  <threadId>#main</threadId>
  <timestamp>00:24:41:4226</timestamp>
  <msgtype>MsgMixture</msgtype>
  <content>string|string
FirstBundleText slim - 1,horizontal scrollbar thumb</content>
  <stackFrames>
[CALL STACK][0]: Method:WXTextureTools.Application.FirstBundle.FirstBundleHandler.slim; File:.0
[CALL STACK][1]: Method:WXTextureTools.Application.AppCmdExec.WXSlimFirstBundleExec.todo; File:.0
[CALL STACK][2]: Method:WXTextureTools.Application.App.process; File:.0
</stackFrames>
</wxlog>
<wxlog>
  <threadId>#main</threadId>
  <timestamp>00:24:41:4226</timestamp>
  <msgtype>MsgMixture</msgtype>
  <content>string|string|bool
FirstBundleText slim - pngName,horizontal scrollbar.0ac38291,false</content>
  <stackFrames>
[CALL STACK][0]: Method:WXTextureTools.Application.FirstBundle.FirstBundleHandler.slim; File:.0
[CALL STACK][1]: Method:WXTextureTools.Application.AppCmdExec.WXSlimFirstBundleExec.todo; File:.0
[CALL STACK][2]: Method:WXTextureTools.Application.App.process; File:.0
</stackFrames>
</wxlog>
<wxlog>
  <threadId>#main</threadId>
  <timestamp>00:24:41:4226</timestamp>
  <msgtype>MsgMixture</msgtype>
  <content>string|string
FirstBundleText slim - 1,horizontal scrollbar</content>
  <stackFrames>
[CALL STACK][0]: Method:WXTextureTools.Application.FirstBundle.FirstBundleHandler.slim; File:.0
[CALL STACK][1]: Method:WXTextureTools.Application.AppCmdExec.WXSlimFirstBundleExec.todo; File:.0
[CALL STACK][2]: Method:WXTextureTools.Application.App.process; File:.0
</stackFrames>
</wxlog>
<wxlog>
  <threadId>#main</threadId>
  <timestamp>00:24:41:4226</timestamp>
  <msgtype>MsgMixture</msgtype>
  <content>string|string|bool
FirstBundleText slim - pngName,horizontalslider.722f02b2,false</content>
  <stackFrames>
[CALL STACK][0]: Method:WXTextureTools.Application.FirstBundle.FirstBundleHandler.slim; File:.0
[CALL STACK][1]: Method:WXTextureTools.Application.AppCmdExec.WXSlimFirstBundleExec.todo; File:.0
[CALL STACK][2]: Method:WXTextureTools.Application.App.process; File:.0
</stackFrames>
</wxlog>
<wxlog>
  <threadId>#main</threadId>
  <timestamp>00:24:41:4226</timestamp>
  <msgtype>MsgMixture</msgtype>
  <content>string|string
FirstBundleText slim - 1,horizontalslider</content>
  <stackFrames>
[CALL STACK][0]: Method:WXTextureTools.Application.FirstBundle.FirstBundleHandler.slim; File:.0
[CALL STACK][1]: Method:WXTextureTools.Application.AppCmdExec.WXSlimFirstBundleExec.todo; File:.0
[CALL STACK][2]: Method:WXTextureTools.Application.App.process; File:.0
</stackFrames>
</wxlog>
<wxlog>
  <threadId>#main</threadId>
  <timestamp>00:24:41:4226</timestamp>
  <msgtype>MsgMixture</msgtype>
  <content>string|string|bool
FirstBundleText slim - pngName,slider thumb active.168a62a9,false</content>
  <stackFrames>
[CALL STACK][0]: Method:WXTextureTools.Application.FirstBundle.FirstBundleHandler.slim; File:.0
[CALL STACK][1]: Method:WXTextureTools.Application.AppCmdExec.WXSlimFirstBundleExec.todo; File:.0
[CALL STACK][2]: Method:WXTextureTools.Application.App.process; File:.0
</stackFrames>
</wxlog>
<wxlog>
  <threadId>#main</threadId>
  <timestamp>00:24:41:4226</timestamp>
  <msgtype>MsgMixture</msgtype>
  <content>string|string
FirstBundleText slim - 1,slider thumb active</content>
  <stackFrames>
[CALL STACK][0]: Method:WXTextureTools.Application.FirstBundle.FirstBundleHandler.slim; File:.0
[CALL STACK][1]: Method:WXTextureTools.Application.AppCmdExec.WXSlimFirstBundleExec.todo; File:.0
[CALL STACK][2]: Method:WXTextureTools.Application.App.process; File:.0
</stackFrames>
</wxlog>
<wxlog>
  <threadId>#main</threadId>
  <timestamp>00:24:41:4226</timestamp>
  <msgtype>MsgMixture</msgtype>
  <content>string|string|bool
FirstBundleText slim - pngName,slider thumb.a7acef71,false</content>
  <stackFrames>
[CALL STACK][0]: Method:WXTextureTools.Application.FirstBundle.FirstBundleHandler.slim; File:.0
[CALL STACK][1]: Method:WXTextureTools.Application.AppCmdExec.WXSlimFirstBundleExec.todo; File:.0
[CALL STACK][2]: Method:WXTextureTools.Application.App.process; File:.0
</stackFrames>
</wxlog>
<wxlog>
  <threadId>#main</threadId>
  <timestamp>00:24:41:4226</timestamp>
  <msgtype>MsgMixture</msgtype>
  <content>string|string
FirstBundleText slim - 1,slider thumb</content>
  <stackFrames>
[CALL STACK][0]: Method:WXTextureTools.Application.FirstBundle.FirstBundleHandler.slim; File:.0
[CALL STACK][1]: Method:WXTextureTools.Application.AppCmdExec.WXSlimFirstBundleExec.todo; File:.0
[CALL STACK][2]: Method:WXTextureTools.Application.App.process; File:.0
</stackFrames>
</wxlog>
<wxlog>
  <threadId>#main</threadId>
  <timestamp>00:24:41:4226</timestamp>
  <msgtype>MsgMixture</msgtype>
  <content>string|string|bool
FirstBundleText slim - pngName,slidert humb hover.0c248117,false</content>
  <stackFrames>
[CALL STACK][0]: Method:WXTextureTools.Application.FirstBundle.FirstBundleHandler.slim; File:.0
[CALL STACK][1]: Method:WXTextureTools.Application.AppCmdExec.WXSlimFirstBundleExec.todo; File:.0
[CALL STACK][2]: Method:WXTextureTools.Application.App.process; File:.0
</stackFrames>
</wxlog>
<wxlog>
  <threadId>#main</threadId>
  <timestamp>00:24:41:4226</timestamp>
  <msgtype>MsgMixture</msgtype>
  <content>string|string
FirstBundleText slim - 1,slidert humb hover</content>
  <stackFrames>
[CALL STACK][0]: Method:WXTextureTools.Application.FirstBundle.FirstBundleHandler.slim; File:.0
[CALL STACK][1]: Method:WXTextureTools.Application.AppCmdExec.WXSlimFirstBundleExec.todo; File:.0
[CALL STACK][2]: Method:WXTextureTools.Application.App.process; File:.0
</stackFrames>
</wxlog>
<wxlog>
  <threadId>#main</threadId>
  <timestamp>00:24:41:4226</timestamp>
  <msgtype>MsgMixture</msgtype>
  <content>string|string|bool
FirstBundleText slim - pngName,toggle active.e32a2ca9,false</content>
  <stackFrames>
[CALL STACK][0]: Method:WXTextureTools.Application.FirstBundle.FirstBundleHandler.slim; File:.0
[CALL STACK][1]: Method:WXTextureTools.Application.AppCmdExec.WXSlimFirstBundleExec.todo; File:.0
[CALL STACK][2]: Method:WXTextureTools.Application.App.process; File:.0
</stackFrames>
</wxlog>
<wxlog>
  <threadId>#main</threadId>
  <timestamp>00:24:41:4226</timestamp>
  <msgtype>MsgMixture</msgtype>
  <content>string|string
FirstBundleText slim - 1,toggle active</content>
  <stackFrames>
[CALL STACK][0]: Method:WXTextureTools.Application.FirstBundle.FirstBundleHandler.slim; File:.0
[CALL STACK][1]: Method:WXTextureTools.Application.AppCmdExec.WXSlimFirstBundleExec.todo; File:.0
[CALL STACK][2]: Method:WXTextureTools.Application.App.process; File:.0
</stackFrames>
</wxlog>
<wxlog>
  <threadId>#main</threadId>
  <timestamp>00:24:41:4226</timestamp>
  <msgtype>MsgMixture</msgtype>
  <content>string|string|bool
FirstBundleText slim - pngName,toggle hover.614620f6,false</content>
  <stackFrames>
[CALL STACK][0]: Method:WXTextureTools.Application.FirstBundle.FirstBundleHandler.slim; File:.0
[CALL STACK][1]: Method:WXTextureTools.Application.AppCmdExec.WXSlimFirstBundleExec.todo; File:.0
[CALL STACK][2]: Method:WXTextureTools.Application.App.process; File:.0
</stackFrames>
</wxlog>
<wxlog>
  <threadId>#main</threadId>
  <timestamp>00:24:41:4226</timestamp>
  <msgtype>MsgMixture</msgtype>
  <content>string|string
FirstBundleText slim - 1,toggle hover</content>
  <stackFrames>
[CALL STACK][0]: Method:WXTextureTools.Application.FirstBundle.FirstBundleHandler.slim; File:.0
[CALL STACK][1]: Method:WXTextureTools.Application.AppCmdExec.WXSlimFirstBundleExec.todo; File:.0
[CALL STACK][2]: Method:WXTextureTools.Application.App.process; File:.0
</stackFrames>
</wxlog>
<wxlog>
  <threadId>#main</threadId>
  <timestamp>00:24:41:4226</timestamp>
  <msgtype>MsgMixture</msgtype>
  <content>string|string|bool
FirstBundleText slim - pngName,toggle on hover.528d6b34,false</content>
  <stackFrames>
[CALL STACK][0]: Method:WXTextureTools.Application.FirstBundle.FirstBundleHandler.slim; File:.0
[CALL STACK][1]: Method:WXTextureTools.Application.AppCmdExec.WXSlimFirstBundleExec.todo; File:.0
[CALL STACK][2]: Method:WXTextureTools.Application.App.process; File:.0
</stackFrames>
</wxlog>
<wxlog>
  <threadId>#main</threadId>
  <timestamp>00:24:41:4226</timestamp>
  <msgtype>MsgMixture</msgtype>
  <content>string|string
FirstBundleText slim - 1,toggle on hover</content>
  <stackFrames>
[CALL STACK][0]: Method:WXTextureTools.Application.FirstBundle.FirstBundleHandler.slim; File:.0
[CALL STACK][1]: Method:WXTextureTools.Application.AppCmdExec.WXSlimFirstBundleExec.todo; File:.0
[CALL STACK][2]: Method:WXTextureTools.Application.App.process; File:.0
</stackFrames>
</wxlog>
<wxlog>
  <threadId>#main</threadId>
  <timestamp>00:24:41:4226</timestamp>
  <msgtype>MsgMixture</msgtype>
  <content>string|string|bool
FirstBundleText slim - pngName,toggle on.1f99750a,false</content>
  <stackFrames>
[CALL STACK][0]: Method:WXTextureTools.Application.FirstBundle.FirstBundleHandler.slim; File:.0
[CALL STACK][1]: Method:WXTextureTools.Application.AppCmdExec.WXSlimFirstBundleExec.todo; File:.0
[CALL STACK][2]: Method:WXTextureTools.Application.App.process; File:.0
</stackFrames>
</wxlog>
<wxlog>
  <threadId>#main</threadId>
  <timestamp>00:24:41:4226</timestamp>
  <msgtype>MsgMixture</msgtype>
  <content>string|string
FirstBundleText slim - 1,toggle on</content>
  <stackFrames>
[CALL STACK][0]: Method:WXTextureTools.Application.FirstBundle.FirstBundleHandler.slim; File:.0
[CALL STACK][1]: Method:WXTextureTools.Application.AppCmdExec.WXSlimFirstBundleExec.todo; File:.0
[CALL STACK][2]: Method:WXTextureTools.Application.App.process; File:.0
</stackFrames>
</wxlog>
<wxlog>
  <threadId>#main</threadId>
  <timestamp>00:24:41:4226</timestamp>
  <msgtype>MsgMixture</msgtype>
  <content>string|string|bool
FirstBundleText slim - pngName,toggle on active.9d52caeb,false</content>
  <stackFrames>
[CALL STACK][0]: Method:WXTextureTools.Application.FirstBundle.FirstBundleHandler.slim; File:.0
[CALL STACK][1]: Method:WXTextureTools.Application.AppCmdExec.WXSlimFirstBundleExec.todo; File:.0
[CALL STACK][2]: Method:WXTextureTools.Application.App.process; File:.0
</stackFrames>
</wxlog>
<wxlog>
  <threadId>#main</threadId>
  <timestamp>00:24:41:4226</timestamp>
  <msgtype>MsgMixture</msgtype>
  <content>string|string
FirstBundleText slim - 1,toggle on active</content>
  <stackFrames>
[CALL STACK][0]: Method:WXTextureTools.Application.FirstBundle.FirstBundleHandler.slim; File:.0
[CALL STACK][1]: Method:WXTextureTools.Application.AppCmdExec.WXSlimFirstBundleExec.todo; File:.0
[CALL STACK][2]: Method:WXTextureTools.Application.App.process; File:.0
</stackFrames>
</wxlog>
<wxlog>
  <threadId>#main</threadId>
  <timestamp>00:24:41:4226</timestamp>
  <msgtype>MsgMixture</msgtype>
  <content>string|string|bool
FirstBundleText slim - pngName,toggle.6eafbcb0,false</content>
  <stackFrames>
[CALL STACK][0]: Method:WXTextureTools.Application.FirstBundle.FirstBundleHandler.slim; File:.0
[CALL STACK][1]: Method:WXTextureTools.Application.AppCmdExec.WXSlimFirstBundleExec.todo; File:.0
[CALL STACK][2]: Method:WXTextureTools.Application.App.process; File:.0
</stackFrames>
</wxlog>
<wxlog>
  <threadId>#main</threadId>
  <timestamp>00:24:41:4226</timestamp>
  <msgtype>MsgMixture</msgtype>
  <content>string|string
FirstBundleText slim - 1,toggle</content>
  <stackFrames>
[CALL STACK][0]: Method:WXTextureTools.Application.FirstBundle.FirstBundleHandler.slim; File:.0
[CALL STACK][1]: Method:WXTextureTools.Application.AppCmdExec.WXSlimFirstBundleExec.todo; File:.0
[CALL STACK][2]: Method:WXTextureTools.Application.App.process; File:.0
</stackFrames>
</wxlog>
<wxlog>
  <threadId>#main</threadId>
  <timestamp>00:24:41:4226</timestamp>
  <msgtype>MsgMixture</msgtype>
  <content>string|string|bool
FirstBundleText slim - pngName,vertical scrollbar thumb.7ba97313,false</content>
  <stackFrames>
[CALL STACK][0]: Method:WXTextureTools.Application.FirstBundle.FirstBundleHandler.slim; File:.0
[CALL STACK][1]: Method:WXTextureTools.Application.AppCmdExec.WXSlimFirstBundleExec.todo; File:.0
[CALL STACK][2]: Method:WXTextureTools.Application.App.process; File:.0
</stackFrames>
</wxlog>
<wxlog>
  <threadId>#main</threadId>
  <timestamp>00:24:41:4226</timestamp>
  <msgtype>MsgMixture</msgtype>
  <content>string|string
FirstBundleText slim - 1,vertical scrollbar thumb</content>
  <stackFrames>
[CALL STACK][0]: Method:WXTextureTools.Application.FirstBundle.FirstBundleHandler.slim; File:.0
[CALL STACK][1]: Method:WXTextureTools.Application.AppCmdExec.WXSlimFirstBundleExec.todo; File:.0
[CALL STACK][2]: Method:WXTextureTools.Application.App.process; File:.0
</stackFrames>
</wxlog>
<wxlog>
  <threadId>#main</threadId>
  <timestamp>00:24:41:4226</timestamp>
  <msgtype>MsgMixture</msgtype>
  <content>string|string|bool
FirstBundleText slim - pngName,vertical scrollbar.d38290f1,false</content>
  <stackFrames>
[CALL STACK][0]: Method:WXTextureTools.Application.FirstBundle.FirstBundleHandler.slim; File:.0
[CALL STACK][1]: Method:WXTextureTools.Application.AppCmdExec.WXSlimFirstBundleExec.todo; File:.0
[CALL STACK][2]: Method:WXTextureTools.Application.App.process; File:.0
</stackFrames>
</wxlog>
<wxlog>
  <threadId>#main</threadId>
  <timestamp>00:24:41:4226</timestamp>
  <msgtype>MsgMixture</msgtype>
  <content>string|string
FirstBundleText slim - 1,vertical scrollbar</content>
  <stackFrames>
[CALL STACK][0]: Method:WXTextureTools.Application.FirstBundle.FirstBundleHandler.slim; File:.0
[CALL STACK][1]: Method:WXTextureTools.Application.AppCmdExec.WXSlimFirstBundleExec.todo; File:.0
[CALL STACK][2]: Method:WXTextureTools.Application.App.process; File:.0
</stackFrames>
</wxlog>
<wxlog>
  <threadId>#main</threadId>
  <timestamp>00:24:41:4226</timestamp>
  <msgtype>MsgMixture</msgtype>
  <content>string|string|bool
FirstBundleText slim - pngName,verticalslider.58266f5f,false</content>
  <stackFrames>
[CALL STACK][0]: Method:WXTextureTools.Application.FirstBundle.FirstBundleHandler.slim; File:.0
[CALL STACK][1]: Method:WXTextureTools.Application.AppCmdExec.WXSlimFirstBundleExec.todo; File:.0
[CALL STACK][2]: Method:WXTextureTools.Application.App.process; File:.0
</stackFrames>
</wxlog>
<wxlog>
  <threadId>#main</threadId>
  <timestamp>00:24:41:4266</timestamp>
  <msgtype>MsgMixture</msgtype>
  <content>string|string
FirstBundleText slim - 1,verticalslider</content>
  <stackFrames>
[CALL STACK][0]: Method:WXTextureTools.Application.FirstBundle.FirstBundleHandler.slim; File:.0
[CALL STACK][1]: Method:WXTextureTools.Application.AppCmdExec.WXSlimFirstBundleExec.todo; File:.0
[CALL STACK][2]: Method:WXTextureTools.Application.App.process; File:.0
</stackFrames>
</wxlog>
<wxlog>
  <threadId>#main</threadId>
  <timestamp>00:24:41:4266</timestamp>
  <msgtype>MsgMixture</msgtype>
  <content>string|string|bool
FirstBundleText slim - pngName,window on.38a76040,false</content>
  <stackFrames>
[CALL STACK][0]: Method:WXTextureTools.Application.FirstBundle.FirstBundleHandler.slim; File:.0
[CALL STACK][1]: Method:WXTextureTools.Application.AppCmdExec.WXSlimFirstBundleExec.todo; File:.0
[CALL STACK][2]: Method:WXTextureTools.Application.App.process; File:.0
</stackFrames>
</wxlog>
<wxlog>
  <threadId>#main</threadId>
  <timestamp>00:24:41:4266</timestamp>
  <msgtype>MsgMixture</msgtype>
  <content>string|string
FirstBundleText slim - 1,window on</content>
  <stackFrames>
[CALL STACK][0]: Method:WXTextureTools.Application.FirstBundle.FirstBundleHandler.slim; File:.0
[CALL STACK][1]: Method:WXTextureTools.Application.AppCmdExec.WXSlimFirstBundleExec.todo; File:.0
[CALL STACK][2]: Method:WXTextureTools.Application.App.process; File:.0
</stackFrames>
</wxlog>
<wxlog>
  <threadId>#main</threadId>
  <timestamp>00:24:41:4266</timestamp>
  <msgtype>MsgMixture</msgtype>
  <content>string|string|bool
FirstBundleText slim - pngName,window.a62d1258,false</content>
  <stackFrames>
[CALL STACK][0]: Method:WXTextureTools.Application.FirstBundle.FirstBundleHandler.slim; File:.0
[CALL STACK][1]: Method:WXTextureTools.Application.AppCmdExec.WXSlimFirstBundleExec.todo; File:.0
[CALL STACK][2]: Method:WXTextureTools.Application.App.process; File:.0
</stackFrames>
</wxlog>
<wxlog>
  <threadId>#main</threadId>
  <timestamp>00:24:41:4266</timestamp>
  <msgtype>MsgMixture</msgtype>
  <content>string|string
FirstBundleText slim - 1,window</content>
  <stackFrames>
[CALL STACK][0]: Method:WXTextureTools.Application.FirstBundle.FirstBundleHandler.slim; File:.0
[CALL STACK][1]: Method:WXTextureTools.Application.AppCmdExec.WXSlimFirstBundleExec.todo; File:.0
[CALL STACK][2]: Method:WXTextureTools.Application.App.process; File:.0
</stackFrames>
</wxlog>
<wxlog>
  <threadId>#main</threadId>
  <timestamp>00:24:41:4266</timestamp>
  <msgtype>MsgMixture</msgtype>
  <content>string|string|bool
FirstBundleText slim - pngName,textfield.a75d69ec,false</content>
  <stackFrames>
[CALL STACK][0]: Method:WXTextureTools.Application.FirstBundle.FirstBundleHandler.slim; File:.0
[CALL STACK][1]: Method:WXTextureTools.Application.AppCmdExec.WXSlimFirstBundleExec.todo; File:.0
[CALL STACK][2]: Method:WXTextureTools.Application.App.process; File:.0
</stackFrames>
</wxlog>
<wxlog>
  <threadId>#main</threadId>
  <timestamp>00:24:41:4266</timestamp>
  <msgtype>MsgMixture</msgtype>
  <content>string|string
FirstBundleText slim - 1,textfield</content>
  <stackFrames>
[CALL STACK][0]: Method:WXTextureTools.Application.FirstBundle.FirstBundleHandler.slim; File:.0
[CALL STACK][1]: Method:WXTextureTools.Application.AppCmdExec.WXSlimFirstBundleExec.todo; File:.0
[CALL STACK][2]: Method:WXTextureTools.Application.App.process; File:.0
</stackFrames>
</wxlog>
<wxlog>
  <threadId>#main</threadId>
  <timestamp>00:24:41:4266</timestamp>
  <msgtype>MsgMixture</msgtype>
  <content>string|string|bool
FirstBundleText slim - pngName,textfield on.f2c2fb5c,false</content>
  <stackFrames>
[CALL STACK][0]: Method:WXTextureTools.Application.FirstBundle.FirstBundleHandler.slim; File:.0
[CALL STACK][1]: Method:WXTextureTools.Application.AppCmdExec.WXSlimFirstBundleExec.todo; File:.0
[CALL STACK][2]: Method:WXTextureTools.Application.App.process; File:.0
</stackFrames>
</wxlog>
<wxlog>
  <threadId>#main</threadId>
  <timestamp>00:24:41:4266</timestamp>
  <msgtype>MsgMixture</msgtype>
  <content>string|string
FirstBundleText slim - 1,textfield on</content>
  <stackFrames>
[CALL STACK][0]: Method:WXTextureTools.Application.FirstBundle.FirstBundleHandler.slim; File:.0
[CALL STACK][1]: Method:WXTextureTools.Application.AppCmdExec.WXSlimFirstBundleExec.todo; File:.0
[CALL STACK][2]: Method:WXTextureTools.Application.App.process; File:.0
</stackFrames>
</wxlog>
<wxlog>
  <threadId>#main</threadId>
  <timestamp>00:24:41:4266</timestamp>
  <msgtype>MsgMixture</msgtype>
  <content>string|string|bool
FirstBundleText slim - pngName,textfield hover.8c7ae9d8,false</content>
  <stackFrames>
[CALL STACK][0]: Method:WXTextureTools.Application.FirstBundle.FirstBundleHandler.slim; File:.0
[CALL STACK][1]: Method:WXTextureTools.Application.AppCmdExec.WXSlimFirstBundleExec.todo; File:.0
[CALL STACK][2]: Method:WXTextureTools.Application.App.process; File:.0
</stackFrames>
</wxlog>
<wxlog>
  <threadId>#main</threadId>
  <timestamp>00:24:41:4266</timestamp>
  <msgtype>MsgMixture</msgtype>
  <content>string|string
FirstBundleText slim - 1,textfield hover</content>
  <stackFrames>
[CALL STACK][0]: Method:WXTextureTools.Application.FirstBundle.FirstBundleHandler.slim; File:.0
[CALL STACK][1]: Method:WXTextureTools.Application.AppCmdExec.WXSlimFirstBundleExec.todo; File:.0
[CALL STACK][2]: Method:WXTextureTools.Application.App.process; File:.0
</stackFrames>
</wxlog>
<wxlog>
  <threadId>#main</threadId>
  <timestamp>00:24:41:4276</timestamp>
  <msgtype>MsgMixture</msgtype>
  <content>string|string|bool
FirstBundleText slim - pngName,UnitySplash-HolographicTrackingLoss.cbf38e69,false</content>
  <stackFrames>
[CALL STACK][0]: Method:WXTextureTools.Application.FirstBundle.FirstBundleHandler.slim; File:.0
[CALL STACK][1]: Method:WXTextureTools.Application.AppCmdExec.WXSlimFirstBundleExec.todo; File:.0
[CALL STACK][2]: Method:WXTextureTools.Application.App.process; File:.0
</stackFrames>
</wxlog>
<wxlog>
  <threadId>#main</threadId>
  <timestamp>00:24:41:4276</timestamp>
  <msgtype>MsgMixture</msgtype>
  <content>string|string
FirstBundleText slim - 1,UnitySplash-HolographicTrackingLoss</content>
  <stackFrames>
[CALL STACK][0]: Method:WXTextureTools.Application.FirstBundle.FirstBundleHandler.slim; File:.0
[CALL STACK][1]: Method:WXTextureTools.Application.AppCmdExec.WXSlimFirstBundleExec.todo; File:.0
[CALL STACK][2]: Method:WXTextureTools.Application.App.process; File:.0
</stackFrames>
</wxlog>
<wxlog>
  <threadId>#main</threadId>
  <timestamp>00:24:41:4837</timestamp>
  <msgtype>MsgMixture</msgtype>
  <content>string|string|bool
AssetBundleText slim - pngName,Splash Screen Unity Logo.05ef6840,false</content>
  <stackFrames>
[CALL STACK][0]: Method:WXTextureTools.Application.FirstBundle.FirstBundleHandler.slim; File:.0
[CALL STACK][1]: Method:WXTextureTools.Application.AppCmdExec.WXSlimFirstBundleExec.todo; File:.0
[CALL STACK][2]: Method:WXTextureTools.Application.App.process; File:.0
</stackFrames>
</wxlog>
<wxlog>
  <threadId>#main</threadId>
  <timestamp>00:24:41:4877</timestamp>
  <msgtype>MsgMixture</msgtype>
  <content>string|string
AssetBundleText slim - 1,Splash Screen Unity Logo</content>
  <stackFrames>
[CALL STACK][0]: Method:WXTextureTools.Application.FirstBundle.FirstBundleHandler.slim; File:.0
[CALL STACK][1]: Method:WXTextureTools.Application.AppCmdExec.WXSlimFirstBundleExec.todo; File:.0
[CALL STACK][2]: Method:WXTextureTools.Application.App.process; File:.0
</stackFrames>
</wxlog>
<wxlog>
  <threadId>#main</threadId>
  <timestamp>00:24:41:4877</timestamp>
  <msgtype>MsgMixture</msgtype>
  <content>string|string|bool
AssetBundleText slim - pngName,LDR_LLL1_9.a46e05d1,false</content>
  <stackFrames>
[CALL STACK][0]: Method:WXTextureTools.Application.FirstBundle.FirstBundleHandler.slim; File:.0
[CALL STACK][1]: Method:WXTextureTools.Application.AppCmdExec.WXSlimFirstBundleExec.todo; File:.0
[CALL STACK][2]: Method:WXTextureTools.Application.App.process; File:.0
</stackFrames>
</wxlog>
<wxlog>
  <threadId>#main</threadId>
  <timestamp>00:24:41:4877</timestamp>
  <msgtype>MsgMixture</msgtype>
  <content>string|string
AssetBundleText slim - 1,LDR_LLL1_9</content>
  <stackFrames>
[CALL STACK][0]: Method:WXTextureTools.Application.FirstBundle.FirstBundleHandler.slim; File:.0
[CALL STACK][1]: Method:WXTextureTools.Application.AppCmdExec.WXSlimFirstBundleExec.todo; File:.0
[CALL STACK][2]: Method:WXTextureTools.Application.App.process; File:.0
</stackFrames>
</wxlog>
<wxlog>
  <threadId>#main</threadId>
  <timestamp>00:24:41:4897</timestamp>
  <msgtype>MsgMixture</msgtype>
  <content>string|string|bool
AssetBundleText slim - pngName,Medium01.f1d8276c,false</content>
  <stackFrames>
[CALL STACK][0]: Method:WXTextureTools.Application.FirstBundle.FirstBundleHandler.slim; File:.0
[CALL STACK][1]: Method:WXTextureTools.Application.AppCmdExec.WXSlimFirstBundleExec.todo; File:.0
[CALL STACK][2]: Method:WXTextureTools.Application.App.process; File:.0
</stackFrames>
</wxlog>
<wxlog>
  <threadId>#main</threadId>
  <timestamp>00:24:41:4902</timestamp>
  <msgtype>MsgMixture</msgtype>
  <content>string|string
AssetBundleText slim - 1,Medium01</content>
  <stackFrames>
[CALL STACK][0]: Method:WXTextureTools.Application.FirstBundle.FirstBundleHandler.slim; File:.0
[CALL STACK][1]: Method:WXTextureTools.Application.AppCmdExec.WXSlimFirstBundleExec.todo; File:.0
[CALL STACK][2]: Method:WXTextureTools.Application.App.process; File:.0
</stackFrames>
</wxlog>
<wxlog>
  <threadId>#main</threadId>
  <timestamp>00:24:41:4907</timestamp>
  <msgtype>MsgMixture</msgtype>
  <content>string|string|bool
AssetBundleText slim - pngName,LDR_LLL1_23.12394256,false</content>
  <stackFrames>
[CALL STACK][0]: Method:WXTextureTools.Application.FirstBundle.FirstBundleHandler.slim; File:.0
[CALL STACK][1]: Method:WXTextureTools.Application.AppCmdExec.WXSlimFirstBundleExec.todo; File:.0
[CALL STACK][2]: Method:WXTextureTools.Application.App.process; File:.0
</stackFrames>
</wxlog>
<wxlog>
  <threadId>#main</threadId>
  <timestamp>00:24:41:4907</timestamp>
  <msgtype>MsgMixture</msgtype>
  <content>string|string
AssetBundleText slim - 1,LDR_LLL1_23</content>
  <stackFrames>
[CALL STACK][0]: Method:WXTextureTools.Application.FirstBundle.FirstBundleHandler.slim; File:.0
[CALL STACK][1]: Method:WXTextureTools.Application.AppCmdExec.WXSlimFirstBundleExec.todo; File:.0
[CALL STACK][2]: Method:WXTextureTools.Application.App.process; File:.0
</stackFrames>
</wxlog>
<wxlog>
  <threadId>#main</threadId>
  <timestamp>00:24:41:4907</timestamp>
  <msgtype>MsgMixture</msgtype>
  <content>string|string|bool
AssetBundleText slim - pngName,LDR_LLL1_2.b981d457,false</content>
  <stackFrames>
[CALL STACK][0]: Method:WXTextureTools.Application.FirstBundle.FirstBundleHandler.slim; File:.0
[CALL STACK][1]: Method:WXTextureTools.Application.AppCmdExec.WXSlimFirstBundleExec.todo; File:.0
[CALL STACK][2]: Method:WXTextureTools.Application.App.process; File:.0
</stackFrames>
</wxlog>
<wxlog>
  <threadId>#main</threadId>
  <timestamp>00:24:41:4907</timestamp>
  <msgtype>MsgMixture</msgtype>
  <content>string|string
AssetBundleText slim - 1,LDR_LLL1_2</content>
  <stackFrames>
[CALL STACK][0]: Method:WXTextureTools.Application.FirstBundle.FirstBundleHandler.slim; File:.0
[CALL STACK][1]: Method:WXTextureTools.Application.AppCmdExec.WXSlimFirstBundleExec.todo; File:.0
[CALL STACK][2]: Method:WXTextureTools.Application.App.process; File:.0
</stackFrames>
</wxlog>
<wxlog>
  <threadId>#main</threadId>
  <timestamp>00:24:41:4907</timestamp>
  <msgtype>MsgMixture</msgtype>
  <content>string|string|bool
AssetBundleText slim - pngName,LDR_LLL1_17.0a778e95,false</content>
  <stackFrames>
[CALL STACK][0]: Method:WXTextureTools.Application.FirstBundle.FirstBundleHandler.slim; File:.0
[CALL STACK][1]: Method:WXTextureTools.Application.AppCmdExec.WXSlimFirstBundleExec.todo; File:.0
[CALL STACK][2]: Method:WXTextureTools.Application.App.process; File:.0
</stackFrames>
</wxlog>
<wxlog>
  <threadId>#main</threadId>
  <timestamp>00:24:41:4907</timestamp>
  <msgtype>MsgMixture</msgtype>
  <content>string|string
AssetBundleText slim - 1,LDR_LLL1_17</content>
  <stackFrames>
[CALL STACK][0]: Method:WXTextureTools.Application.FirstBundle.FirstBundleHandler.slim; File:.0
[CALL STACK][1]: Method:WXTextureTools.Application.AppCmdExec.WXSlimFirstBundleExec.todo; File:.0
[CALL STACK][2]: Method:WXTextureTools.Application.App.process; File:.0
</stackFrames>
</wxlog>
<wxlog>
  <threadId>#main</threadId>
  <timestamp>00:24:41:4907</timestamp>
  <msgtype>MsgMixture</msgtype>
  <content>string|string|bool
AssetBundleText slim - pngName,LDR_LLL1_31.b44b064e,false</content>
  <stackFrames>
[CALL STACK][0]: Method:WXTextureTools.Application.FirstBundle.FirstBundleHandler.slim; File:.0
[CALL STACK][1]: Method:WXTextureTools.Application.AppCmdExec.WXSlimFirstBundleExec.todo; File:.0
[CALL STACK][2]: Method:WXTextureTools.Application.App.process; File:.0
</stackFrames>
</wxlog>
<wxlog>
  <threadId>#main</threadId>
  <timestamp>00:24:41:4907</timestamp>
  <msgtype>MsgMixture</msgtype>
  <content>string|string
AssetBundleText slim - 1,LDR_LLL1_31</content>
  <stackFrames>
[CALL STACK][0]: Method:WXTextureTools.Application.FirstBundle.FirstBundleHandler.slim; File:.0
[CALL STACK][1]: Method:WXTextureTools.Application.AppCmdExec.WXSlimFirstBundleExec.todo; File:.0
[CALL STACK][2]: Method:WXTextureTools.Application.App.process; File:.0
</stackFrames>
</wxlog>
<wxlog>
  <threadId>#main</threadId>
  <timestamp>00:24:41:4907</timestamp>
  <msgtype>MsgMixture</msgtype>
  <content>string|string|bool
AssetBundleText slim - pngName,LDR_LLL1_25.9277009a,false</content>
  <stackFrames>
[CALL STACK][0]: Method:WXTextureTools.Application.FirstBundle.FirstBundleHandler.slim; File:.0
[CALL STACK][1]: Method:WXTextureTools.Application.AppCmdExec.WXSlimFirstBundleExec.todo; File:.0
[CALL STACK][2]: Method:WXTextureTools.Application.App.process; File:.0
</stackFrames>
</wxlog>
<wxlog>
  <threadId>#main</threadId>
  <timestamp>00:24:41:4907</timestamp>
  <msgtype>MsgMixture</msgtype>
  <content>string|string
AssetBundleText slim - 1,LDR_LLL1_25</content>
  <stackFrames>
[CALL STACK][0]: Method:WXTextureTools.Application.FirstBundle.FirstBundleHandler.slim; File:.0
[CALL STACK][1]: Method:WXTextureTools.Application.AppCmdExec.WXSlimFirstBundleExec.todo; File:.0
[CALL STACK][2]: Method:WXTextureTools.Application.App.process; File:.0
</stackFrames>
</wxlog>
<wxlog>
  <threadId>#main</threadId>
  <timestamp>00:24:41:4912</timestamp>
  <msgtype>MsgMixture</msgtype>
  <content>string|string|bool
AssetBundleText slim - pngName,LDR_LLL1_4.433b2b1c,false</content>
  <stackFrames>
[CALL STACK][0]: Method:WXTextureTools.Application.FirstBundle.FirstBundleHandler.slim; File:.0
[CALL STACK][1]: Method:WXTextureTools.Application.AppCmdExec.WXSlimFirstBundleExec.todo; File:.0
[CALL STACK][2]: Method:WXTextureTools.Application.App.process; File:.0
</stackFrames>
</wxlog>
<wxlog>
  <threadId>#main</threadId>
  <timestamp>00:24:41:4912</timestamp>
  <msgtype>MsgMixture</msgtype>
  <content>string|string
AssetBundleText slim - 1,LDR_LLL1_4</content>
  <stackFrames>
[CALL STACK][0]: Method:WXTextureTools.Application.FirstBundle.FirstBundleHandler.slim; File:.0
[CALL STACK][1]: Method:WXTextureTools.Application.AppCmdExec.WXSlimFirstBundleExec.todo; File:.0
[CALL STACK][2]: Method:WXTextureTools.Application.App.process; File:.0
</stackFrames>
</wxlog>
<wxlog>
  <threadId>#main</threadId>
  <timestamp>00:24:41:4952</timestamp>
  <msgtype>MsgMixture</msgtype>
  <content>string|string|bool
AssetBundleText slim - pngName,LDR_LLL1_5.4d3529e4,false</content>
  <stackFrames>
[CALL STACK][0]: Method:WXTextureTools.Application.FirstBundle.FirstBundleHandler.slim; File:.0
[CALL STACK][1]: Method:WXTextureTools.Application.AppCmdExec.WXSlimFirstBundleExec.todo; File:.0
[CALL STACK][2]: Method:WXTextureTools.Application.App.process; File:.0
</stackFrames>
</wxlog>
<wxlog>
  <threadId>#main</threadId>
  <timestamp>00:24:41:4952</timestamp>
  <msgtype>MsgMixture</msgtype>
  <content>string|string
AssetBundleText slim - 1,LDR_LLL1_5</content>
  <stackFrames>
[CALL STACK][0]: Method:WXTextureTools.Application.FirstBundle.FirstBundleHandler.slim; File:.0
[CALL STACK][1]: Method:WXTextureTools.Application.AppCmdExec.WXSlimFirstBundleExec.todo; File:.0
[CALL STACK][2]: Method:WXTextureTools.Application.App.process; File:.0
</stackFrames>
</wxlog>
<wxlog>
  <threadId>#main</threadId>
  <timestamp>00:24:41:4977</timestamp>
  <msgtype>MsgMixture</msgtype>
  <content>string|string|bool
AssetBundleText slim - pngName,LDR_LLL1_0.5a01a214,false</content>
  <stackFrames>
[CALL STACK][0]: Method:WXTextureTools.Application.FirstBundle.FirstBundleHandler.slim; File:.0
[CALL STACK][1]: Method:WXTextureTools.Application.AppCmdExec.WXSlimFirstBundleExec.todo; File:.0
[CALL STACK][2]: Method:WXTextureTools.Application.App.process; File:.0
</stackFrames>
</wxlog>
<wxlog>
  <threadId>#main</threadId>
  <timestamp>00:24:41:4977</timestamp>
  <msgtype>MsgMixture</msgtype>
  <content>string|string
AssetBundleText slim - 1,LDR_LLL1_0</content>
  <stackFrames>
[CALL STACK][0]: Method:WXTextureTools.Application.FirstBundle.FirstBundleHandler.slim; File:.0
[CALL STACK][1]: Method:WXTextureTools.Application.AppCmdExec.WXSlimFirstBundleExec.todo; File:.0
[CALL STACK][2]: Method:WXTextureTools.Application.App.process; File:.0
</stackFrames>
</wxlog>
<wxlog>
  <threadId>#main</threadId>
  <timestamp>00:24:41:4977</timestamp>
  <msgtype>MsgMixture</msgtype>
  <content>string|string|bool
AssetBundleText slim - pngName,LDR_LLL1_6.4577ea59,false</content>
  <stackFrames>
[CALL STACK][0]: Method:WXTextureTools.Application.FirstBundle.FirstBundleHandler.slim; File:.0
[CALL STACK][1]: Method:WXTextureTools.Application.AppCmdExec.WXSlimFirstBundleExec.todo; File:.0
[CALL STACK][2]: Method:WXTextureTools.Application.App.process; File:.0
</stackFrames>
</wxlog>
<wxlog>
  <threadId>#main</threadId>
  <timestamp>00:24:41:4977</timestamp>
  <msgtype>MsgMixture</msgtype>
  <content>string|string
AssetBundleText slim - 1,LDR_LLL1_6</content>
  <stackFrames>
[CALL STACK][0]: Method:WXTextureTools.Application.FirstBundle.FirstBundleHandler.slim; File:.0
[CALL STACK][1]: Method:WXTextureTools.Application.AppCmdExec.WXSlimFirstBundleExec.todo; File:.0
[CALL STACK][2]: Method:WXTextureTools.Application.App.process; File:.0
</stackFrames>
</wxlog>
<wxlog>
  <threadId>#main</threadId>
  <timestamp>00:24:41:4977</timestamp>
  <msgtype>MsgMixture</msgtype>
  <content>string|string|bool
AssetBundleText slim - pngName,LDR_LLL1_14.d65b0304,false</content>
  <stackFrames>
[CALL STACK][0]: Method:WXTextureTools.Application.FirstBundle.FirstBundleHandler.slim; File:.0
[CALL STACK][1]: Method:WXTextureTools.Application.AppCmdExec.WXSlimFirstBundleExec.todo; File:.0
[CALL STACK][2]: Method:WXTextureTools.Application.App.process; File:.0
</stackFrames>
</wxlog>
<wxlog>
  <threadId>#main</threadId>
  <timestamp>00:24:41:4977</timestamp>
  <msgtype>MsgMixture</msgtype>
  <content>string|string
AssetBundleText slim - 1,LDR_LLL1_14</content>
  <stackFrames>
[CALL STACK][0]: Method:WXTextureTools.Application.FirstBundle.FirstBundleHandler.slim; File:.0
[CALL STACK][1]: Method:WXTextureTools.Application.AppCmdExec.WXSlimFirstBundleExec.todo; File:.0
[CALL STACK][2]: Method:WXTextureTools.Application.App.process; File:.0
</stackFrames>
</wxlog>
<wxlog>
  <threadId>#main</threadId>
  <timestamp>00:24:41:4987</timestamp>
  <msgtype>MsgMixture</msgtype>
  <content>string|string|bool
AssetBundleText slim - pngName,LDR_LLL1_1.b856a24a,false</content>
  <stackFrames>
[CALL STACK][0]: Method:WXTextureTools.Application.FirstBundle.FirstBundleHandler.slim; File:.0
[CALL STACK][1]: Method:WXTextureTools.Application.AppCmdExec.WXSlimFirstBundleExec.todo; File:.0
[CALL STACK][2]: Method:WXTextureTools.Application.App.process; File:.0
</stackFrames>
</wxlog>
<wxlog>
  <threadId>#main</threadId>
  <timestamp>00:24:41:4987</timestamp>
  <msgtype>MsgMixture</msgtype>
  <content>string|string
AssetBundleText slim - 1,LDR_LLL1_1</content>
  <stackFrames>
[CALL STACK][0]: Method:WXTextureTools.Application.FirstBundle.FirstBundleHandler.slim; File:.0
[CALL STACK][1]: Method:WXTextureTools.Application.AppCmdExec.WXSlimFirstBundleExec.todo; File:.0
[CALL STACK][2]: Method:WXTextureTools.Application.App.process; File:.0
</stackFrames>
</wxlog>
<wxlog>
  <threadId>#main</threadId>
  <timestamp>00:24:41:4987</timestamp>
  <msgtype>MsgMixture</msgtype>
  <content>string|string|bool
AssetBundleText slim - pngName,LDR_LLL1_15.e9cab65c,false</content>
  <stackFrames>
[CALL STACK][0]: Method:WXTextureTools.Application.FirstBundle.FirstBundleHandler.slim; File:.0
[CALL STACK][1]: Method:WXTextureTools.Application.AppCmdExec.WXSlimFirstBundleExec.todo; File:.0
[CALL STACK][2]: Method:WXTextureTools.Application.App.process; File:.0
</stackFrames>
</wxlog>
<wxlog>
  <threadId>#main</threadId>
  <timestamp>00:24:41:4987</timestamp>
  <msgtype>MsgMixture</msgtype>
  <content>string|string
AssetBundleText slim - 1,LDR_LLL1_15</content>
  <stackFrames>
[CALL STACK][0]: Method:WXTextureTools.Application.FirstBundle.FirstBundleHandler.slim; File:.0
[CALL STACK][1]: Method:WXTextureTools.Application.AppCmdExec.WXSlimFirstBundleExec.todo; File:.0
[CALL STACK][2]: Method:WXTextureTools.Application.App.process; File:.0
</stackFrames>
</wxlog>
<wxlog>
  <threadId>#main</threadId>
  <timestamp>00:24:41:5007</timestamp>
  <msgtype>MsgMixture</msgtype>
  <content>string|string|bool
AssetBundleText slim - pngName,Medium05.a0883dab,false</content>
  <stackFrames>
[CALL STACK][0]: Method:WXTextureTools.Application.FirstBundle.FirstBundleHandler.slim; File:.0
[CALL STACK][1]: Method:WXTextureTools.Application.AppCmdExec.WXSlimFirstBundleExec.todo; File:.0
[CALL STACK][2]: Method:WXTextureTools.Application.App.process; File:.0
</stackFrames>
</wxlog>
<wxlog>
  <threadId>#main</threadId>
  <timestamp>00:24:41:5007</timestamp>
  <msgtype>MsgMixture</msgtype>
  <content>string|string
AssetBundleText slim - 1,Medium05</content>
  <stackFrames>
[CALL STACK][0]: Method:WXTextureTools.Application.FirstBundle.FirstBundleHandler.slim; File:.0
[CALL STACK][1]: Method:WXTextureTools.Application.AppCmdExec.WXSlimFirstBundleExec.todo; File:.0
[CALL STACK][2]: Method:WXTextureTools.Application.App.process; File:.0
</stackFrames>
</wxlog>
<wxlog>
  <threadId>#main</threadId>
  <timestamp>00:24:41:5017</timestamp>
  <msgtype>MsgMixture</msgtype>
  <content>string|string|bool
AssetBundleText slim - pngName,SearchTex.ee3d8026,false</content>
  <stackFrames>
[CALL STACK][0]: Method:WXTextureTools.Application.FirstBundle.FirstBundleHandler.slim; File:.0
[CALL STACK][1]: Method:WXTextureTools.Application.AppCmdExec.WXSlimFirstBundleExec.todo; File:.0
[CALL STACK][2]: Method:WXTextureTools.Application.App.process; File:.0
</stackFrames>
</wxlog>
<wxlog>
  <threadId>#main</threadId>
  <timestamp>00:24:41:5017</timestamp>
  <msgtype>MsgMixture</msgtype>
  <content>string|string
AssetBundleText slim - 1,SearchTex</content>
  <stackFrames>
[CALL STACK][0]: Method:WXTextureTools.Application.FirstBundle.FirstBundleHandler.slim; File:.0
[CALL STACK][1]: Method:WXTextureTools.Application.AppCmdExec.WXSlimFirstBundleExec.todo; File:.0
[CALL STACK][2]: Method:WXTextureTools.Application.App.process; File:.0
</stackFrames>
</wxlog>
<wxlog>
  <threadId>#main</threadId>
  <timestamp>00:24:41:5022</timestamp>
  <msgtype>MsgMixture</msgtype>
  <content>string|string|bool
AssetBundleText slim - pngName,LDR_LLL1_6.05ca07b3,false</content>
  <stackFrames>
[CALL STACK][0]: Method:WXTextureTools.Application.FirstBundle.FirstBundleHandler.slim; File:.0
[CALL STACK][1]: Method:WXTextureTools.Application.AppCmdExec.WXSlimFirstBundleExec.todo; File:.0
[CALL STACK][2]: Method:WXTextureTools.Application.App.process; File:.0
</stackFrames>
</wxlog>
<wxlog>
  <threadId>#main</threadId>
  <timestamp>00:24:41:5022</timestamp>
  <msgtype>MsgMixture</msgtype>
  <content>string|string
AssetBundleText slim - 1,LDR_LLL1_6</content>
  <stackFrames>
[CALL STACK][0]: Method:WXTextureTools.Application.FirstBundle.FirstBundleHandler.slim; File:.0
[CALL STACK][1]: Method:WXTextureTools.Application.AppCmdExec.WXSlimFirstBundleExec.todo; File:.0
[CALL STACK][2]: Method:WXTextureTools.Application.App.process; File:.0
</stackFrames>
</wxlog>
<wxlog>
  <threadId>#main</threadId>
  <timestamp>00:24:41:5047</timestamp>
  <msgtype>MsgMixture</msgtype>
  <content>string|string|bool
AssetBundleText slim - pngName,Large02.41fa8438,false</content>
  <stackFrames>
[CALL STACK][0]: Method:WXTextureTools.Application.FirstBundle.FirstBundleHandler.slim; File:.0
[CALL STACK][1]: Method:WXTextureTools.Application.AppCmdExec.WXSlimFirstBundleExec.todo; File:.0
[CALL STACK][2]: Method:WXTextureTools.Application.App.process; File:.0
</stackFrames>
</wxlog>
<wxlog>
  <threadId>#main</threadId>
  <timestamp>00:24:41:5047</timestamp>
  <msgtype>MsgMixture</msgtype>
  <content>string|string
AssetBundleText slim - 1,Large02</content>
  <stackFrames>
[CALL STACK][0]: Method:WXTextureTools.Application.FirstBundle.FirstBundleHandler.slim; File:.0
[CALL STACK][1]: Method:WXTextureTools.Application.AppCmdExec.WXSlimFirstBundleExec.todo; File:.0
[CALL STACK][2]: Method:WXTextureTools.Application.App.process; File:.0
</stackFrames>
</wxlog>
<wxlog>
  <threadId>#main</threadId>
  <timestamp>00:24:41:5072</timestamp>
  <msgtype>MsgMixture</msgtype>
  <content>string|string|bool
AssetBundleText slim - pngName,Thin01.56a8f501,false</content>
  <stackFrames>
[CALL STACK][0]: Method:WXTextureTools.Application.FirstBundle.FirstBundleHandler.slim; File:.0
[CALL STACK][1]: Method:WXTextureTools.Application.AppCmdExec.WXSlimFirstBundleExec.todo; File:.0
[CALL STACK][2]: Method:WXTextureTools.Application.App.process; File:.0
</stackFrames>
</wxlog>
<wxlog>
  <threadId>#main</threadId>
  <timestamp>00:24:41:5077</timestamp>
  <msgtype>MsgMixture</msgtype>
  <content>string|string
AssetBundleText slim - 1,Thin01</content>
  <stackFrames>
[CALL STACK][0]: Method:WXTextureTools.Application.FirstBundle.FirstBundleHandler.slim; File:.0
[CALL STACK][1]: Method:WXTextureTools.Application.AppCmdExec.WXSlimFirstBundleExec.todo; File:.0
[CALL STACK][2]: Method:WXTextureTools.Application.App.process; File:.0
</stackFrames>
</wxlog>
<wxlog>
  <threadId>#main</threadId>
  <timestamp>00:24:41:5077</timestamp>
  <msgtype>MsgMixture</msgtype>
  <content>string|string|bool
AssetBundleText slim - pngName,LDR_LLL1_3.4e6530d8,false</content>
  <stackFrames>
[CALL STACK][0]: Method:WXTextureTools.Application.FirstBundle.FirstBundleHandler.slim; File:.0
[CALL STACK][1]: Method:WXTextureTools.Application.AppCmdExec.WXSlimFirstBundleExec.todo; File:.0
[CALL STACK][2]: Method:WXTextureTools.Application.App.process; File:.0
</stackFrames>
</wxlog>
<wxlog>
  <threadId>#main</threadId>
  <timestamp>00:24:41:5077</timestamp>
  <msgtype>MsgMixture</msgtype>
  <content>string|string
AssetBundleText slim - 1,LDR_LLL1_3</content>
  <stackFrames>
[CALL STACK][0]: Method:WXTextureTools.Application.FirstBundle.FirstBundleHandler.slim; File:.0
[CALL STACK][1]: Method:WXTextureTools.Application.AppCmdExec.WXSlimFirstBundleExec.todo; File:.0
[CALL STACK][2]: Method:WXTextureTools.Application.App.process; File:.0
</stackFrames>
</wxlog>
<wxlog>
  <threadId>#main</threadId>
  <timestamp>00:24:41:5077</timestamp>
  <msgtype>MsgMixture</msgtype>
  <content>string|string|bool
AssetBundleText slim - pngName,LDR_LLL1_0.fce750bc,false</content>
  <stackFrames>
[CALL STACK][0]: Method:WXTextureTools.Application.FirstBundle.FirstBundleHandler.slim; File:.0
[CALL STACK][1]: Method:WXTextureTools.Application.AppCmdExec.WXSlimFirstBundleExec.todo; File:.0
[CALL STACK][2]: Method:WXTextureTools.Application.App.process; File:.0
</stackFrames>
</wxlog>
<wxlog>
  <threadId>#main</threadId>
  <timestamp>00:24:41:5077</timestamp>
  <msgtype>MsgMixture</msgtype>
  <content>string|string
AssetBundleText slim - 1,LDR_LLL1_0</content>
  <stackFrames>
[CALL STACK][0]: Method:WXTextureTools.Application.FirstBundle.FirstBundleHandler.slim; File:.0
[CALL STACK][1]: Method:WXTextureTools.Application.AppCmdExec.WXSlimFirstBundleExec.todo; File:.0
[CALL STACK][2]: Method:WXTextureTools.Application.App.process; File:.0
</stackFrames>
</wxlog>
<wxlog>
  <threadId>#main</threadId>
  <timestamp>00:24:41:5077</timestamp>
  <msgtype>MsgMixture</msgtype>
  <content>string|string|bool
AssetBundleText slim - pngName,LDR_LLL1_30.2caced0f,false</content>
  <stackFrames>
[CALL STACK][0]: Method:WXTextureTools.Application.FirstBundle.FirstBundleHandler.slim; File:.0
[CALL STACK][1]: Method:WXTextureTools.Application.AppCmdExec.WXSlimFirstBundleExec.todo; File:.0
[CALL STACK][2]: Method:WXTextureTools.Application.App.process; File:.0
</stackFrames>
</wxlog>
<wxlog>
  <threadId>#main</threadId>
  <timestamp>00:24:41:5077</timestamp>
  <msgtype>MsgMixture</msgtype>
  <content>string|string
AssetBundleText slim - 1,LDR_LLL1_30</content>
  <stackFrames>
[CALL STACK][0]: Method:WXTextureTools.Application.FirstBundle.FirstBundleHandler.slim; File:.0
[CALL STACK][1]: Method:WXTextureTools.Application.AppCmdExec.WXSlimFirstBundleExec.todo; File:.0
[CALL STACK][2]: Method:WXTextureTools.Application.App.process; File:.0
</stackFrames>
</wxlog>
<wxlog>
  <threadId>#main</threadId>
  <timestamp>00:24:41:5077</timestamp>
  <msgtype>MsgMixture</msgtype>
  <content>string|string|bool
AssetBundleText slim - pngName,LDR_LLL1_10.ccbfbea1,false</content>
  <stackFrames>
[CALL STACK][0]: Method:WXTextureTools.Application.FirstBundle.FirstBundleHandler.slim; File:.0
[CALL STACK][1]: Method:WXTextureTools.Application.AppCmdExec.WXSlimFirstBundleExec.todo; File:.0
[CALL STACK][2]: Method:WXTextureTools.Application.App.process; File:.0
</stackFrames>
</wxlog>
<wxlog>
  <threadId>#main</threadId>
  <timestamp>00:24:41:5077</timestamp>
  <msgtype>MsgMixture</msgtype>
  <content>string|string
AssetBundleText slim - 1,LDR_LLL1_10</content>
  <stackFrames>
[CALL STACK][0]: Method:WXTextureTools.Application.FirstBundle.FirstBundleHandler.slim; File:.0
[CALL STACK][1]: Method:WXTextureTools.Application.AppCmdExec.WXSlimFirstBundleExec.todo; File:.0
[CALL STACK][2]: Method:WXTextureTools.Application.App.process; File:.0
</stackFrames>
</wxlog>
<wxlog>
  <threadId>#main</threadId>
  <timestamp>00:24:41:5102</timestamp>
  <msgtype>MsgMixture</msgtype>
  <content>string|string|bool
AssetBundleText slim - pngName,Medium03.f0f38459,false</content>
  <stackFrames>
[CALL STACK][0]: Method:WXTextureTools.Application.FirstBundle.FirstBundleHandler.slim; File:.0
[CALL STACK][1]: Method:WXTextureTools.Application.AppCmdExec.WXSlimFirstBundleExec.todo; File:.0
[CALL STACK][2]: Method:WXTextureTools.Application.App.process; File:.0
</stackFrames>
</wxlog>
<wxlog>
  <threadId>#main</threadId>
  <timestamp>00:24:41:5107</timestamp>
  <msgtype>MsgMixture</msgtype>
  <content>string|string
AssetBundleText slim - 1,Medium03</content>
  <stackFrames>
[CALL STACK][0]: Method:WXTextureTools.Application.FirstBundle.FirstBundleHandler.slim; File:.0
[CALL STACK][1]: Method:WXTextureTools.Application.AppCmdExec.WXSlimFirstBundleExec.todo; File:.0
[CALL STACK][2]: Method:WXTextureTools.Application.App.process; File:.0
</stackFrames>
</wxlog>
<wxlog>
  <threadId>#main</threadId>
  <timestamp>00:24:41:5107</timestamp>
  <msgtype>MsgMixture</msgtype>
  <content>string|string|bool
AssetBundleText slim - pngName,LDR_LLL1_16.91786237,false</content>
  <stackFrames>
[CALL STACK][0]: Method:WXTextureTools.Application.FirstBundle.FirstBundleHandler.slim; File:.0
[CALL STACK][1]: Method:WXTextureTools.Application.AppCmdExec.WXSlimFirstBundleExec.todo; File:.0
[CALL STACK][2]: Method:WXTextureTools.Application.App.process; File:.0
</stackFrames>
</wxlog>
<wxlog>
  <threadId>#main</threadId>
  <timestamp>00:24:41:5107</timestamp>
  <msgtype>MsgMixture</msgtype>
  <content>string|string
AssetBundleText slim - 1,LDR_LLL1_16</content>
  <stackFrames>
[CALL STACK][0]: Method:WXTextureTools.Application.FirstBundle.FirstBundleHandler.slim; File:.0
[CALL STACK][1]: Method:WXTextureTools.Application.AppCmdExec.WXSlimFirstBundleExec.todo; File:.0
[CALL STACK][2]: Method:WXTextureTools.Application.App.process; File:.0
</stackFrames>
</wxlog>
<wxlog>
  <threadId>#main</threadId>
  <timestamp>00:24:41:5107</timestamp>
  <msgtype>MsgMixture</msgtype>
  <content>string|string|bool
AssetBundleText slim - pngName,LDR_LLL1_24.fea23955,false</content>
  <stackFrames>
[CALL STACK][0]: Method:WXTextureTools.Application.FirstBundle.FirstBundleHandler.slim; File:.0
[CALL STACK][1]: Method:WXTextureTools.Application.AppCmdExec.WXSlimFirstBundleExec.todo; File:.0
[CALL STACK][2]: Method:WXTextureTools.Application.App.process; File:.0
</stackFrames>
</wxlog>
<wxlog>
  <threadId>#main</threadId>
  <timestamp>00:24:41:5107</timestamp>
  <msgtype>MsgMixture</msgtype>
  <content>string|string
AssetBundleText slim - 1,LDR_LLL1_24</content>
  <stackFrames>
[CALL STACK][0]: Method:WXTextureTools.Application.FirstBundle.FirstBundleHandler.slim; File:.0
[CALL STACK][1]: Method:WXTextureTools.Application.AppCmdExec.WXSlimFirstBundleExec.todo; File:.0
[CALL STACK][2]: Method:WXTextureTools.Application.App.process; File:.0
</stackFrames>
</wxlog>
<wxlog>
  <threadId>#main</threadId>
  <timestamp>00:24:41:5127</timestamp>
  <msgtype>MsgMixture</msgtype>
  <content>string|string|bool
AssetBundleText slim - pngName,Medium06.7e3bde6c,false</content>
  <stackFrames>
[CALL STACK][0]: Method:WXTextureTools.Application.FirstBundle.FirstBundleHandler.slim; File:.0
[CALL STACK][1]: Method:WXTextureTools.Application.AppCmdExec.WXSlimFirstBundleExec.todo; File:.0
[CALL STACK][2]: Method:WXTextureTools.Application.App.process; File:.0
</stackFrames>
</wxlog>
<wxlog>
  <threadId>#main</threadId>
  <timestamp>00:24:41:5127</timestamp>
  <msgtype>MsgMixture</msgtype>
  <content>string|string
AssetBundleText slim - 1,Medium06</content>
  <stackFrames>
[CALL STACK][0]: Method:WXTextureTools.Application.FirstBundle.FirstBundleHandler.slim; File:.0
[CALL STACK][1]: Method:WXTextureTools.Application.AppCmdExec.WXSlimFirstBundleExec.todo; File:.0
[CALL STACK][2]: Method:WXTextureTools.Application.App.process; File:.0
</stackFrames>
</wxlog>
<wxlog>
  <threadId>#main</threadId>
  <timestamp>00:24:41:5157</timestamp>
  <msgtype>MsgMixture</msgtype>
  <content>string|string|bool
AssetBundleText slim - pngName,Medium04.eec9b966,false</content>
  <stackFrames>
[CALL STACK][0]: Method:WXTextureTools.Application.FirstBundle.FirstBundleHandler.slim; File:.0
[CALL STACK][1]: Method:WXTextureTools.Application.AppCmdExec.WXSlimFirstBundleExec.todo; File:.0
[CALL STACK][2]: Method:WXTextureTools.Application.App.process; File:.0
</stackFrames>
</wxlog>
<wxlog>
  <threadId>#main</threadId>
  <timestamp>00:24:41:5157</timestamp>
  <msgtype>MsgMixture</msgtype>
  <content>string|string
AssetBundleText slim - 1,Medium04</content>
  <stackFrames>
[CALL STACK][0]: Method:WXTextureTools.Application.FirstBundle.FirstBundleHandler.slim; File:.0
[CALL STACK][1]: Method:WXTextureTools.Application.AppCmdExec.WXSlimFirstBundleExec.todo; File:.0
[CALL STACK][2]: Method:WXTextureTools.Application.App.process; File:.0
</stackFrames>
</wxlog>
<wxlog>
  <threadId>#main</threadId>
  <timestamp>00:24:41:5162</timestamp>
  <msgtype>MsgMixture</msgtype>
  <content>string|string|bool
AssetBundleText slim - pngName,LDR_LLL1_12.3660b0d6,false</content>
  <stackFrames>
[CALL STACK][0]: Method:WXTextureTools.Application.FirstBundle.FirstBundleHandler.slim; File:.0
[CALL STACK][1]: Method:WXTextureTools.Application.AppCmdExec.WXSlimFirstBundleExec.todo; File:.0
[CALL STACK][2]: Method:WXTextureTools.Application.App.process; File:.0
</stackFrames>
</wxlog>
<wxlog>
  <threadId>#main</threadId>
  <timestamp>00:24:41:5162</timestamp>
  <msgtype>MsgMixture</msgtype>
  <content>string|string
AssetBundleText slim - 1,LDR_LLL1_12</content>
  <stackFrames>
[CALL STACK][0]: Method:WXTextureTools.Application.FirstBundle.FirstBundleHandler.slim; File:.0
[CALL STACK][1]: Method:WXTextureTools.Application.AppCmdExec.WXSlimFirstBundleExec.todo; File:.0
[CALL STACK][2]: Method:WXTextureTools.Application.App.process; File:.0
</stackFrames>
</wxlog>
<wxlog>
  <threadId>#main</threadId>
  <timestamp>00:24:41:5167</timestamp>
  <msgtype>MsgMixture</msgtype>
  <content>string|string|bool
AssetBundleText slim - pngName,LDR_LLL1_2.d85d647d,false</content>
  <stackFrames>
[CALL STACK][0]: Method:WXTextureTools.Application.FirstBundle.FirstBundleHandler.slim; File:.0
[CALL STACK][1]: Method:WXTextureTools.Application.AppCmdExec.WXSlimFirstBundleExec.todo; File:.0
[CALL STACK][2]: Method:WXTextureTools.Application.App.process; File:.0
</stackFrames>
</wxlog>
<wxlog>
  <threadId>#main</threadId>
  <timestamp>00:24:41:5167</timestamp>
  <msgtype>MsgMixture</msgtype>
  <content>string|string
AssetBundleText slim - 1,LDR_LLL1_2</content>
  <stackFrames>
[CALL STACK][0]: Method:WXTextureTools.Application.FirstBundle.FirstBundleHandler.slim; File:.0
[CALL STACK][1]: Method:WXTextureTools.Application.AppCmdExec.WXSlimFirstBundleExec.todo; File:.0
[CALL STACK][2]: Method:WXTextureTools.Application.App.process; File:.0
</stackFrames>
</wxlog>
<wxlog>
  <threadId>#main</threadId>
  <timestamp>00:24:41:5167</timestamp>
  <msgtype>MsgMixture</msgtype>
  <content>string|string|bool
AssetBundleText slim - pngName,LDR_LLL1_7.eefd977a,false</content>
  <stackFrames>
[CALL STACK][0]: Method:WXTextureTools.Application.FirstBundle.FirstBundleHandler.slim; File:.0
[CALL STACK][1]: Method:WXTextureTools.Application.AppCmdExec.WXSlimFirstBundleExec.todo; File:.0
[CALL STACK][2]: Method:WXTextureTools.Application.App.process; File:.0
</stackFrames>
</wxlog>
<wxlog>
  <threadId>#main</threadId>
  <timestamp>00:24:41:5167</timestamp>
  <msgtype>MsgMixture</msgtype>
  <content>string|string
AssetBundleText slim - 1,LDR_LLL1_7</content>
  <stackFrames>
[CALL STACK][0]: Method:WXTextureTools.Application.FirstBundle.FirstBundleHandler.slim; File:.0
[CALL STACK][1]: Method:WXTextureTools.Application.AppCmdExec.WXSlimFirstBundleExec.todo; File:.0
[CALL STACK][2]: Method:WXTextureTools.Application.App.process; File:.0
</stackFrames>
</wxlog>
<wxlog>
  <threadId>#main</threadId>
  <timestamp>00:24:41:5167</timestamp>
  <msgtype>MsgMixture</msgtype>
  <content>string|string|bool
AssetBundleText slim - pngName,LDR_LLL1_27.1182195e,false</content>
  <stackFrames>
[CALL STACK][0]: Method:WXTextureTools.Application.FirstBundle.FirstBundleHandler.slim; File:.0
[CALL STACK][1]: Method:WXTextureTools.Application.AppCmdExec.WXSlimFirstBundleExec.todo; File:.0
[CALL STACK][2]: Method:WXTextureTools.Application.App.process; File:.0
</stackFrames>
</wxlog>
<wxlog>
  <threadId>#main</threadId>
  <timestamp>00:24:41:5167</timestamp>
  <msgtype>MsgMixture</msgtype>
  <content>string|string
AssetBundleText slim - 1,LDR_LLL1_27</content>
  <stackFrames>
[CALL STACK][0]: Method:WXTextureTools.Application.FirstBundle.FirstBundleHandler.slim; File:.0
[CALL STACK][1]: Method:WXTextureTools.Application.AppCmdExec.WXSlimFirstBundleExec.todo; File:.0
[CALL STACK][2]: Method:WXTextureTools.Application.App.process; File:.0
</stackFrames>
</wxlog>
<wxlog>
  <threadId>#main</threadId>
  <timestamp>00:24:41:5167</timestamp>
  <msgtype>MsgMixture</msgtype>
  <content>string|string|bool
AssetBundleText slim - pngName,LDR_LLL1_20.3b09ec52,false</content>
  <stackFrames>
[CALL STACK][0]: Method:WXTextureTools.Application.FirstBundle.FirstBundleHandler.slim; File:.0
[CALL STACK][1]: Method:WXTextureTools.Application.AppCmdExec.WXSlimFirstBundleExec.todo; File:.0
[CALL STACK][2]: Method:WXTextureTools.Application.App.process; File:.0
</stackFrames>
</wxlog>
<wxlog>
  <threadId>#main</threadId>
  <timestamp>00:24:41:5167</timestamp>
  <msgtype>MsgMixture</msgtype>
  <content>string|string
AssetBundleText slim - 1,LDR_LLL1_20</content>
  <stackFrames>
[CALL STACK][0]: Method:WXTextureTools.Application.FirstBundle.FirstBundleHandler.slim; File:.0
[CALL STACK][1]: Method:WXTextureTools.Application.AppCmdExec.WXSlimFirstBundleExec.todo; File:.0
[CALL STACK][2]: Method:WXTextureTools.Application.App.process; File:.0
</stackFrames>
</wxlog>
<wxlog>
  <threadId>#main</threadId>
  <timestamp>00:24:41:5172</timestamp>
  <msgtype>MsgMixture</msgtype>
  <content>string|string|bool
AssetBundleText slim - pngName,LDR_LLL1_3.5ff6611f,false</content>
  <stackFrames>
[CALL STACK][0]: Method:WXTextureTools.Application.FirstBundle.FirstBundleHandler.slim; File:.0
[CALL STACK][1]: Method:WXTextureTools.Application.AppCmdExec.WXSlimFirstBundleExec.todo; File:.0
[CALL STACK][2]: Method:WXTextureTools.Application.App.process; File:.0
</stackFrames>
</wxlog>
<wxlog>
  <threadId>#main</threadId>
  <timestamp>00:24:41:5177</timestamp>
  <msgtype>MsgMixture</msgtype>
  <content>string|string
AssetBundleText slim - 1,LDR_LLL1_3</content>
  <stackFrames>
[CALL STACK][0]: Method:WXTextureTools.Application.FirstBundle.FirstBundleHandler.slim; File:.0
[CALL STACK][1]: Method:WXTextureTools.Application.AppCmdExec.WXSlimFirstBundleExec.todo; File:.0
[CALL STACK][2]: Method:WXTextureTools.Application.App.process; File:.0
</stackFrames>
</wxlog>
<wxlog>
  <threadId>#main</threadId>
  <timestamp>00:24:41:5177</timestamp>
  <msgtype>MsgMixture</msgtype>
  <content>string|string|bool
AssetBundleText slim - pngName,LDR_LLL1_26.d74d282c,false</content>
  <stackFrames>
[CALL STACK][0]: Method:WXTextureTools.Application.FirstBundle.FirstBundleHandler.slim; File:.0
[CALL STACK][1]: Method:WXTextureTools.Application.AppCmdExec.WXSlimFirstBundleExec.todo; File:.0
[CALL STACK][2]: Method:WXTextureTools.Application.App.process; File:.0
</stackFrames>
</wxlog>
<wxlog>
  <threadId>#main</threadId>
  <timestamp>00:24:41:5177</timestamp>
  <msgtype>MsgMixture</msgtype>
  <content>string|string
AssetBundleText slim - 1,LDR_LLL1_26</content>
  <stackFrames>
[CALL STACK][0]: Method:WXTextureTools.Application.FirstBundle.FirstBundleHandler.slim; File:.0
[CALL STACK][1]: Method:WXTextureTools.Application.AppCmdExec.WXSlimFirstBundleExec.todo; File:.0
[CALL STACK][2]: Method:WXTextureTools.Application.App.process; File:.0
</stackFrames>
</wxlog>
<wxlog>
  <threadId>#main</threadId>
  <timestamp>00:24:41:5203</timestamp>
  <msgtype>MsgMixture</msgtype>
  <content>string|string|bool
AssetBundleText slim - pngName,AreaTex.7befc2ae,false</content>
  <stackFrames>
[CALL STACK][0]: Method:WXTextureTools.Application.FirstBundle.FirstBundleHandler.slim; File:.0
[CALL STACK][1]: Method:WXTextureTools.Application.AppCmdExec.WXSlimFirstBundleExec.todo; File:.0
[CALL STACK][2]: Method:WXTextureTools.Application.App.process; File:.0
</stackFrames>
</wxlog>
<wxlog>
  <threadId>#main</threadId>
  <timestamp>00:24:41:5208</timestamp>
  <msgtype>MsgMixture</msgtype>
  <content>string|string
AssetBundleText slim - 1,AreaTex</content>
  <stackFrames>
[CALL STACK][0]: Method:WXTextureTools.Application.FirstBundle.FirstBundleHandler.slim; File:.0
[CALL STACK][1]: Method:WXTextureTools.Application.AppCmdExec.WXSlimFirstBundleExec.todo; File:.0
[CALL STACK][2]: Method:WXTextureTools.Application.App.process; File:.0
</stackFrames>
</wxlog>
<wxlog>
  <threadId>#main</threadId>
  <timestamp>00:24:41:5208</timestamp>
  <msgtype>MsgMixture</msgtype>
  <content>string|string|bool
AssetBundleText slim - pngName,LDR_LLL1_18.0ae6826f,false</content>
  <stackFrames>
[CALL STACK][0]: Method:WXTextureTools.Application.FirstBundle.FirstBundleHandler.slim; File:.0
[CALL STACK][1]: Method:WXTextureTools.Application.AppCmdExec.WXSlimFirstBundleExec.todo; File:.0
[CALL STACK][2]: Method:WXTextureTools.Application.App.process; File:.0
</stackFrames>
</wxlog>
<wxlog>
  <threadId>#main</threadId>
  <timestamp>00:24:41:5208</timestamp>
  <msgtype>MsgMixture</msgtype>
  <content>string|string
AssetBundleText slim - 1,LDR_LLL1_18</content>
  <stackFrames>
[CALL STACK][0]: Method:WXTextureTools.Application.FirstBundle.FirstBundleHandler.slim; File:.0
[CALL STACK][1]: Method:WXTextureTools.Application.AppCmdExec.WXSlimFirstBundleExec.todo; File:.0
[CALL STACK][2]: Method:WXTextureTools.Application.App.process; File:.0
</stackFrames>
</wxlog>
<wxlog>
  <threadId>#main</threadId>
  <timestamp>00:24:41:5208</timestamp>
  <msgtype>MsgMixture</msgtype>
  <content>string|string|bool
AssetBundleText slim - pngName,LDR_LLL1_19.bb8b897f,false</content>
  <stackFrames>
[CALL STACK][0]: Method:WXTextureTools.Application.FirstBundle.FirstBundleHandler.slim; File:.0
[CALL STACK][1]: Method:WXTextureTools.Application.AppCmdExec.WXSlimFirstBundleExec.todo; File:.0
[CALL STACK][2]: Method:WXTextureTools.Application.App.process; File:.0
</stackFrames>
</wxlog>
<wxlog>
  <threadId>#main</threadId>
  <timestamp>00:24:41:5208</timestamp>
  <msgtype>MsgMixture</msgtype>
  <content>string|string
AssetBundleText slim - 1,LDR_LLL1_19</content>
  <stackFrames>
[CALL STACK][0]: Method:WXTextureTools.Application.FirstBundle.FirstBundleHandler.slim; File:.0
[CALL STACK][1]: Method:WXTextureTools.Application.AppCmdExec.WXSlimFirstBundleExec.todo; File:.0
[CALL STACK][2]: Method:WXTextureTools.Application.App.process; File:.0
</stackFrames>
</wxlog>
<wxlog>
  <threadId>#main</threadId>
  <timestamp>00:24:41:5208</timestamp>
  <msgtype>MsgMixture</msgtype>
  <content>string|string|bool
AssetBundleText slim - pngName,LDR_LLL1_1.e6e26115,false</content>
  <stackFrames>
[CALL STACK][0]: Method:WXTextureTools.Application.FirstBundle.FirstBundleHandler.slim; File:.0
[CALL STACK][1]: Method:WXTextureTools.Application.AppCmdExec.WXSlimFirstBundleExec.todo; File:.0
[CALL STACK][2]: Method:WXTextureTools.Application.App.process; File:.0
</stackFrames>
</wxlog>
<wxlog>
  <threadId>#main</threadId>
  <timestamp>00:24:41:5208</timestamp>
  <msgtype>MsgMixture</msgtype>
  <content>string|string
AssetBundleText slim - 1,LDR_LLL1_1</content>
  <stackFrames>
[CALL STACK][0]: Method:WXTextureTools.Application.FirstBundle.FirstBundleHandler.slim; File:.0
[CALL STACK][1]: Method:WXTextureTools.Application.AppCmdExec.WXSlimFirstBundleExec.todo; File:.0
[CALL STACK][2]: Method:WXTextureTools.Application.App.process; File:.0
</stackFrames>
</wxlog>
<wxlog>
  <threadId>#main</threadId>
  <timestamp>00:24:41:5208</timestamp>
  <msgtype>MsgMixture</msgtype>
  <content>string|string|bool
AssetBundleText slim - pngName,LDR_LLL1_13.8d38e0bf,false</content>
  <stackFrames>
[CALL STACK][0]: Method:WXTextureTools.Application.FirstBundle.FirstBundleHandler.slim; File:.0
[CALL STACK][1]: Method:WXTextureTools.Application.AppCmdExec.WXSlimFirstBundleExec.todo; File:.0
[CALL STACK][2]: Method:WXTextureTools.Application.App.process; File:.0
</stackFrames>
</wxlog>
<wxlog>
  <threadId>#main</threadId>
  <timestamp>00:24:41:5208</timestamp>
  <msgtype>MsgMixture</msgtype>
  <content>string|string
AssetBundleText slim - 1,LDR_LLL1_13</content>
  <stackFrames>
[CALL STACK][0]: Method:WXTextureTools.Application.FirstBundle.FirstBundleHandler.slim; File:.0
[CALL STACK][1]: Method:WXTextureTools.Application.AppCmdExec.WXSlimFirstBundleExec.todo; File:.0
[CALL STACK][2]: Method:WXTextureTools.Application.App.process; File:.0
</stackFrames>
</wxlog>
<wxlog>
  <threadId>#main</threadId>
  <timestamp>00:24:41:5208</timestamp>
  <msgtype>MsgMixture</msgtype>
  <content>string|string|bool
AssetBundleText slim - pngName,LDR_LLL1_21.c75c847e,false</content>
  <stackFrames>
[CALL STACK][0]: Method:WXTextureTools.Application.FirstBundle.FirstBundleHandler.slim; File:.0
[CALL STACK][1]: Method:WXTextureTools.Application.AppCmdExec.WXSlimFirstBundleExec.todo; File:.0
[CALL STACK][2]: Method:WXTextureTools.Application.App.process; File:.0
</stackFrames>
</wxlog>
<wxlog>
  <threadId>#main</threadId>
  <timestamp>00:24:41:5208</timestamp>
  <msgtype>MsgMixture</msgtype>
  <content>string|string
AssetBundleText slim - 1,LDR_LLL1_21</content>
  <stackFrames>
[CALL STACK][0]: Method:WXTextureTools.Application.FirstBundle.FirstBundleHandler.slim; File:.0
[CALL STACK][1]: Method:WXTextureTools.Application.AppCmdExec.WXSlimFirstBundleExec.todo; File:.0
[CALL STACK][2]: Method:WXTextureTools.Application.App.process; File:.0
</stackFrames>
</wxlog>
<wxlog>
  <threadId>#main</threadId>
  <timestamp>00:24:41:5228</timestamp>
  <msgtype>MsgMixture</msgtype>
  <content>string|string|bool
AssetBundleText slim - pngName,Thin02.85ffa087,false</content>
  <stackFrames>
[CALL STACK][0]: Method:WXTextureTools.Application.FirstBundle.FirstBundleHandler.slim; File:.0
[CALL STACK][1]: Method:WXTextureTools.Application.AppCmdExec.WXSlimFirstBundleExec.todo; File:.0
[CALL STACK][2]: Method:WXTextureTools.Application.App.process; File:.0
</stackFrames>
</wxlog>
<wxlog>
  <threadId>#main</threadId>
  <timestamp>00:24:41:5228</timestamp>
  <msgtype>MsgMixture</msgtype>
  <content>string|string
AssetBundleText slim - 1,Thin02</content>
  <stackFrames>
[CALL STACK][0]: Method:WXTextureTools.Application.FirstBundle.FirstBundleHandler.slim; File:.0
[CALL STACK][1]: Method:WXTextureTools.Application.AppCmdExec.WXSlimFirstBundleExec.todo; File:.0
[CALL STACK][2]: Method:WXTextureTools.Application.App.process; File:.0
</stackFrames>
</wxlog>
<wxlog>
  <threadId>#main</threadId>
  <timestamp>00:24:41:5243</timestamp>
  <msgtype>MsgMixture</msgtype>
  <content>string|string|bool
AssetBundleText slim - pngName,LDR_LLL1_4.15aa9186,false</content>
  <stackFrames>
[CALL STACK][0]: Method:WXTextureTools.Application.FirstBundle.FirstBundleHandler.slim; File:.0
[CALL STACK][1]: Method:WXTextureTools.Application.AppCmdExec.WXSlimFirstBundleExec.todo; File:.0
[CALL STACK][2]: Method:WXTextureTools.Application.App.process; File:.0
</stackFrames>
</wxlog>
<wxlog>
  <threadId>#main</threadId>
  <timestamp>00:24:41:5243</timestamp>
  <msgtype>MsgMixture</msgtype>
  <content>string|string
AssetBundleText slim - 1,LDR_LLL1_4</content>
  <stackFrames>
[CALL STACK][0]: Method:WXTextureTools.Application.FirstBundle.FirstBundleHandler.slim; File:.0
[CALL STACK][1]: Method:WXTextureTools.Application.AppCmdExec.WXSlimFirstBundleExec.todo; File:.0
[CALL STACK][2]: Method:WXTextureTools.Application.App.process; File:.0
</stackFrames>
</wxlog>
<wxlog>
  <threadId>#main</threadId>
  <timestamp>00:24:41:5243</timestamp>
  <msgtype>MsgMixture</msgtype>
  <content>string|string|bool
AssetBundleText slim - pngName,LDR_LLL1_0.1e9160f6,false</content>
  <stackFrames>
[CALL STACK][0]: Method:WXTextureTools.Application.FirstBundle.FirstBundleHandler.slim; File:.0
[CALL STACK][1]: Method:WXTextureTools.Application.AppCmdExec.WXSlimFirstBundleExec.todo; File:.0
[CALL STACK][2]: Method:WXTextureTools.Application.App.process; File:.0
</stackFrames>
</wxlog>
<wxlog>
  <threadId>#main</threadId>
  <timestamp>00:24:41:5243</timestamp>
  <msgtype>MsgMixture</msgtype>
  <content>string|string
AssetBundleText slim - 1,LDR_LLL1_0</content>
  <stackFrames>
[CALL STACK][0]: Method:WXTextureTools.Application.FirstBundle.FirstBundleHandler.slim; File:.0
[CALL STACK][1]: Method:WXTextureTools.Application.AppCmdExec.WXSlimFirstBundleExec.todo; File:.0
[CALL STACK][2]: Method:WXTextureTools.Application.App.process; File:.0
</stackFrames>
</wxlog>
<wxlog>
  <threadId>#main</threadId>
  <timestamp>00:24:41:5248</timestamp>
  <msgtype>MsgMixture</msgtype>
  <content>string|string|bool
AssetBundleText slim - pngName,LDR_LLL1_5.a916a824,false</content>
  <stackFrames>
[CALL STACK][0]: Method:WXTextureTools.Application.FirstBundle.FirstBundleHandler.slim; File:.0
[CALL STACK][1]: Method:WXTextureTools.Application.AppCmdExec.WXSlimFirstBundleExec.todo; File:.0
[CALL STACK][2]: Method:WXTextureTools.Application.App.process; File:.0
</stackFrames>
</wxlog>
<wxlog>
  <threadId>#main</threadId>
  <timestamp>00:24:41:5248</timestamp>
  <msgtype>MsgMixture</msgtype>
  <content>string|string
AssetBundleText slim - 1,LDR_LLL1_5</content>
  <stackFrames>
[CALL STACK][0]: Method:WXTextureTools.Application.FirstBundle.FirstBundleHandler.slim; File:.0
[CALL STACK][1]: Method:WXTextureTools.Application.AppCmdExec.WXSlimFirstBundleExec.todo; File:.0
[CALL STACK][2]: Method:WXTextureTools.Application.App.process; File:.0
</stackFrames>
</wxlog>
<wxlog>
  <threadId>#main</threadId>
  <timestamp>00:24:41:5248</timestamp>
  <msgtype>MsgMixture</msgtype>
  <content>string|string|bool
AssetBundleText slim - pngName,LDR_LLL1_8.93acaa37,false</content>
  <stackFrames>
[CALL STACK][0]: Method:WXTextureTools.Application.FirstBundle.FirstBundleHandler.slim; File:.0
[CALL STACK][1]: Method:WXTextureTools.Application.AppCmdExec.WXSlimFirstBundleExec.todo; File:.0
[CALL STACK][2]: Method:WXTextureTools.Application.App.process; File:.0
</stackFrames>
</wxlog>
<wxlog>
  <threadId>#main</threadId>
  <timestamp>00:24:41:5248</timestamp>
  <msgtype>MsgMixture</msgtype>
  <content>string|string
AssetBundleText slim - 1,LDR_LLL1_8</content>
  <stackFrames>
[CALL STACK][0]: Method:WXTextureTools.Application.FirstBundle.FirstBundleHandler.slim; File:.0
[CALL STACK][1]: Method:WXTextureTools.Application.AppCmdExec.WXSlimFirstBundleExec.todo; File:.0
[CALL STACK][2]: Method:WXTextureTools.Application.App.process; File:.0
</stackFrames>
</wxlog>
<wxlog>
  <threadId>#main</threadId>
  <timestamp>00:24:41:5268</timestamp>
  <msgtype>MsgMixture</msgtype>
  <content>string|string|bool
AssetBundleText slim - pngName,Medium02.fadc964a,false</content>
  <stackFrames>
[CALL STACK][0]: Method:WXTextureTools.Application.FirstBundle.FirstBundleHandler.slim; File:.0
[CALL STACK][1]: Method:WXTextureTools.Application.AppCmdExec.WXSlimFirstBundleExec.todo; File:.0
[CALL STACK][2]: Method:WXTextureTools.Application.App.process; File:.0
</stackFrames>
</wxlog>
<wxlog>
  <threadId>#main</threadId>
  <timestamp>00:24:41:5273</timestamp>
  <msgtype>MsgMixture</msgtype>
  <content>string|string
AssetBundleText slim - 1,Medium02</content>
  <stackFrames>
[CALL STACK][0]: Method:WXTextureTools.Application.FirstBundle.FirstBundleHandler.slim; File:.0
[CALL STACK][1]: Method:WXTextureTools.Application.AppCmdExec.WXSlimFirstBundleExec.todo; File:.0
[CALL STACK][2]: Method:WXTextureTools.Application.App.process; File:.0
</stackFrames>
</wxlog>
<wxlog>
  <threadId>#main</threadId>
  <timestamp>00:24:41:5273</timestamp>
  <msgtype>MsgMixture</msgtype>
  <content>string|string|bool
AssetBundleText slim - pngName,LDR_LLL1_22.a1e80e7a,false</content>
  <stackFrames>
[CALL STACK][0]: Method:WXTextureTools.Application.FirstBundle.FirstBundleHandler.slim; File:.0
[CALL STACK][1]: Method:WXTextureTools.Application.AppCmdExec.WXSlimFirstBundleExec.todo; File:.0
[CALL STACK][2]: Method:WXTextureTools.Application.App.process; File:.0
</stackFrames>
</wxlog>
<wxlog>
  <threadId>#main</threadId>
  <timestamp>00:24:41:5273</timestamp>
  <msgtype>MsgMixture</msgtype>
  <content>string|string
AssetBundleText slim - 1,LDR_LLL1_22</content>
  <stackFrames>
[CALL STACK][0]: Method:WXTextureTools.Application.FirstBundle.FirstBundleHandler.slim; File:.0
[CALL STACK][1]: Method:WXTextureTools.Application.AppCmdExec.WXSlimFirstBundleExec.todo; File:.0
[CALL STACK][2]: Method:WXTextureTools.Application.App.process; File:.0
</stackFrames>
</wxlog>
<wxlog>
  <threadId>#main</threadId>
  <timestamp>00:24:41:5273</timestamp>
  <msgtype>MsgMixture</msgtype>
  <content>string|string|bool
AssetBundleText slim - pngName,BayerMatrix.407551c1,false</content>
  <stackFrames>
[CALL STACK][0]: Method:WXTextureTools.Application.FirstBundle.FirstBundleHandler.slim; File:.0
[CALL STACK][1]: Method:WXTextureTools.Application.AppCmdExec.WXSlimFirstBundleExec.todo; File:.0
[CALL STACK][2]: Method:WXTextureTools.Application.App.process; File:.0
</stackFrames>
</wxlog>
<wxlog>
  <threadId>#main</threadId>
  <timestamp>00:24:41:5273</timestamp>
  <msgtype>MsgMixture</msgtype>
  <content>string|string
AssetBundleText slim - 1,BayerMatrix</content>
  <stackFrames>
[CALL STACK][0]: Method:WXTextureTools.Application.FirstBundle.FirstBundleHandler.slim; File:.0
[CALL STACK][1]: Method:WXTextureTools.Application.AppCmdExec.WXSlimFirstBundleExec.todo; File:.0
[CALL STACK][2]: Method:WXTextureTools.Application.App.process; File:.0
</stackFrames>
</wxlog>
<wxlog>
  <threadId>#main</threadId>
  <timestamp>00:24:41:5273</timestamp>
  <msgtype>MsgMixture</msgtype>
  <content>string|string|bool
AssetBundleText slim - pngName,LDR_LLL1_29.10e196e1,false</content>
  <stackFrames>
[CALL STACK][0]: Method:WXTextureTools.Application.FirstBundle.FirstBundleHandler.slim; File:.0
[CALL STACK][1]: Method:WXTextureTools.Application.AppCmdExec.WXSlimFirstBundleExec.todo; File:.0
[CALL STACK][2]: Method:WXTextureTools.Application.App.process; File:.0
</stackFrames>
</wxlog>
<wxlog>
  <threadId>#main</threadId>
  <timestamp>00:24:41:5273</timestamp>
  <msgtype>MsgMixture</msgtype>
  <content>string|string
AssetBundleText slim - 1,LDR_LLL1_29</content>
  <stackFrames>
[CALL STACK][0]: Method:WXTextureTools.Application.FirstBundle.FirstBundleHandler.slim; File:.0
[CALL STACK][1]: Method:WXTextureTools.Application.AppCmdExec.WXSlimFirstBundleExec.todo; File:.0
[CALL STACK][2]: Method:WXTextureTools.Application.App.process; File:.0
</stackFrames>
</wxlog>
<wxlog>
  <threadId>#main</threadId>
  <timestamp>00:24:41:5273</timestamp>
  <msgtype>MsgMixture</msgtype>
  <content>string|string|bool
AssetBundleText slim - pngName,LDR_LLL1_11.8901a3fa,false</content>
  <stackFrames>
[CALL STACK][0]: Method:WXTextureTools.Application.FirstBundle.FirstBundleHandler.slim; File:.0
[CALL STACK][1]: Method:WXTextureTools.Application.AppCmdExec.WXSlimFirstBundleExec.todo; File:.0
[CALL STACK][2]: Method:WXTextureTools.Application.App.process; File:.0
</stackFrames>
</wxlog>
<wxlog>
  <threadId>#main</threadId>
  <timestamp>00:24:41:5278</timestamp>
  <msgtype>MsgMixture</msgtype>
  <content>string|string
AssetBundleText slim - 1,LDR_LLL1_11</content>
  <stackFrames>
[CALL STACK][0]: Method:WXTextureTools.Application.FirstBundle.FirstBundleHandler.slim; File:.0
[CALL STACK][1]: Method:WXTextureTools.Application.AppCmdExec.WXSlimFirstBundleExec.todo; File:.0
[CALL STACK][2]: Method:WXTextureTools.Application.App.process; File:.0
</stackFrames>
</wxlog>
<wxlog>
  <threadId>#main</threadId>
  <timestamp>00:24:41:5293</timestamp>
  <msgtype>MsgMixture</msgtype>
  <content>string|string|bool
AssetBundleText slim - pngName,Large01.636f1e2c,false</content>
  <stackFrames>
[CALL STACK][0]: Method:WXTextureTools.Application.FirstBundle.FirstBundleHandler.slim; File:.0
[CALL STACK][1]: Method:WXTextureTools.Application.AppCmdExec.WXSlimFirstBundleExec.todo; File:.0
[CALL STACK][2]: Method:WXTextureTools.Application.App.process; File:.0
</stackFrames>
</wxlog>
<wxlog>
  <threadId>#main</threadId>
  <timestamp>00:24:41:5298</timestamp>
  <msgtype>MsgMixture</msgtype>
  <content>string|string
AssetBundleText slim - 1,Large01</content>
  <stackFrames>
[CALL STACK][0]: Method:WXTextureTools.Application.FirstBundle.FirstBundleHandler.slim; File:.0
[CALL STACK][1]: Method:WXTextureTools.Application.AppCmdExec.WXSlimFirstBundleExec.todo; File:.0
[CALL STACK][2]: Method:WXTextureTools.Application.App.process; File:.0
</stackFrames>
</wxlog>
<wxlog>
  <threadId>#main</threadId>
  <timestamp>00:24:41:5298</timestamp>
  <msgtype>MsgMixture</msgtype>
  <content>string|string|bool
AssetBundleText slim - pngName,LDR_LLL1_28.d5296d58,false</content>
  <stackFrames>
[CALL STACK][0]: Method:WXTextureTools.Application.FirstBundle.FirstBundleHandler.slim; File:.0
[CALL STACK][1]: Method:WXTextureTools.Application.AppCmdExec.WXSlimFirstBundleExec.todo; File:.0
[CALL STACK][2]: Method:WXTextureTools.Application.App.process; File:.0
</stackFrames>
</wxlog>
<wxlog>
  <threadId>#main</threadId>
  <timestamp>00:24:41:5298</timestamp>
  <msgtype>MsgMixture</msgtype>
  <content>string|string
AssetBundleText slim - 1,LDR_LLL1_28</content>
  <stackFrames>
[CALL STACK][0]: Method:WXTextureTools.Application.FirstBundle.FirstBundleHandler.slim; File:.0
[CALL STACK][1]: Method:WXTextureTools.Application.AppCmdExec.WXSlimFirstBundleExec.todo; File:.0
[CALL STACK][2]: Method:WXTextureTools.Application.App.process; File:.0
</stackFrames>
</wxlog>
<wxlog>
  <threadId>#main</threadId>
  <timestamp>00:24:41:5303</timestamp>
  <msgtype>MsgMixture</msgtype>
  <content>string|string|bool
AssetBundleText slim - pngName,Checkmark.2e569651,false</content>
  <stackFrames>
[CALL STACK][0]: Method:WXTextureTools.Application.FirstBundle.FirstBundleHandler.slim; File:.0
[CALL STACK][1]: Method:WXTextureTools.Application.AppCmdExec.WXSlimFirstBundleExec.todo; File:.0
[CALL STACK][2]: Method:WXTextureTools.Application.App.process; File:.0
</stackFrames>
</wxlog>
<wxlog>
  <threadId>#main</threadId>
  <timestamp>00:24:41:5303</timestamp>
  <msgtype>MsgMixture</msgtype>
  <content>string|string|bool
AssetBundleText slim - pngName,UISprite.b48f75d0,false</content>
  <stackFrames>
[CALL STACK][0]: Method:WXTextureTools.Application.FirstBundle.FirstBundleHandler.slim; File:.0
[CALL STACK][1]: Method:WXTextureTools.Application.AppCmdExec.WXSlimFirstBundleExec.todo; File:.0
[CALL STACK][2]: Method:WXTextureTools.Application.App.process; File:.0
</stackFrames>
</wxlog>
<wxlog>
  <threadId>#main</threadId>
  <timestamp>00:24:41:5303</timestamp>
  <msgtype>MsgMixture</msgtype>
  <content>string|string|bool
AssetBundleText slim - pngName,Background.665e03a7,false</content>
  <stackFrames>
[CALL STACK][0]: Method:WXTextureTools.Application.FirstBundle.FirstBundleHandler.slim; File:.0
[CALL STACK][1]: Method:WXTextureTools.Application.AppCmdExec.WXSlimFirstBundleExec.todo; File:.0
[CALL STACK][2]: Method:WXTextureTools.Application.App.process; File:.0
</stackFrames>
</wxlog>
<wxlog>
  <threadId>#main</threadId>
  <timestamp>00:24:41:5303</timestamp>
  <msgtype>MsgMixture</msgtype>
  <content>string|string|bool
AssetBundleText slim - pngName,DropdownArrow.93b6538d,false</content>
  <stackFrames>
[CALL STACK][0]: Method:WXTextureTools.Application.FirstBundle.FirstBundleHandler.slim; File:.0
[CALL STACK][1]: Method:WXTextureTools.Application.AppCmdExec.WXSlimFirstBundleExec.todo; File:.0
[CALL STACK][2]: Method:WXTextureTools.Application.App.process; File:.0
</stackFrames>
</wxlog>
<wxlog>
  <threadId>#main</threadId>
  <timestamp>00:24:41:5303</timestamp>
  <msgtype>MsgMixture</msgtype>
  <content>string|string|bool
AssetBundleText slim - pngName,UIMask.09363183,false</content>
  <stackFrames>
[CALL STACK][0]: Method:WXTextureTools.Application.FirstBundle.FirstBundleHandler.slim; File:.0
[CALL STACK][1]: Method:WXTextureTools.Application.AppCmdExec.WXSlimFirstBundleExec.todo; File:.0
[CALL STACK][2]: Method:WXTextureTools.Application.App.process; File:.0
</stackFrames>
</wxlog>
<wxlog>
  <threadId>#main</threadId>
  <timestamp>00:24:41:5303</timestamp>
  <msgtype>MsgMixture</msgtype>
  <content>string|string
AssetBundleText slim - 1,UIMask</content>
  <stackFrames>
[CALL STACK][0]: Method:WXTextureTools.Application.FirstBundle.FirstBundleHandler.slim; File:.0
[CALL STACK][1]: Method:WXTextureTools.Application.AppCmdExec.WXSlimFirstBundleExec.todo; File:.0
[CALL STACK][2]: Method:WXTextureTools.Application.App.process; File:.0
</stackFrames>
</wxlog>
<wxlog>
  <threadId>#main</threadId>
  <timestamp>00:24:41:5393</timestamp>
  <msgtype>MsgMixture</msgtype>
  <content>string|string|bool
AssetBundleText slim - pngName,Reticle Layer 36.802f743b,false</content>
  <stackFrames>
[CALL STACK][0]: Method:WXTextureTools.Application.FirstBundle.FirstBundleHandler.slim; File:.0
[CALL STACK][1]: Method:WXTextureTools.Application.AppCmdExec.WXSlimFirstBundleExec.todo; File:.0
[CALL STACK][2]: Method:WXTextureTools.Application.App.process; File:.0
</stackFrames>
</wxlog>
<wxlog>
  <threadId>#main</threadId>
  <timestamp>00:24:41:5723</timestamp>
  <msgtype>MsgMixture</msgtype>
  <content>string|string|bool
AssetBundleText slim - pngName,Housing_Emissive.0886ccbd,false</content>
  <stackFrames>
[CALL STACK][0]: Method:WXTextureTools.Application.FirstBundle.FirstBundleHandler.slim; File:.0
[CALL STACK][1]: Method:WXTextureTools.Application.AppCmdExec.WXSlimFirstBundleExec.todo; File:.0
[CALL STACK][2]: Method:WXTextureTools.Application.App.process; File:.0
</stackFrames>
</wxlog>
<wxlog>
  <threadId>#main</threadId>
  <timestamp>00:24:41:6059</timestamp>
  <msgtype>MsgMixture</msgtype>
  <content>string|string|bool
AssetBundleText slim - pngName,MCX 32_Material_AlbedoTransparency.cc2fa742,false</content>
  <stackFrames>
[CALL STACK][0]: Method:WXTextureTools.Application.FirstBundle.FirstBundleHandler.slim; File:.0
[CALL STACK][1]: Method:WXTextureTools.Application.AppCmdExec.WXSlimFirstBundleExec.todo; File:.0
[CALL STACK][2]: Method:WXTextureTools.Application.App.process; File:.0
</stackFrames>
</wxlog>
<wxlog>
  <threadId>#main</threadId>
  <timestamp>00:24:41:6405</timestamp>
  <msgtype>MsgMixture</msgtype>
  <content>string|string|bool
AssetBundleText slim - pngName,Housing_Height.1f9dde6b,false</content>
  <stackFrames>
[CALL STACK][0]: Method:WXTextureTools.Application.FirstBundle.FirstBundleHandler.slim; File:.0
[CALL STACK][1]: Method:WXTextureTools.Application.AppCmdExec.WXSlimFirstBundleExec.todo; File:.0
[CALL STACK][2]: Method:WXTextureTools.Application.App.process; File:.0
</stackFrames>
</wxlog>
<wxlog>
  <threadId>#main</threadId>
  <timestamp>00:24:41:6740</timestamp>
  <msgtype>MsgMixture</msgtype>
  <content>string|string|bool
AssetBundleText slim - pngName,Housing_Metallic.0e46fbf1,false</content>
  <stackFrames>
[CALL STACK][0]: Method:WXTextureTools.Application.FirstBundle.FirstBundleHandler.slim; File:.0
[CALL STACK][1]: Method:WXTextureTools.Application.AppCmdExec.WXSlimFirstBundleExec.todo; File:.0
[CALL STACK][2]: Method:WXTextureTools.Application.App.process; File:.0
</stackFrames>
</wxlog>
<wxlog>
  <threadId>#main</threadId>
  <timestamp>00:24:41:6840</timestamp>
  <msgtype>MsgMixture</msgtype>
  <content>string|string|bool
AssetBundleText slim - pngName,Red Dot Reticle.1d85a54a,false</content>
  <stackFrames>
[CALL STACK][0]: Method:WXTextureTools.Application.FirstBundle.FirstBundleHandler.slim; File:.0
[CALL STACK][1]: Method:WXTextureTools.Application.AppCmdExec.WXSlimFirstBundleExec.todo; File:.0
[CALL STACK][2]: Method:WXTextureTools.Application.App.process; File:.0
</stackFrames>
</wxlog>
<wxlog>
  <threadId>#main</threadId>
  <timestamp>00:24:41:7777</timestamp>
  <msgtype>MsgMixture</msgtype>
  <content>string|string|bool
AssetBundleText slim - pngName,MCX 32_Material_Normal.405ef8df,false</content>
  <stackFrames>
[CALL STACK][0]: Method:WXTextureTools.Application.FirstBundle.FirstBundleHandler.slim; File:.0
[CALL STACK][1]: Method:WXTextureTools.Application.AppCmdExec.WXSlimFirstBundleExec.todo; File:.0
[CALL STACK][2]: Method:WXTextureTools.Application.App.process; File:.0
</stackFrames>
</wxlog>
<wxlog>
  <threadId>#main</threadId>
  <timestamp>00:24:41:8262</timestamp>
  <msgtype>MsgMixture</msgtype>
  <content>string|string|bool
AssetBundleText slim - pngName,Material_Emissive.2297755d,false</content>
  <stackFrames>
[CALL STACK][0]: Method:WXTextureTools.Application.FirstBundle.FirstBundleHandler.slim; File:.0
[CALL STACK][1]: Method:WXTextureTools.Application.AppCmdExec.WXSlimFirstBundleExec.todo; File:.0
[CALL STACK][2]: Method:WXTextureTools.Application.App.process; File:.0
</stackFrames>
</wxlog>
<wxlog>
  <threadId>#main</threadId>
  <timestamp>00:24:41:8587</timestamp>
  <msgtype>MsgMixture</msgtype>
  <content>string|string|bool
AssetBundleText slim - pngName,Reticle Layer 5.a2b92539,false</content>
  <stackFrames>
[CALL STACK][0]: Method:WXTextureTools.Application.FirstBundle.FirstBundleHandler.slim; File:.0
[CALL STACK][1]: Method:WXTextureTools.Application.AppCmdExec.WXSlimFirstBundleExec.todo; File:.0
[CALL STACK][2]: Method:WXTextureTools.Application.App.process; File:.0
</stackFrames>
</wxlog>
<wxlog>
  <threadId>#main</threadId>
  <timestamp>00:24:41:9241</timestamp>
  <msgtype>MsgMixture</msgtype>
  <content>string|string|bool
AssetBundleText slim - pngName,Material_Height.1f9dde6b,false</content>
  <stackFrames>
[CALL STACK][0]: Method:WXTextureTools.Application.FirstBundle.FirstBundleHandler.slim; File:.0
[CALL STACK][1]: Method:WXTextureTools.Application.AppCmdExec.WXSlimFirstBundleExec.todo; File:.0
[CALL STACK][2]: Method:WXTextureTools.Application.App.process; File:.0
</stackFrames>
</wxlog>
<wxlog>
  <threadId>#main</threadId>
  <timestamp>00:24:41:9858</timestamp>
  <msgtype>MsgMixture</msgtype>
  <content>string|string|bool
AssetBundleText slim - pngName,MCX 32_Material_MetallicSmoothness.fec0074e,false</content>
  <stackFrames>
[CALL STACK][0]: Method:WXTextureTools.Application.FirstBundle.FirstBundleHandler.slim; File:.0
[CALL STACK][1]: Method:WXTextureTools.Application.AppCmdExec.WXSlimFirstBundleExec.todo; File:.0
[CALL STACK][2]: Method:WXTextureTools.Application.App.process; File:.0
</stackFrames>
</wxlog>
<wxlog>
  <threadId>#main</threadId>
  <timestamp>00:24:42:1444</timestamp>
  <msgtype>MsgMixture</msgtype>
  <content>string|string|bool
AssetBundleText slim - pngName,Material_Normal.b9d612d4,false</content>
  <stackFrames>
[CALL STACK][0]: Method:WXTextureTools.Application.FirstBundle.FirstBundleHandler.slim; File:.0
[CALL STACK][1]: Method:WXTextureTools.Application.AppCmdExec.WXSlimFirstBundleExec.todo; File:.0
[CALL STACK][2]: Method:WXTextureTools.Application.App.process; File:.0
</stackFrames>
</wxlog>
<wxlog>
  <threadId>#main</threadId>
  <timestamp>00:24:42:2142</timestamp>
  <msgtype>MsgMixture</msgtype>
  <content>string|string|bool
AssetBundleText slim - pngName,Housing_Base_color.6495aff6,false</content>
  <stackFrames>
[CALL STACK][0]: Method:WXTextureTools.Application.FirstBundle.FirstBundleHandler.slim; File:.0
[CALL STACK][1]: Method:WXTextureTools.Application.AppCmdExec.WXSlimFirstBundleExec.todo; File:.0
[CALL STACK][2]: Method:WXTextureTools.Application.App.process; File:.0
</stackFrames>
</wxlog>
<wxlog>
  <threadId>#main</threadId>
  <timestamp>00:24:42:2483</timestamp>
  <msgtype>MsgMixture</msgtype>
  <content>string|string|bool
AssetBundleText slim - pngName,Red Dot Triangle.e410b821,false</content>
  <stackFrames>
[CALL STACK][0]: Method:WXTextureTools.Application.FirstBundle.FirstBundleHandler.slim; File:.0
[CALL STACK][1]: Method:WXTextureTools.Application.AppCmdExec.WXSlimFirstBundleExec.todo; File:.0
[CALL STACK][2]: Method:WXTextureTools.Application.App.process; File:.0
</stackFrames>
</wxlog>
<wxlog>
  <threadId>#main</threadId>
  <timestamp>00:24:42:2945</timestamp>
  <msgtype>MsgMixture</msgtype>
  <content>string|string|bool
AssetBundleText slim - pngName,Sniper Reticle 2.db07812c,false</content>
  <stackFrames>
[CALL STACK][0]: Method:WXTextureTools.Application.FirstBundle.FirstBundleHandler.slim; File:.0
[CALL STACK][1]: Method:WXTextureTools.Application.AppCmdExec.WXSlimFirstBundleExec.todo; File:.0
[CALL STACK][2]: Method:WXTextureTools.Application.App.process; File:.0
</stackFrames>
</wxlog>
<wxlog>
  <threadId>#main</threadId>
  <timestamp>00:24:42:3693</timestamp>
  <msgtype>MsgMixture</msgtype>
  <content>string|string|bool
AssetBundleText slim - pngName,Housing_Mixed_AO.e1ee3eba,false</content>
  <stackFrames>
[CALL STACK][0]: Method:WXTextureTools.Application.FirstBundle.FirstBundleHandler.slim; File:.0
[CALL STACK][1]: Method:WXTextureTools.Application.AppCmdExec.WXSlimFirstBundleExec.todo; File:.0
[CALL STACK][2]: Method:WXTextureTools.Application.App.process; File:.0
</stackFrames>
</wxlog>
<wxlog>
  <threadId>#main</threadId>
  <timestamp>00:24:42:4574</timestamp>
  <msgtype>MsgMixture</msgtype>
  <content>string|string|bool
AssetBundleText slim - pngName,Material_Base_color.d5402e38,false</content>
  <stackFrames>
[CALL STACK][0]: Method:WXTextureTools.Application.FirstBundle.FirstBundleHandler.slim; File:.0
[CALL STACK][1]: Method:WXTextureTools.Application.AppCmdExec.WXSlimFirstBundleExec.todo; File:.0
[CALL STACK][2]: Method:WXTextureTools.Application.App.process; File:.0
</stackFrames>
</wxlog>
<wxlog>
  <threadId>#main</threadId>
  <timestamp>00:24:42:5793</timestamp>
  <msgtype>MsgMixture</msgtype>
  <content>string|string|bool
AssetBundleText slim - pngName,Material_Metallic.f5642467,false</content>
  <stackFrames>
[CALL STACK][0]: Method:WXTextureTools.Application.FirstBundle.FirstBundleHandler.slim; File:.0
[CALL STACK][1]: Method:WXTextureTools.Application.AppCmdExec.WXSlimFirstBundleExec.todo; File:.0
[CALL STACK][2]: Method:WXTextureTools.Application.App.process; File:.0
</stackFrames>
</wxlog>
<wxlog>
  <threadId>#main</threadId>
  <timestamp>00:24:42:6213</timestamp>
  <msgtype>MsgMixture</msgtype>
  <content>string|string|bool
AssetBundleText slim - pngName,Reticle Layer 28.9a3e9904,false</content>
  <stackFrames>
[CALL STACK][0]: Method:WXTextureTools.Application.FirstBundle.FirstBundleHandler.slim; File:.0
[CALL STACK][1]: Method:WXTextureTools.Application.AppCmdExec.WXSlimFirstBundleExec.todo; File:.0
[CALL STACK][2]: Method:WXTextureTools.Application.App.process; File:.0
</stackFrames>
</wxlog>
<wxlog>
  <threadId>#main</threadId>
  <timestamp>00:24:42:6986</timestamp>
  <msgtype>MsgMixture</msgtype>
  <content>string|string|bool
AssetBundleText slim - pngName,Housing_Normal.b9d612d4,false</content>
  <stackFrames>
[CALL STACK][0]: Method:WXTextureTools.Application.FirstBundle.FirstBundleHandler.slim; File:.0
[CALL STACK][1]: Method:WXTextureTools.Application.AppCmdExec.WXSlimFirstBundleExec.todo; File:.0
[CALL STACK][2]: Method:WXTextureTools.Application.App.process; File:.0
</stackFrames>
</wxlog>
<wxlog>
  <threadId>#main</threadId>
  <timestamp>00:24:42:7923</timestamp>
  <msgtype>MsgMixture</msgtype>
  <content>string|string|bool
AssetBundleText slim - pngName,Material_Mixed_AO.40a775dc,false</content>
  <stackFrames>
[CALL STACK][0]: Method:WXTextureTools.Application.FirstBundle.FirstBundleHandler.slim; File:.0
[CALL STACK][1]: Method:WXTextureTools.Application.AppCmdExec.WXSlimFirstBundleExec.todo; File:.0
[CALL STACK][2]: Method:WXTextureTools.Application.App.process; File:.0
</stackFrames>
</wxlog>
<wxlog>
  <threadId>#main</threadId>
  <timestamp>00:24:42:8137</timestamp>
  <msgtype>MsgMixture</msgtype>
  <content>string|string|bool
AssetBundleText slim - pngName,Glass Scratches.3493304e,false</content>
  <stackFrames>
[CALL STACK][0]: Method:WXTextureTools.Application.FirstBundle.FirstBundleHandler.slim; File:.0
[CALL STACK][1]: Method:WXTextureTools.Application.AppCmdExec.WXSlimFirstBundleExec.todo; File:.0
[CALL STACK][2]: Method:WXTextureTools.Application.App.process; File:.0
</stackFrames>
</wxlog>
<wxlog>
  <threadId>#main</threadId>
  <timestamp>00:24:42:9076</timestamp>
  <msgtype>MsgMixture</msgtype>
  <content>string|string|bool
AssetBundleText slim - pngName,MCX 32_Material_Emission.016c2a2d,false</content>
  <stackFrames>
[CALL STACK][0]: Method:WXTextureTools.Application.FirstBundle.FirstBundleHandler.slim; File:.0
[CALL STACK][1]: Method:WXTextureTools.Application.AppCmdExec.WXSlimFirstBundleExec.todo; File:.0
[CALL STACK][2]: Method:WXTextureTools.Application.App.process; File:.0
</stackFrames>
</wxlog>
<wxlog>
  <threadId>#main</threadId>
  <timestamp>00:24:42:9720</timestamp>
  <msgtype>MsgMixture</msgtype>
  <content>string|string|bool
AssetBundleText slim - pngName,MCX 32_Material_AmbientOcclusion.136d6b86,false</content>
  <stackFrames>
[CALL STACK][0]: Method:WXTextureTools.Application.FirstBundle.FirstBundleHandler.slim; File:.0
[CALL STACK][1]: Method:WXTextureTools.Application.AppCmdExec.WXSlimFirstBundleExec.todo; File:.0
[CALL STACK][2]: Method:WXTextureTools.Application.App.process; File:.0
</stackFrames>
</wxlog>
<wxlog>
  <threadId>#main</threadId>
  <timestamp>00:24:43:0336</timestamp>
  <msgtype>MsgMixture</msgtype>
  <content>string|string|bool
AssetBundleText slim - pngName,Keyboard_Black_A.9ee8ebab,false</content>
  <stackFrames>
[CALL STACK][0]: Method:WXTextureTools.Application.FirstBundle.FirstBundleHandler.slim; File:.0
[CALL STACK][1]: Method:WXTextureTools.Application.AppCmdExec.WXSlimFirstBundleExec.todo; File:.0
[CALL STACK][2]: Method:WXTextureTools.Application.App.process; File:.0
</stackFrames>
</wxlog>
<wxlog>
  <threadId>#main</threadId>
  <timestamp>00:24:43:0386</timestamp>
  <msgtype>MsgMixture</msgtype>
  <content>string|string|bool
AssetBundleText slim - pngName,1.dc809c33,false</content>
  <stackFrames>
[CALL STACK][0]: Method:WXTextureTools.Application.FirstBundle.FirstBundleHandler.slim; File:.0
[CALL STACK][1]: Method:WXTextureTools.Application.AppCmdExec.WXSlimFirstBundleExec.todo; File:.0
[CALL STACK][2]: Method:WXTextureTools.Application.App.process; File:.0
</stackFrames>
</wxlog>
<wxlog>
  <threadId>#main</threadId>
  <timestamp>00:24:43:0507</timestamp>
  <msgtype>MsgMixture</msgtype>
  <content>string|string|bool
AssetBundleText slim - pngName,SS Top Header.6483b47e,false</content>
  <stackFrames>
[CALL STACK][0]: Method:WXTextureTools.Application.FirstBundle.FirstBundleHandler.slim; File:.0
[CALL STACK][1]: Method:WXTextureTools.Application.AppCmdExec.WXSlimFirstBundleExec.todo; File:.0
[CALL STACK][2]: Method:WXTextureTools.Application.App.process; File:.0
</stackFrames>
</wxlog>
<wxlog>
  <threadId>#main</threadId>
  <timestamp>00:24:43:0697</timestamp>
  <msgtype>MsgMixture</msgtype>
  <content>string|string|bool
AssetBundleText slim - pngName,Resources Normal.f45b32b0,false</content>
  <stackFrames>
[CALL STACK][0]: Method:WXTextureTools.Application.FirstBundle.FirstBundleHandler.slim; File:.0
[CALL STACK][1]: Method:WXTextureTools.Application.AppCmdExec.WXSlimFirstBundleExec.todo; File:.0
[CALL STACK][2]: Method:WXTextureTools.Application.App.process; File:.0
</stackFrames>
</wxlog>
<wxlog>
  <threadId>#main</threadId>
  <timestamp>00:24:43:0828</timestamp>
  <msgtype>MsgMixture</msgtype>
  <content>string|string|bool
AssetBundleText slim - pngName,23.71bffd26,false</content>
  <stackFrames>
[CALL STACK][0]: Method:WXTextureTools.Application.FirstBundle.FirstBundleHandler.slim; File:.0
[CALL STACK][1]: Method:WXTextureTools.Application.AppCmdExec.WXSlimFirstBundleExec.todo; File:.0
[CALL STACK][2]: Method:WXTextureTools.Application.App.process; File:.0
</stackFrames>
</wxlog>
<wxlog>
  <threadId>#main</threadId>
  <timestamp>00:24:43:0948</timestamp>
  <msgtype>MsgMixture</msgtype>
  <content>string|string|bool
AssetBundleText slim - pngName,Content Normal.e7cd930c,false</content>
  <stackFrames>
[CALL STACK][0]: Method:WXTextureTools.Application.FirstBundle.FirstBundleHandler.slim; File:.0
[CALL STACK][1]: Method:WXTextureTools.Application.AppCmdExec.WXSlimFirstBundleExec.todo; File:.0
[CALL STACK][2]: Method:WXTextureTools.Application.App.process; File:.0
</stackFrames>
</wxlog>
<wxlog>
  <threadId>#main</threadId>
  <timestamp>00:24:43:1063</timestamp>
  <msgtype>MsgMixture</msgtype>
  <content>string|string|bool
AssetBundleText slim - pngName,5.72d4d03b,false</content>
  <stackFrames>
[CALL STACK][0]: Method:WXTextureTools.Application.FirstBundle.FirstBundleHandler.slim; File:.0
[CALL STACK][1]: Method:WXTextureTools.Application.AppCmdExec.WXSlimFirstBundleExec.todo; File:.0
[CALL STACK][2]: Method:WXTextureTools.Application.App.process; File:.0
</stackFrames>
</wxlog>
<wxlog>
  <threadId>#main</threadId>
  <timestamp>00:24:43:1229</timestamp>
  <msgtype>MsgMixture</msgtype>
  <content>string|string|bool
AssetBundleText slim - pngName,L_ES.5a9eff96,false</content>
  <stackFrames>
[CALL STACK][0]: Method:WXTextureTools.Application.FirstBundle.FirstBundleHandler.slim; File:.0
[CALL STACK][1]: Method:WXTextureTools.Application.AppCmdExec.WXSlimFirstBundleExec.todo; File:.0
[CALL STACK][2]: Method:WXTextureTools.Application.App.process; File:.0
</stackFrames>
</wxlog>
<wxlog>
  <threadId>#main</threadId>
  <timestamp>00:24:43:1314</timestamp>
  <msgtype>MsgMixture</msgtype>
  <content>string|string|bool
AssetBundleText slim - pngName,Settings Active.4cff937c,false</content>
  <stackFrames>
[CALL STACK][0]: Method:WXTextureTools.Application.FirstBundle.FirstBundleHandler.slim; File:.0
[CALL STACK][1]: Method:WXTextureTools.Application.AppCmdExec.WXSlimFirstBundleExec.todo; File:.0
[CALL STACK][2]: Method:WXTextureTools.Application.App.process; File:.0
</stackFrames>
</wxlog>
<wxlog>
  <threadId>#main</threadId>
  <timestamp>00:24:43:1344</timestamp>
  <msgtype>MsgMixture</msgtype>
  <content>string|string|bool
AssetBundleText slim - pngName,RadiantOrbHandle.f0d68dc1,false</content>
  <stackFrames>
[CALL STACK][0]: Method:WXTextureTools.Application.FirstBundle.FirstBundleHandler.slim; File:.0
[CALL STACK][1]: Method:WXTextureTools.Application.AppCmdExec.WXSlimFirstBundleExec.todo; File:.0
[CALL STACK][2]: Method:WXTextureTools.Application.App.process; File:.0
</stackFrames>
</wxlog>
<wxlog>
  <threadId>#main</threadId>
  <timestamp>00:24:43:1344</timestamp>
  <msgtype>MsgMixture</msgtype>
  <content>string|string|bool
AssetBundleText slim - pngName,White1px.f8d314fe,false</content>
  <stackFrames>
[CALL STACK][0]: Method:WXTextureTools.Application.FirstBundle.FirstBundleHandler.slim; File:.0
[CALL STACK][1]: Method:WXTextureTools.Application.AppCmdExec.WXSlimFirstBundleExec.todo; File:.0
[CALL STACK][2]: Method:WXTextureTools.Application.App.process; File:.0
</stackFrames>
</wxlog>
<wxlog>
  <threadId>#main</threadId>
  <timestamp>00:24:43:1344</timestamp>
  <msgtype>MsgMixture</msgtype>
  <content>string|string
AssetBundleText slim - 1,White1px</content>
  <stackFrames>
[CALL STACK][0]: Method:WXTextureTools.Application.FirstBundle.FirstBundleHandler.slim; File:.0
[CALL STACK][1]: Method:WXTextureTools.Application.AppCmdExec.WXSlimFirstBundleExec.todo; File:.0
[CALL STACK][2]: Method:WXTextureTools.Application.App.process; File:.0
</stackFrames>
</wxlog>
<wxlog>
  <threadId>#main</threadId>
  <timestamp>00:24:43:1344</timestamp>
  <msgtype>MsgMixture</msgtype>
  <content>string|string|bool
AssetBundleText slim - pngName,XboxOne_X.ea6ead20,false</content>
  <stackFrames>
[CALL STACK][0]: Method:WXTextureTools.Application.FirstBundle.FirstBundleHandler.slim; File:.0
[CALL STACK][1]: Method:WXTextureTools.Application.AppCmdExec.WXSlimFirstBundleExec.todo; File:.0
[CALL STACK][2]: Method:WXTextureTools.Application.App.process; File:.0
</stackFrames>
</wxlog>
<wxlog>
  <threadId>#main</threadId>
  <timestamp>00:24:43:1349</timestamp>
  <msgtype>MsgMixture</msgtype>
  <content>string|string|bool
AssetBundleText slim - pngName,25.5402270f,false</content>
  <stackFrames>
[CALL STACK][0]: Method:WXTextureTools.Application.FirstBundle.FirstBundleHandler.slim; File:.0
[CALL STACK][1]: Method:WXTextureTools.Application.AppCmdExec.WXSlimFirstBundleExec.todo; File:.0
[CALL STACK][2]: Method:WXTextureTools.Application.App.process; File:.0
</stackFrames>
</wxlog>
<wxlog>
  <threadId>#main</threadId>
  <timestamp>00:24:43:1349</timestamp>
  <msgtype>MsgMixture</msgtype>
  <content>string|string|bool
AssetBundleText slim - pngName,4.9a9b7249,false</content>
  <stackFrames>
[CALL STACK][0]: Method:WXTextureTools.Application.FirstBundle.FirstBundleHandler.slim; File:.0
[CALL STACK][1]: Method:WXTextureTools.Application.AppCmdExec.WXSlimFirstBundleExec.todo; File:.0
[CALL STACK][2]: Method:WXTextureTools.Application.App.process; File:.0
</stackFrames>
</wxlog>
<wxlog>
  <threadId>#main</threadId>
  <timestamp>00:24:43:1535</timestamp>
  <msgtype>MsgMixture</msgtype>
  <content>string|string|bool
AssetBundleText slim - pngName,Placeholder Main.d7330a5a,false</content>
  <stackFrames>
[CALL STACK][0]: Method:WXTextureTools.Application.FirstBundle.FirstBundleHandler.slim; File:.0
[CALL STACK][1]: Method:WXTextureTools.Application.AppCmdExec.WXSlimFirstBundleExec.todo; File:.0
[CALL STACK][2]: Method:WXTextureTools.Application.App.process; File:.0
</stackFrames>
</wxlog>
<wxlog>
  <threadId>#main</threadId>
  <timestamp>00:24:43:1540</timestamp>
  <msgtype>MsgMixture</msgtype>
  <content>string|string|bool
AssetBundleText slim - pngName,Keyboard_Black_Esc.4a55cb05,false</content>
  <stackFrames>
[CALL STACK][0]: Method:WXTextureTools.Application.FirstBundle.FirstBundleHandler.slim; File:.0
[CALL STACK][1]: Method:WXTextureTools.Application.AppCmdExec.WXSlimFirstBundleExec.todo; File:.0
[CALL STACK][2]: Method:WXTextureTools.Application.App.process; File:.0
</stackFrames>
</wxlog>
<wxlog>
  <threadId>#main</threadId>
  <timestamp>00:24:43:1540</timestamp>
  <msgtype>MsgMixture</msgtype>
  <content>string|string|bool
AssetBundleText slim - pngName,Blank.8f00b204,false</content>
  <stackFrames>
[CALL STACK][0]: Method:WXTextureTools.Application.FirstBundle.FirstBundleHandler.slim; File:.0
[CALL STACK][1]: Method:WXTextureTools.Application.AppCmdExec.WXSlimFirstBundleExec.todo; File:.0
[CALL STACK][2]: Method:WXTextureTools.Application.App.process; File:.0
</stackFrames>
</wxlog>
<wxlog>
  <threadId>#main</threadId>
  <timestamp>00:24:43:1565</timestamp>
  <msgtype>MsgMixture</msgtype>
  <content>string|string|bool
AssetBundleText slim - pngName,RadiantOrbBG.4eaf2bd3,false</content>
  <stackFrames>
[CALL STACK][0]: Method:WXTextureTools.Application.FirstBundle.FirstBundleHandler.slim; File:.0
[CALL STACK][1]: Method:WXTextureTools.Application.AppCmdExec.WXSlimFirstBundleExec.todo; File:.0
[CALL STACK][2]: Method:WXTextureTools.Application.App.process; File:.0
</stackFrames>
</wxlog>
<wxlog>
  <threadId>#main</threadId>
  <timestamp>00:24:43:1570</timestamp>
  <msgtype>MsgMixture</msgtype>
  <content>string|string|bool
AssetBundleText slim - pngName,Data Active.54ddc1c5,false</content>
  <stackFrames>
[CALL STACK][0]: Method:WXTextureTools.Application.FirstBundle.FirstBundleHandler.slim; File:.0
[CALL STACK][1]: Method:WXTextureTools.Application.AppCmdExec.WXSlimFirstBundleExec.todo; File:.0
[CALL STACK][2]: Method:WXTextureTools.Application.App.process; File:.0
</stackFrames>
</wxlog>
<wxlog>
  <threadId>#main</threadId>
  <timestamp>00:24:43:1570</timestamp>
  <msgtype>MsgMixture</msgtype>
  <content>string|string|bool
AssetBundleText slim - pngName,18.e9d0deaa,false</content>
  <stackFrames>
[CALL STACK][0]: Method:WXTextureTools.Application.FirstBundle.FirstBundleHandler.slim; File:.0
[CALL STACK][1]: Method:WXTextureTools.Application.AppCmdExec.WXSlimFirstBundleExec.todo; File:.0
[CALL STACK][2]: Method:WXTextureTools.Application.App.process; File:.0
</stackFrames>
</wxlog>
<wxlog>
  <threadId>#main</threadId>
  <timestamp>00:24:43:1570</timestamp>
  <msgtype>MsgMixture</msgtype>
  <content>string|string|bool
AssetBundleText slim - pngName,PlaceholderBG4.8f00b204,false</content>
  <stackFrames>
[CALL STACK][0]: Method:WXTextureTools.Application.FirstBundle.FirstBundleHandler.slim; File:.0
[CALL STACK][1]: Method:WXTextureTools.Application.AppCmdExec.WXSlimFirstBundleExec.todo; File:.0
[CALL STACK][2]: Method:WXTextureTools.Application.App.process; File:.0
</stackFrames>
</wxlog>
<wxlog>
  <threadId>#main</threadId>
  <timestamp>00:24:43:1570</timestamp>
  <msgtype>MsgMixture</msgtype>
  <content>string|string|bool
AssetBundleText slim - pngName,HorizontalShadow.0f078d9f,false</content>
  <stackFrames>
[CALL STACK][0]: Method:WXTextureTools.Application.FirstBundle.FirstBundleHandler.slim; File:.0
[CALL STACK][1]: Method:WXTextureTools.Application.AppCmdExec.WXSlimFirstBundleExec.todo; File:.0
[CALL STACK][2]: Method:WXTextureTools.Application.App.process; File:.0
</stackFrames>
</wxlog>
<wxlog>
  <threadId>#main</threadId>
  <timestamp>00:24:43:1575</timestamp>
  <msgtype>MsgMixture</msgtype>
  <content>string|string|bool
AssetBundleText slim - pngName,Core Header.f930e4c9,false</content>
  <stackFrames>
[CALL STACK][0]: Method:WXTextureTools.Application.FirstBundle.FirstBundleHandler.slim; File:.0
[CALL STACK][1]: Method:WXTextureTools.Application.AppCmdExec.WXSlimFirstBundleExec.todo; File:.0
[CALL STACK][2]: Method:WXTextureTools.Application.App.process; File:.0
</stackFrames>
</wxlog>
<wxlog>
  <threadId>#main</threadId>
  <timestamp>00:24:43:1575</timestamp>
  <msgtype>MsgMixture</msgtype>
  <content>string|string|bool
AssetBundleText slim - pngName,XboxOne_Dpad_Down.4be18d0e,false</content>
  <stackFrames>
[CALL STACK][0]: Method:WXTextureTools.Application.FirstBundle.FirstBundleHandler.slim; File:.0
[CALL STACK][1]: Method:WXTextureTools.Application.AppCmdExec.WXSlimFirstBundleExec.todo; File:.0
[CALL STACK][2]: Method:WXTextureTools.Application.App.process; File:.0
</stackFrames>
</wxlog>
<wxlog>
  <threadId>#main</threadId>
  <timestamp>00:24:43:1575</timestamp>
  <msgtype>MsgMixture</msgtype>
  <content>string|string|bool
AssetBundleText slim - pngName,Keyboard_Black_Arrow_Up.0e291202,false</content>
  <stackFrames>
[CALL STACK][0]: Method:WXTextureTools.Application.FirstBundle.FirstBundleHandler.slim; File:.0
[CALL STACK][1]: Method:WXTextureTools.Application.AppCmdExec.WXSlimFirstBundleExec.todo; File:.0
[CALL STACK][2]: Method:WXTextureTools.Application.App.process; File:.0
</stackFrames>
</wxlog>
<wxlog>
  <threadId>#main</threadId>
  <timestamp>00:24:43:1575</timestamp>
  <msgtype>MsgMixture</msgtype>
  <content>string|string|bool
AssetBundleText slim - pngName,PlaceholderBG2.8f00b204,false</content>
  <stackFrames>
[CALL STACK][0]: Method:WXTextureTools.Application.FirstBundle.FirstBundleHandler.slim; File:.0
[CALL STACK][1]: Method:WXTextureTools.Application.AppCmdExec.WXSlimFirstBundleExec.todo; File:.0
[CALL STACK][2]: Method:WXTextureTools.Application.App.process; File:.0
</stackFrames>
</wxlog>
<wxlog>
  <threadId>#main</threadId>
  <timestamp>00:24:43:1585</timestamp>
  <msgtype>MsgMixture</msgtype>
  <content>string|string|bool
AssetBundleText slim - pngName,MPM Top Header.1dd2b509,false</content>
  <stackFrames>
[CALL STACK][0]: Method:WXTextureTools.Application.FirstBundle.FirstBundleHandler.slim; File:.0
[CALL STACK][1]: Method:WXTextureTools.Application.AppCmdExec.WXSlimFirstBundleExec.todo; File:.0
[CALL STACK][2]: Method:WXTextureTools.Application.App.process; File:.0
</stackFrames>
</wxlog>
<wxlog>
  <threadId>#main</threadId>
  <timestamp>00:24:43:1585</timestamp>
  <msgtype>MsgMixture</msgtype>
  <content>string|string|bool
AssetBundleText slim - pngName,Options Header.bee355f1,false</content>
  <stackFrames>
[CALL STACK][0]: Method:WXTextureTools.Application.FirstBundle.FirstBundleHandler.slim; File:.0
[CALL STACK][1]: Method:WXTextureTools.Application.AppCmdExec.WXSlimFirstBundleExec.todo; File:.0
[CALL STACK][2]: Method:WXTextureTools.Application.App.process; File:.0
</stackFrames>
</wxlog>
<wxlog>
  <threadId>#main</threadId>
  <timestamp>00:24:43:1595</timestamp>
  <msgtype>MsgMixture</msgtype>
  <content>string|string|bool
AssetBundleText slim - pngName,Keyboard_Black_S.668d940d,false</content>
  <stackFrames>
[CALL STACK][0]: Method:WXTextureTools.Application.FirstBundle.FirstBundleHandler.slim; File:.0
[CALL STACK][1]: Method:WXTextureTools.Application.AppCmdExec.WXSlimFirstBundleExec.todo; File:.0
[CALL STACK][2]: Method:WXTextureTools.Application.App.process; File:.0
</stackFrames>
</wxlog>
<wxlog>
  <threadId>#main</threadId>
  <timestamp>00:24:43:1595</timestamp>
  <msgtype>MsgMixture</msgtype>
  <content>string|string|bool
AssetBundleText slim - pngName,Foldout Close.d4b17f52,false</content>
  <stackFrames>
[CALL STACK][0]: Method:WXTextureTools.Application.FirstBundle.FirstBundleHandler.slim; File:.0
[CALL STACK][1]: Method:WXTextureTools.Application.AppCmdExec.WXSlimFirstBundleExec.todo; File:.0
[CALL STACK][2]: Method:WXTextureTools.Application.App.process; File:.0
</stackFrames>
</wxlog>
<wxlog>
  <threadId>#main</threadId>
  <timestamp>00:24:43:1605</timestamp>
  <msgtype>MsgMixture</msgtype>
  <content>string|string|bool
AssetBundleText slim - pngName,2.69dac215,false</content>
  <stackFrames>
[CALL STACK][0]: Method:WXTextureTools.Application.FirstBundle.FirstBundleHandler.slim; File:.0
[CALL STACK][1]: Method:WXTextureTools.Application.AppCmdExec.WXSlimFirstBundleExec.todo; File:.0
[CALL STACK][2]: Method:WXTextureTools.Application.App.process; File:.0
</stackFrames>
</wxlog>
<wxlog>
  <threadId>#main</threadId>
  <timestamp>00:24:43:1605</timestamp>
  <msgtype>MsgMixture</msgtype>
  <content>string|string|bool
AssetBundleText slim - pngName,31.d3103cf7,false</content>
  <stackFrames>
[CALL STACK][0]: Method:WXTextureTools.Application.FirstBundle.FirstBundleHandler.slim; File:.0
[CALL STACK][1]: Method:WXTextureTools.Application.AppCmdExec.WXSlimFirstBundleExec.todo; File:.0
[CALL STACK][2]: Method:WXTextureTools.Application.App.process; File:.0
</stackFrames>
</wxlog>
<wxlog>
  <threadId>#main</threadId>
  <timestamp>00:24:43:1610</timestamp>
  <msgtype>MsgMixture</msgtype>
  <content>string|string|bool
AssetBundleText slim - pngName,Keyboard_Black_W.96c5b7d1,false</content>
  <stackFrames>
[CALL STACK][0]: Method:WXTextureTools.Application.FirstBundle.FirstBundleHandler.slim; File:.0
[CALL STACK][1]: Method:WXTextureTools.Application.AppCmdExec.WXSlimFirstBundleExec.todo; File:.0
[CALL STACK][2]: Method:WXTextureTools.Application.App.process; File:.0
</stackFrames>
</wxlog>
<wxlog>
  <threadId>#main</threadId>
  <timestamp>00:24:43:1635</timestamp>
  <msgtype>MsgMixture</msgtype>
  <content>string|string|bool
AssetBundleText slim - pngName,Brand Logo.dedcb736,false</content>
  <stackFrames>
[CALL STACK][0]: Method:WXTextureTools.Application.FirstBundle.FirstBundleHandler.slim; File:.0
[CALL STACK][1]: Method:WXTextureTools.Application.AppCmdExec.WXSlimFirstBundleExec.todo; File:.0
[CALL STACK][2]: Method:WXTextureTools.Application.App.process; File:.0
</stackFrames>
</wxlog>
<wxlog>
  <threadId>#main</threadId>
  <timestamp>00:24:43:1640</timestamp>
  <msgtype>MsgMixture</msgtype>
  <content>string|string|bool
AssetBundleText slim - pngName,19.f11f030d,false</content>
  <stackFrames>
[CALL STACK][0]: Method:WXTextureTools.Application.FirstBundle.FirstBundleHandler.slim; File:.0
[CALL STACK][1]: Method:WXTextureTools.Application.AppCmdExec.WXSlimFirstBundleExec.todo; File:.0
[CALL STACK][2]: Method:WXTextureTools.Application.App.process; File:.0
</stackFrames>
</wxlog>
<wxlog>
  <threadId>#main</threadId>
  <timestamp>00:24:43:1640</timestamp>
  <msgtype>MsgMixture</msgtype>
  <content>string|string|bool
AssetBundleText slim - pngName,L_EN.09391a5a,false</content>
  <stackFrames>
[CALL STACK][0]: Method:WXTextureTools.Application.FirstBundle.FirstBundleHandler.slim; File:.0
[CALL STACK][1]: Method:WXTextureTools.Application.AppCmdExec.WXSlimFirstBundleExec.todo; File:.0
[CALL STACK][2]: Method:WXTextureTools.Application.App.process; File:.0
</stackFrames>
</wxlog>
<wxlog>
  <threadId>#main</threadId>
  <timestamp>00:24:43:1640</timestamp>
  <msgtype>MsgMixture</msgtype>
  <content>string|string|bool
AssetBundleText slim - pngName,Data Normal.0c56dcff,false</content>
  <stackFrames>
[CALL STACK][0]: Method:WXTextureTools.Application.FirstBundle.FirstBundleHandler.slim; File:.0
[CALL STACK][1]: Method:WXTextureTools.Application.AppCmdExec.WXSlimFirstBundleExec.todo; File:.0
[CALL STACK][2]: Method:WXTextureTools.Application.App.process; File:.0
</stackFrames>
</wxlog>
<wxlog>
  <threadId>#main</threadId>
  <timestamp>00:24:43:1645</timestamp>
  <msgtype>MsgMixture</msgtype>
  <content>string|string|bool
AssetBundleText slim - pngName,30.a708bdae,false</content>
  <stackFrames>
[CALL STACK][0]: Method:WXTextureTools.Application.FirstBundle.FirstBundleHandler.slim; File:.0
[CALL STACK][1]: Method:WXTextureTools.Application.AppCmdExec.WXSlimFirstBundleExec.todo; File:.0
[CALL STACK][2]: Method:WXTextureTools.Application.App.process; File:.0
</stackFrames>
</wxlog>
<wxlog>
  <threadId>#main</threadId>
  <timestamp>00:24:43:1645</timestamp>
  <msgtype>MsgMixture</msgtype>
  <content>string|string|bool
AssetBundleText slim - pngName,Up.2a89cd93,false</content>
  <stackFrames>
[CALL STACK][0]: Method:WXTextureTools.Application.FirstBundle.FirstBundleHandler.slim; File:.0
[CALL STACK][1]: Method:WXTextureTools.Application.AppCmdExec.WXSlimFirstBundleExec.todo; File:.0
[CALL STACK][2]: Method:WXTextureTools.Application.App.process; File:.0
</stackFrames>
</wxlog>
<wxlog>
  <threadId>#main</threadId>
  <timestamp>00:24:43:1645</timestamp>
  <msgtype>MsgMixture</msgtype>
  <content>string|string|bool
AssetBundleText slim - pngName,PlaceholderBG3.8f00b204,false</content>
  <stackFrames>
[CALL STACK][0]: Method:WXTextureTools.Application.FirstBundle.FirstBundleHandler.slim; File:.0
[CALL STACK][1]: Method:WXTextureTools.Application.AppCmdExec.WXSlimFirstBundleExec.todo; File:.0
[CALL STACK][2]: Method:WXTextureTools.Application.App.process; File:.0
</stackFrames>
</wxlog>
<wxlog>
  <threadId>#main</threadId>
  <timestamp>00:24:43:1655</timestamp>
  <msgtype>MsgMixture</msgtype>
  <content>string|string|bool
AssetBundleText slim - pngName,Switch Top Header.674baf55,false</content>
  <stackFrames>
[CALL STACK][0]: Method:WXTextureTools.Application.FirstBundle.FirstBundleHandler.slim; File:.0
[CALL STACK][1]: Method:WXTextureTools.Application.AppCmdExec.WXSlimFirstBundleExec.todo; File:.0
[CALL STACK][2]: Method:WXTextureTools.Application.App.process; File:.0
</stackFrames>
</wxlog>
<wxlog>
  <threadId>#main</threadId>
  <timestamp>00:24:43:1660</timestamp>
  <msgtype>MsgMixture</msgtype>
  <content>string|string|bool
AssetBundleText slim - pngName,36.4d2a3f5d,false</content>
  <stackFrames>
[CALL STACK][0]: Method:WXTextureTools.Application.FirstBundle.FirstBundleHandler.slim; File:.0
[CALL STACK][1]: Method:WXTextureTools.Application.AppCmdExec.WXSlimFirstBundleExec.todo; File:.0
[CALL STACK][2]: Method:WXTextureTools.Application.App.process; File:.0
</stackFrames>
</wxlog>
<wxlog>
  <threadId>#main</threadId>
  <timestamp>00:24:43:1665</timestamp>
  <msgtype>MsgMixture</msgtype>
  <content>string|string|bool
AssetBundleText slim - pngName,Filter Top Header.309644fa,false</content>
  <stackFrames>
[CALL STACK][0]: Method:WXTextureTools.Application.FirstBundle.FirstBundleHandler.slim; File:.0
[CALL STACK][1]: Method:WXTextureTools.Application.AppCmdExec.WXSlimFirstBundleExec.todo; File:.0
[CALL STACK][2]: Method:WXTextureTools.Application.App.process; File:.0
</stackFrames>
</wxlog>
<wxlog>
  <threadId>#main</threadId>
  <timestamp>00:24:43:1675</timestamp>
  <msgtype>MsgMixture</msgtype>
  <content>string|string|bool
AssetBundleText slim - pngName,Slider Top Header.56dae43e,false</content>
  <stackFrames>
[CALL STACK][0]: Method:WXTextureTools.Application.FirstBundle.FirstBundleHandler.slim; File:.0
[CALL STACK][1]: Method:WXTextureTools.Application.AppCmdExec.WXSlimFirstBundleExec.todo; File:.0
[CALL STACK][2]: Method:WXTextureTools.Application.App.process; File:.0
</stackFrames>
</wxlog>
<wxlog>
  <threadId>#main</threadId>
  <timestamp>00:24:43:1680</timestamp>
  <msgtype>MsgMixture</msgtype>
  <content>string|string|bool
AssetBundleText slim - pngName,Button Top Header.3bfb7edd,false</content>
  <stackFrames>
[CALL STACK][0]: Method:WXTextureTools.Application.FirstBundle.FirstBundleHandler.slim; File:.0
[CALL STACK][1]: Method:WXTextureTools.Application.AppCmdExec.WXSlimFirstBundleExec.todo; File:.0
[CALL STACK][2]: Method:WXTextureTools.Application.App.process; File:.0
</stackFrames>
</wxlog>
<wxlog>
  <threadId>#main</threadId>
  <timestamp>00:24:43:1715</timestamp>
  <msgtype>MsgMixture</msgtype>
  <content>string|string|bool
AssetBundleText slim - pngName,DirectionalShadow.cddf19d3,false</content>
  <stackFrames>
[CALL STACK][0]: Method:WXTextureTools.Application.FirstBundle.FirstBundleHandler.slim; File:.0
[CALL STACK][1]: Method:WXTextureTools.Application.AppCmdExec.WXSlimFirstBundleExec.todo; File:.0
[CALL STACK][2]: Method:WXTextureTools.Application.App.process; File:.0
</stackFrames>
</wxlog>
<wxlog>
  <threadId>#main</threadId>
  <timestamp>00:24:43:1720</timestamp>
  <msgtype>MsgMixture</msgtype>
  <content>string|string|bool
AssetBundleText slim - pngName,Left.3500b2de,false</content>
  <stackFrames>
[CALL STACK][0]: Method:WXTextureTools.Application.FirstBundle.FirstBundleHandler.slim; File:.0
[CALL STACK][1]: Method:WXTextureTools.Application.AppCmdExec.WXSlimFirstBundleExec.todo; File:.0
[CALL STACK][2]: Method:WXTextureTools.Application.App.process; File:.0
</stackFrames>
</wxlog>
<wxlog>
  <threadId>#main</threadId>
  <timestamp>00:24:43:1725</timestamp>
  <msgtype>MsgMixture</msgtype>
  <content>string|string|bool
AssetBundleText slim - pngName,Dropdown Top Header.73504236,false</content>
  <stackFrames>
[CALL STACK][0]: Method:WXTextureTools.Application.FirstBundle.FirstBundleHandler.slim; File:.0
[CALL STACK][1]: Method:WXTextureTools.Application.AppCmdExec.WXSlimFirstBundleExec.todo; File:.0
[CALL STACK][2]: Method:WXTextureTools.Application.App.process; File:.0
</stackFrames>
</wxlog>
<wxlog>
  <threadId>#main</threadId>
  <timestamp>00:24:43:1725</timestamp>
  <msgtype>MsgMixture</msgtype>
  <content>string|string|bool
AssetBundleText slim - pngName,Font Texture.8f00b204,false</content>
  <stackFrames>
[CALL STACK][0]: Method:WXTextureTools.Application.FirstBundle.FirstBundleHandler.slim; File:.0
[CALL STACK][1]: Method:WXTextureTools.Application.AppCmdExec.WXSlimFirstBundleExec.todo; File:.0
[CALL STACK][2]: Method:WXTextureTools.Application.App.process; File:.0
</stackFrames>
</wxlog>
<wxlog>
  <threadId>#main</threadId>
  <timestamp>00:24:43:1725</timestamp>
  <msgtype>MsgMixture</msgtype>
  <content>string|string|bool
AssetBundleText slim - pngName,33.5b470841,false</content>
  <stackFrames>
[CALL STACK][0]: Method:WXTextureTools.Application.FirstBundle.FirstBundleHandler.slim; File:.0
[CALL STACK][1]: Method:WXTextureTools.Application.AppCmdExec.WXSlimFirstBundleExec.todo; File:.0
[CALL STACK][2]: Method:WXTextureTools.Application.App.process; File:.0
</stackFrames>
</wxlog>
<wxlog>
  <threadId>#main</threadId>
  <timestamp>00:24:43:1735</timestamp>
  <msgtype>MsgMixture</msgtype>
  <content>string|string|bool
AssetBundleText slim - pngName,24.57b8ddc6,false</content>
  <stackFrames>
[CALL STACK][0]: Method:WXTextureTools.Application.FirstBundle.FirstBundleHandler.slim; File:.0
[CALL STACK][1]: Method:WXTextureTools.Application.AppCmdExec.WXSlimFirstBundleExec.todo; File:.0
[CALL STACK][2]: Method:WXTextureTools.Application.App.process; File:.0
</stackFrames>
</wxlog>
<wxlog>
  <threadId>#main</threadId>
  <timestamp>00:24:43:1740</timestamp>
  <msgtype>MsgMixture</msgtype>
  <content>string|string|bool
AssetBundleText slim - pngName,GameLogo.89386802,false</content>
  <stackFrames>
[CALL STACK][0]: Method:WXTextureTools.Application.FirstBundle.FirstBundleHandler.slim; File:.0
[CALL STACK][1]: Method:WXTextureTools.Application.AppCmdExec.WXSlimFirstBundleExec.todo; File:.0
[CALL STACK][2]: Method:WXTextureTools.Application.App.process; File:.0
</stackFrames>
</wxlog>
<wxlog>
  <threadId>#main</threadId>
  <timestamp>00:24:43:1745</timestamp>
  <msgtype>MsgMixture</msgtype>
  <content>string|string|bool
AssetBundleText slim - pngName,15.50d0aeb5,false</content>
  <stackFrames>
[CALL STACK][0]: Method:WXTextureTools.Application.FirstBundle.FirstBundleHandler.slim; File:.0
[CALL STACK][1]: Method:WXTextureTools.Application.AppCmdExec.WXSlimFirstBundleExec.todo; File:.0
[CALL STACK][2]: Method:WXTextureTools.Application.App.process; File:.0
</stackFrames>
</wxlog>
<wxlog>
  <threadId>#main</threadId>
  <timestamp>00:24:43:1745</timestamp>
  <msgtype>MsgMixture</msgtype>
  <content>string|string|bool
AssetBundleText slim - pngName,39.e3a24481,false</content>
  <stackFrames>
[CALL STACK][0]: Method:WXTextureTools.Application.FirstBundle.FirstBundleHandler.slim; File:.0
[CALL STACK][1]: Method:WXTextureTools.Application.AppCmdExec.WXSlimFirstBundleExec.todo; File:.0
[CALL STACK][2]: Method:WXTextureTools.Application.App.process; File:.0
</stackFrames>
</wxlog>
<wxlog>
  <threadId>#main</threadId>
  <timestamp>00:24:43:1745</timestamp>
  <msgtype>MsgMixture</msgtype>
  <content>string|string|bool
AssetBundleText slim - pngName,UIM Header.0c73638a,false</content>
  <stackFrames>
[CALL STACK][0]: Method:WXTextureTools.Application.FirstBundle.FirstBundleHandler.slim; File:.0
[CALL STACK][1]: Method:WXTextureTools.Application.AppCmdExec.WXSlimFirstBundleExec.todo; File:.0
[CALL STACK][2]: Method:WXTextureTools.Application.App.process; File:.0
</stackFrames>
</wxlog>
<wxlog>
  <threadId>#main</threadId>
  <timestamp>00:24:43:1755</timestamp>
  <msgtype>MsgMixture</msgtype>
  <content>string|string|bool
AssetBundleText slim - pngName,17.9e4c2e4e,false</content>
  <stackFrames>
[CALL STACK][0]: Method:WXTextureTools.Application.FirstBundle.FirstBundleHandler.slim; File:.0
[CALL STACK][1]: Method:WXTextureTools.Application.AppCmdExec.WXSlimFirstBundleExec.todo; File:.0
[CALL STACK][2]: Method:WXTextureTools.Application.App.process; File:.0
</stackFrames>
</wxlog>
<wxlog>
  <threadId>#main</threadId>
  <timestamp>00:24:43:1765</timestamp>
  <msgtype>MsgMixture</msgtype>
  <content>string|string|bool
AssetBundleText slim - pngName,Radial Outline - Stroke 8px (x256).d908eb59,false</content>
  <stackFrames>
[CALL STACK][0]: Method:WXTextureTools.Application.FirstBundle.FirstBundleHandler.slim; File:.0
[CALL STACK][1]: Method:WXTextureTools.Application.AppCmdExec.WXSlimFirstBundleExec.todo; File:.0
[CALL STACK][2]: Method:WXTextureTools.Application.App.process; File:.0
</stackFrames>
</wxlog>
<wxlog>
  <threadId>#main</threadId>
  <timestamp>00:24:43:1770</timestamp>
  <msgtype>MsgMixture</msgtype>
  <content>string|string|bool
AssetBundleText slim - pngName,HS Top Header.f04f4cc9,false</content>
  <stackFrames>
[CALL STACK][0]: Method:WXTextureTools.Application.FirstBundle.FirstBundleHandler.slim; File:.0
[CALL STACK][1]: Method:WXTextureTools.Application.AppCmdExec.WXSlimFirstBundleExec.todo; File:.0
[CALL STACK][2]: Method:WXTextureTools.Application.App.process; File:.0
</stackFrames>
</wxlog>
<wxlog>
  <threadId>#main</threadId>
  <timestamp>00:24:43:1775</timestamp>
  <msgtype>MsgMixture</msgtype>
  <content>string|string|bool
AssetBundleText slim - pngName,Indicator Item Filled.42c01f80,false</content>
  <stackFrames>
[CALL STACK][0]: Method:WXTextureTools.Application.FirstBundle.FirstBundleHandler.slim; File:.0
[CALL STACK][1]: Method:WXTextureTools.Application.AppCmdExec.WXSlimFirstBundleExec.todo; File:.0
[CALL STACK][2]: Method:WXTextureTools.Application.App.process; File:.0
</stackFrames>
</wxlog>
<wxlog>
  <threadId>#main</threadId>
  <timestamp>00:24:43:1775</timestamp>
  <msgtype>MsgMixture</msgtype>
  <content>string|string|bool
AssetBundleText slim - pngName,Keyboard_Black_Shift.ec41b535,false</content>
  <stackFrames>
[CALL STACK][0]: Method:WXTextureTools.Application.FirstBundle.FirstBundleHandler.slim; File:.0
[CALL STACK][1]: Method:WXTextureTools.Application.AppCmdExec.WXSlimFirstBundleExec.todo; File:.0
[CALL STACK][2]: Method:WXTextureTools.Application.App.process; File:.0
</stackFrames>
</wxlog>
<wxlog>
  <threadId>#main</threadId>
  <timestamp>00:24:43:1780</timestamp>
  <msgtype>MsgMixture</msgtype>
  <content>string|string|bool
AssetBundleText slim - pngName,29.a13fd987,false</content>
  <stackFrames>
[CALL STACK][0]: Method:WXTextureTools.Application.FirstBundle.FirstBundleHandler.slim; File:.0
[CALL STACK][1]: Method:WXTextureTools.Application.AppCmdExec.WXSlimFirstBundleExec.todo; File:.0
[CALL STACK][2]: Method:WXTextureTools.Application.App.process; File:.0
</stackFrames>
</wxlog>
<wxlog>
  <threadId>#main</threadId>
  <timestamp>00:24:43:1785</timestamp>
  <msgtype>MsgMixture</msgtype>
  <content>string|string|bool
AssetBundleText slim - pngName,PlaceholderBG5.8f00b204,false</content>
  <stackFrames>
[CALL STACK][0]: Method:WXTextureTools.Application.FirstBundle.FirstBundleHandler.slim; File:.0
[CALL STACK][1]: Method:WXTextureTools.Application.AppCmdExec.WXSlimFirstBundleExec.todo; File:.0
[CALL STACK][2]: Method:WXTextureTools.Application.App.process; File:.0
</stackFrames>
</wxlog>
<wxlog>
  <threadId>#main</threadId>
  <timestamp>00:24:43:1785</timestamp>
  <msgtype>MsgMixture</msgtype>
  <content>string|string|bool
AssetBundleText slim - pngName,Keyboard_Black_Arrow_Right.bcc63619,false</content>
  <stackFrames>
[CALL STACK][0]: Method:WXTextureTools.Application.FirstBundle.FirstBundleHandler.slim; File:.0
[CALL STACK][1]: Method:WXTextureTools.Application.AppCmdExec.WXSlimFirstBundleExec.todo; File:.0
[CALL STACK][2]: Method:WXTextureTools.Application.App.process; File:.0
</stackFrames>
</wxlog>
<wxlog>
  <threadId>#main</threadId>
  <timestamp>00:24:43:1790</timestamp>
  <msgtype>MsgMixture</msgtype>
  <content>string|string|bool
AssetBundleText slim - pngName,35.e32fbe8a,false</content>
  <stackFrames>
[CALL STACK][0]: Method:WXTextureTools.Application.FirstBundle.FirstBundleHandler.slim; File:.0
[CALL STACK][1]: Method:WXTextureTools.Application.AppCmdExec.WXSlimFirstBundleExec.todo; File:.0
[CALL STACK][2]: Method:WXTextureTools.Application.App.process; File:.0
</stackFrames>
</wxlog>
<wxlog>
  <threadId>#main</threadId>
  <timestamp>00:24:43:1795</timestamp>
  <msgtype>MsgMixture</msgtype>
  <content>string|string|bool
AssetBundleText slim - pngName,Events Header.34b4ad60,false</content>
  <stackFrames>
[CALL STACK][0]: Method:WXTextureTools.Application.FirstBundle.FirstBundleHandler.slim; File:.0
[CALL STACK][1]: Method:WXTextureTools.Application.AppCmdExec.WXSlimFirstBundleExec.todo; File:.0
[CALL STACK][2]: Method:WXTextureTools.Application.App.process; File:.0
</stackFrames>
</wxlog>
<wxlog>
  <threadId>#main</threadId>
  <timestamp>00:24:43:1795</timestamp>
  <msgtype>MsgMixture</msgtype>
  <content>string|string|bool
AssetBundleText slim - pngName,Font Texture.8f00b204,false</content>
  <stackFrames>
[CALL STACK][0]: Method:WXTextureTools.Application.FirstBundle.FirstBundleHandler.slim; File:.0
[CALL STACK][1]: Method:WXTextureTools.Application.AppCmdExec.WXSlimFirstBundleExec.todo; File:.0
[CALL STACK][2]: Method:WXTextureTools.Application.App.process; File:.0
</stackFrames>
</wxlog>
<wxlog>
  <threadId>#main</threadId>
  <timestamp>00:24:43:1795</timestamp>
  <msgtype>MsgMixture</msgtype>
  <content>string|string|bool
AssetBundleText slim - pngName,TE Top Header.2ac12283,false</content>
  <stackFrames>
[CALL STACK][0]: Method:WXTextureTools.Application.FirstBundle.FirstBundleHandler.slim; File:.0
[CALL STACK][1]: Method:WXTextureTools.Application.AppCmdExec.WXSlimFirstBundleExec.todo; File:.0
[CALL STACK][2]: Method:WXTextureTools.Application.App.process; File:.0
</stackFrames>
</wxlog>
<wxlog>
  <threadId>#main</threadId>
  <timestamp>00:24:43:1805</timestamp>
  <msgtype>MsgMixture</msgtype>
  <content>string|string|bool
AssetBundleText slim - pngName,40.b0106d5b,false</content>
  <stackFrames>
[CALL STACK][0]: Method:WXTextureTools.Application.FirstBundle.FirstBundleHandler.slim; File:.0
[CALL STACK][1]: Method:WXTextureTools.Application.AppCmdExec.WXSlimFirstBundleExec.todo; File:.0
[CALL STACK][2]: Method:WXTextureTools.Application.App.process; File:.0
</stackFrames>
</wxlog>
<wxlog>
  <threadId>#main</threadId>
  <timestamp>00:24:43:1815</timestamp>
  <msgtype>MsgMixture</msgtype>
  <content>string|string|bool
AssetBundleText slim - pngName,MW Top Header.ea3a1e50,false</content>
  <stackFrames>
[CALL STACK][0]: Method:WXTextureTools.Application.FirstBundle.FirstBundleHandler.slim; File:.0
[CALL STACK][1]: Method:WXTextureTools.Application.AppCmdExec.WXSlimFirstBundleExec.todo; File:.0
[CALL STACK][2]: Method:WXTextureTools.Application.App.process; File:.0
</stackFrames>
</wxlog>
<wxlog>
  <threadId>#main</threadId>
  <timestamp>00:24:43:1815</timestamp>
  <msgtype>MsgMixture</msgtype>
  <content>string|string|bool
AssetBundleText slim - pngName,UIFoldoutClosed.89295238,false</content>
  <stackFrames>
[CALL STACK][0]: Method:WXTextureTools.Application.FirstBundle.FirstBundleHandler.slim; File:.0
[CALL STACK][1]: Method:WXTextureTools.Application.AppCmdExec.WXSlimFirstBundleExec.todo; File:.0
[CALL STACK][2]: Method:WXTextureTools.Application.App.process; File:.0
</stackFrames>
</wxlog>
<wxlog>
  <threadId>#main</threadId>
  <timestamp>00:24:43:1815</timestamp>
  <msgtype>MsgMixture</msgtype>
  <content>string|string
AssetBundleText slim - 1,UIFoldoutClosed</content>
  <stackFrames>
[CALL STACK][0]: Method:WXTextureTools.Application.FirstBundle.FirstBundleHandler.slim; File:.0
[CALL STACK][1]: Method:WXTextureTools.Application.AppCmdExec.WXSlimFirstBundleExec.todo; File:.0
[CALL STACK][2]: Method:WXTextureTools.Application.App.process; File:.0
</stackFrames>
</wxlog>
<wxlog>
  <threadId>#main</threadId>
  <timestamp>00:24:43:1815</timestamp>
  <msgtype>MsgMixture</msgtype>
  <content>string|string|bool
AssetBundleText slim - pngName,6.31bcc015,false</content>
  <stackFrames>
[CALL STACK][0]: Method:WXTextureTools.Application.FirstBundle.FirstBundleHandler.slim; File:.0
[CALL STACK][1]: Method:WXTextureTools.Application.AppCmdExec.WXSlimFirstBundleExec.todo; File:.0
[CALL STACK][2]: Method:WXTextureTools.Application.App.process; File:.0
</stackFrames>
</wxlog>
<wxlog>
  <threadId>#main</threadId>
  <timestamp>00:24:43:1825</timestamp>
  <msgtype>MsgMixture</msgtype>
  <content>string|string|bool
AssetBundleText slim - pngName,DE Top Header.5690a692,false</content>
  <stackFrames>
[CALL STACK][0]: Method:WXTextureTools.Application.FirstBundle.FirstBundleHandler.slim; File:.0
[CALL STACK][1]: Method:WXTextureTools.Application.AppCmdExec.WXSlimFirstBundleExec.todo; File:.0
[CALL STACK][2]: Method:WXTextureTools.Application.App.process; File:.0
</stackFrames>
</wxlog>
<wxlog>
  <threadId>#main</threadId>
  <timestamp>00:24:43:1825</timestamp>
  <msgtype>MsgMixture</msgtype>
  <content>string|string|bool
AssetBundleText slim - pngName,Down.31d71ee1,false</content>
  <stackFrames>
[CALL STACK][0]: Method:WXTextureTools.Application.FirstBundle.FirstBundleHandler.slim; File:.0
[CALL STACK][1]: Method:WXTextureTools.Application.AppCmdExec.WXSlimFirstBundleExec.todo; File:.0
[CALL STACK][2]: Method:WXTextureTools.Application.App.process; File:.0
</stackFrames>
</wxlog>
<wxlog>
  <threadId>#main</threadId>
  <timestamp>00:24:43:1825</timestamp>
  <msgtype>MsgMixture</msgtype>
  <content>string|string|bool
AssetBundleText slim - pngName,Font Texture.8f00b204,false</content>
  <stackFrames>
[CALL STACK][0]: Method:WXTextureTools.Application.FirstBundle.FirstBundleHandler.slim; File:.0
[CALL STACK][1]: Method:WXTextureTools.Application.AppCmdExec.WXSlimFirstBundleExec.todo; File:.0
[CALL STACK][2]: Method:WXTextureTools.Application.App.process; File:.0
</stackFrames>
</wxlog>
<wxlog>
  <threadId>#main</threadId>
  <timestamp>00:24:43:1825</timestamp>
  <msgtype>MsgMixture</msgtype>
  <content>string|string|bool
AssetBundleText slim - pngName,Resources Active.40390400,false</content>
  <stackFrames>
[CALL STACK][0]: Method:WXTextureTools.Application.FirstBundle.FirstBundleHandler.slim; File:.0
[CALL STACK][1]: Method:WXTextureTools.Application.AppCmdExec.WXSlimFirstBundleExec.todo; File:.0
[CALL STACK][2]: Method:WXTextureTools.Application.App.process; File:.0
</stackFrames>
</wxlog>
<wxlog>
  <threadId>#main</threadId>
  <timestamp>00:24:43:1825</timestamp>
  <msgtype>MsgMixture</msgtype>
  <content>string|string|bool
AssetBundleText slim - pngName,9.27a4cbf4,false</content>
  <stackFrames>
[CALL STACK][0]: Method:WXTextureTools.Application.FirstBundle.FirstBundleHandler.slim; File:.0
[CALL STACK][1]: Method:WXTextureTools.Application.AppCmdExec.WXSlimFirstBundleExec.todo; File:.0
[CALL STACK][2]: Method:WXTextureTools.Application.App.process; File:.0
</stackFrames>
</wxlog>
<wxlog>
  <threadId>#main</threadId>
  <timestamp>00:24:43:1835</timestamp>
  <msgtype>MsgMixture</msgtype>
  <content>string|string|bool
AssetBundleText slim - pngName,PKE Top Header.9215743e,false</content>
  <stackFrames>
[CALL STACK][0]: Method:WXTextureTools.Application.FirstBundle.FirstBundleHandler.slim; File:.0
[CALL STACK][1]: Method:WXTextureTools.Application.AppCmdExec.WXSlimFirstBundleExec.todo; File:.0
[CALL STACK][2]: Method:WXTextureTools.Application.App.process; File:.0
</stackFrames>
</wxlog>
<wxlog>
  <threadId>#main</threadId>
  <timestamp>00:24:43:1840</timestamp>
  <msgtype>MsgMixture</msgtype>
  <content>string|string|bool
AssetBundleText slim - pngName,L_ES.a847d94d,false</content>
  <stackFrames>
[CALL STACK][0]: Method:WXTextureTools.Application.FirstBundle.FirstBundleHandler.slim; File:.0
[CALL STACK][1]: Method:WXTextureTools.Application.AppCmdExec.WXSlimFirstBundleExec.todo; File:.0
[CALL STACK][2]: Method:WXTextureTools.Application.App.process; File:.0
</stackFrames>
</wxlog>
<wxlog>
  <threadId>#main</threadId>
  <timestamp>00:24:43:1916</timestamp>
  <msgtype>MsgMixture</msgtype>
  <content>string|string|bool
AssetBundleText slim - pngName,Transition.4ce7457e,false</content>
  <stackFrames>
[CALL STACK][0]: Method:WXTextureTools.Application.FirstBundle.FirstBundleHandler.slim; File:.0
[CALL STACK][1]: Method:WXTextureTools.Application.AppCmdExec.WXSlimFirstBundleExec.todo; File:.0
[CALL STACK][2]: Method:WXTextureTools.Application.App.process; File:.0
</stackFrames>
</wxlog>
<wxlog>
  <threadId>#main</threadId>
  <timestamp>00:24:43:1926</timestamp>
  <msgtype>MsgMixture</msgtype>
  <content>string|string|bool
AssetBundleText slim - pngName,UIS Top Header.373feec5,false</content>
  <stackFrames>
[CALL STACK][0]: Method:WXTextureTools.Application.FirstBundle.FirstBundleHandler.slim; File:.0
[CALL STACK][1]: Method:WXTextureTools.Application.AppCmdExec.WXSlimFirstBundleExec.todo; File:.0
[CALL STACK][2]: Method:WXTextureTools.Application.App.process; File:.0
</stackFrames>
</wxlog>
<wxlog>
  <threadId>#main</threadId>
  <timestamp>00:24:43:1926</timestamp>
  <msgtype>MsgMixture</msgtype>
  <content>string|string|bool
AssetBundleText slim - pngName,Foldout Open.47973c31,false</content>
  <stackFrames>
[CALL STACK][0]: Method:WXTextureTools.Application.FirstBundle.FirstBundleHandler.slim; File:.0
[CALL STACK][1]: Method:WXTextureTools.Application.AppCmdExec.WXSlimFirstBundleExec.todo; File:.0
[CALL STACK][2]: Method:WXTextureTools.Application.App.process; File:.0
</stackFrames>
</wxlog>
<wxlog>
  <threadId>#main</threadId>
  <timestamp>00:24:43:1926</timestamp>
  <msgtype>MsgMixture</msgtype>
  <content>string|string|bool
AssetBundleText slim - pngName,Customization Header.3f61d0ab,false</content>
  <stackFrames>
[CALL STACK][0]: Method:WXTextureTools.Application.FirstBundle.FirstBundleHandler.slim; File:.0
[CALL STACK][1]: Method:WXTextureTools.Application.AppCmdExec.WXSlimFirstBundleExec.todo; File:.0
[CALL STACK][2]: Method:WXTextureTools.Application.App.process; File:.0
</stackFrames>
</wxlog>
<wxlog>
  <threadId>#main</threadId>
  <timestamp>00:24:43:1926</timestamp>
  <msgtype>MsgMixture</msgtype>
  <content>string|string|bool
AssetBundleText slim - pngName,L_EN.571f8019,false</content>
  <stackFrames>
[CALL STACK][0]: Method:WXTextureTools.Application.FirstBundle.FirstBundleHandler.slim; File:.0
[CALL STACK][1]: Method:WXTextureTools.Application.AppCmdExec.WXSlimFirstBundleExec.todo; File:.0
[CALL STACK][2]: Method:WXTextureTools.Application.App.process; File:.0
</stackFrames>
</wxlog>
<wxlog>
  <threadId>#main</threadId>
  <timestamp>00:24:43:1926</timestamp>
  <msgtype>MsgMixture</msgtype>
  <content>string|string|bool
AssetBundleText slim - pngName,Hexagon.41d5dc40,false</content>
  <stackFrames>
[CALL STACK][0]: Method:WXTextureTools.Application.FirstBundle.FirstBundleHandler.slim; File:.0
[CALL STACK][1]: Method:WXTextureTools.Application.AppCmdExec.WXSlimFirstBundleExec.todo; File:.0
[CALL STACK][2]: Method:WXTextureTools.Application.App.process; File:.0
</stackFrames>
</wxlog>
<wxlog>
  <threadId>#main</threadId>
  <timestamp>00:24:43:1936</timestamp>
  <msgtype>MsgMixture</msgtype>
  <content>string|string|bool
AssetBundleText slim - pngName,20.d2e3a33d,false</content>
  <stackFrames>
[CALL STACK][0]: Method:WXTextureTools.Application.FirstBundle.FirstBundleHandler.slim; File:.0
[CALL STACK][1]: Method:WXTextureTools.Application.AppCmdExec.WXSlimFirstBundleExec.todo; File:.0
[CALL STACK][2]: Method:WXTextureTools.Application.App.process; File:.0
</stackFrames>
</wxlog>
<wxlog>
  <threadId>#main</threadId>
  <timestamp>00:24:43:1936</timestamp>
  <msgtype>MsgMixture</msgtype>
  <content>string|string|bool
AssetBundleText slim - pngName,HexagonGridOverlay.8f00b204,false</content>
  <stackFrames>
[CALL STACK][0]: Method:WXTextureTools.Application.FirstBundle.FirstBundleHandler.slim; File:.0
[CALL STACK][1]: Method:WXTextureTools.Application.AppCmdExec.WXSlimFirstBundleExec.todo; File:.0
[CALL STACK][2]: Method:WXTextureTools.Application.App.process; File:.0
</stackFrames>
</wxlog>
<wxlog>
  <threadId>#main</threadId>
  <timestamp>00:24:43:1941</timestamp>
  <msgtype>MsgMixture</msgtype>
  <content>string|string|bool
AssetBundleText slim - pngName,3.5bb21b02,false</content>
  <stackFrames>
[CALL STACK][0]: Method:WXTextureTools.Application.FirstBundle.FirstBundleHandler.slim; File:.0
[CALL STACK][1]: Method:WXTextureTools.Application.AppCmdExec.WXSlimFirstBundleExec.todo; File:.0
[CALL STACK][2]: Method:WXTextureTools.Application.App.process; File:.0
</stackFrames>
</wxlog>
<wxlog>
  <threadId>#main</threadId>
  <timestamp>00:24:43:1946</timestamp>
  <msgtype>MsgMixture</msgtype>
  <content>string|string|bool
AssetBundleText slim - pngName,34.81219d1a,false</content>
  <stackFrames>
[CALL STACK][0]: Method:WXTextureTools.Application.FirstBundle.FirstBundleHandler.slim; File:.0
[CALL STACK][1]: Method:WXTextureTools.Application.AppCmdExec.WXSlimFirstBundleExec.todo; File:.0
[CALL STACK][2]: Method:WXTextureTools.Application.App.process; File:.0
</stackFrames>
</wxlog>
<wxlog>
  <threadId>#main</threadId>
  <timestamp>00:24:43:1946</timestamp>
  <msgtype>MsgMixture</msgtype>
  <content>string|string|bool
AssetBundleText slim - pngName,XboxOne_Dpad_Up.6977f6d3,false</content>
  <stackFrames>
[CALL STACK][0]: Method:WXTextureTools.Application.FirstBundle.FirstBundleHandler.slim; File:.0
[CALL STACK][1]: Method:WXTextureTools.Application.AppCmdExec.WXSlimFirstBundleExec.todo; File:.0
[CALL STACK][2]: Method:WXTextureTools.Application.App.process; File:.0
</stackFrames>
</wxlog>
<wxlog>
  <threadId>#main</threadId>
  <timestamp>00:24:43:1946</timestamp>
  <msgtype>MsgMixture</msgtype>
  <content>string|string|bool
AssetBundleText slim - pngName,UIFoldoutOpened.84255435,false</content>
  <stackFrames>
[CALL STACK][0]: Method:WXTextureTools.Application.FirstBundle.FirstBundleHandler.slim; File:.0
[CALL STACK][1]: Method:WXTextureTools.Application.AppCmdExec.WXSlimFirstBundleExec.todo; File:.0
[CALL STACK][2]: Method:WXTextureTools.Application.App.process; File:.0
</stackFrames>
</wxlog>
<wxlog>
  <threadId>#main</threadId>
  <timestamp>00:24:43:1946</timestamp>
  <msgtype>MsgMixture</msgtype>
  <content>string|string
AssetBundleText slim - 1,UIFoldoutOpened</content>
  <stackFrames>
[CALL STACK][0]: Method:WXTextureTools.Application.FirstBundle.FirstBundleHandler.slim; File:.0
[CALL STACK][1]: Method:WXTextureTools.Application.AppCmdExec.WXSlimFirstBundleExec.todo; File:.0
[CALL STACK][2]: Method:WXTextureTools.Application.App.process; File:.0
</stackFrames>
</wxlog>
<wxlog>
  <threadId>#main</threadId>
  <timestamp>00:24:43:1946</timestamp>
  <msgtype>MsgMixture</msgtype>
  <content>string|string|bool
AssetBundleText slim - pngName,Radial Filled - x64.8167ac5c,false</content>
  <stackFrames>
[CALL STACK][0]: Method:WXTextureTools.Application.FirstBundle.FirstBundleHandler.slim; File:.0
[CALL STACK][1]: Method:WXTextureTools.Application.AppCmdExec.WXSlimFirstBundleExec.todo; File:.0
[CALL STACK][2]: Method:WXTextureTools.Application.App.process; File:.0
</stackFrames>
</wxlog>
<wxlog>
  <threadId>#main</threadId>
  <timestamp>00:24:43:1971</timestamp>
  <msgtype>MsgMixture</msgtype>
  <content>string|string|bool
AssetBundleText slim - pngName,QM Top Header.a386bab2,false</content>
  <stackFrames>
[CALL STACK][0]: Method:WXTextureTools.Application.FirstBundle.FirstBundleHandler.slim; File:.0
[CALL STACK][1]: Method:WXTextureTools.Application.AppCmdExec.WXSlimFirstBundleExec.todo; File:.0
[CALL STACK][2]: Method:WXTextureTools.Application.App.process; File:.0
</stackFrames>
</wxlog>
<wxlog>
  <threadId>#main</threadId>
  <timestamp>00:24:43:1976</timestamp>
  <msgtype>MsgMixture</msgtype>
  <content>string|string|bool
AssetBundleText slim - pngName,XboxOne_Dpad_Left.d27a2cc5,false</content>
  <stackFrames>
[CALL STACK][0]: Method:WXTextureTools.Application.FirstBundle.FirstBundleHandler.slim; File:.0
[CALL STACK][1]: Method:WXTextureTools.Application.AppCmdExec.WXSlimFirstBundleExec.todo; File:.0
[CALL STACK][2]: Method:WXTextureTools.Application.App.process; File:.0
</stackFrames>
</wxlog>
<wxlog>
  <threadId>#main</threadId>
  <timestamp>00:24:43:1976</timestamp>
  <msgtype>MsgMixture</msgtype>
  <content>string|string|bool
AssetBundleText slim - pngName,UICheckMark.d924f22b,false</content>
  <stackFrames>
[CALL STACK][0]: Method:WXTextureTools.Application.FirstBundle.FirstBundleHandler.slim; File:.0
[CALL STACK][1]: Method:WXTextureTools.Application.AppCmdExec.WXSlimFirstBundleExec.todo; File:.0
[CALL STACK][2]: Method:WXTextureTools.Application.App.process; File:.0
</stackFrames>
</wxlog>
<wxlog>
  <threadId>#main</threadId>
  <timestamp>00:24:43:1976</timestamp>
  <msgtype>MsgMixture</msgtype>
  <content>string|string
AssetBundleText slim - 1,UICheckMark</content>
  <stackFrames>
[CALL STACK][0]: Method:WXTextureTools.Application.FirstBundle.FirstBundleHandler.slim; File:.0
[CALL STACK][1]: Method:WXTextureTools.Application.AppCmdExec.WXSlimFirstBundleExec.todo; File:.0
[CALL STACK][2]: Method:WXTextureTools.Application.App.process; File:.0
</stackFrames>
</wxlog>
<wxlog>
  <threadId>#main</threadId>
  <timestamp>00:24:43:1991</timestamp>
  <msgtype>MsgMixture</msgtype>
  <content>string|string|bool
AssetBundleText slim - pngName,Game Logo.0cc4e4a9,false</content>
  <stackFrames>
[CALL STACK][0]: Method:WXTextureTools.Application.FirstBundle.FirstBundleHandler.slim; File:.0
[CALL STACK][1]: Method:WXTextureTools.Application.AppCmdExec.WXSlimFirstBundleExec.todo; File:.0
[CALL STACK][2]: Method:WXTextureTools.Application.App.process; File:.0
</stackFrames>
</wxlog>
<wxlog>
  <threadId>#main</threadId>
  <timestamp>00:24:43:1991</timestamp>
  <msgtype>MsgMixture</msgtype>
  <content>string|string|bool
AssetBundleText slim - pngName,PlaceholderBG1.8f00b204,false</content>
  <stackFrames>
[CALL STACK][0]: Method:WXTextureTools.Application.FirstBundle.FirstBundleHandler.slim; File:.0
[CALL STACK][1]: Method:WXTextureTools.Application.AppCmdExec.WXSlimFirstBundleExec.todo; File:.0
[CALL STACK][2]: Method:WXTextureTools.Application.App.process; File:.0
</stackFrames>
</wxlog>
<wxlog>
  <threadId>#main</threadId>
  <timestamp>00:24:43:1996</timestamp>
  <msgtype>MsgMixture</msgtype>
  <content>string|string|bool
AssetBundleText slim - pngName,GameLogoBG.99c58923,false</content>
  <stackFrames>
[CALL STACK][0]: Method:WXTextureTools.Application.FirstBundle.FirstBundleHandler.slim; File:.0
[CALL STACK][1]: Method:WXTextureTools.Application.AppCmdExec.WXSlimFirstBundleExec.todo; File:.0
[CALL STACK][2]: Method:WXTextureTools.Application.App.process; File:.0
</stackFrames>
</wxlog>
<wxlog>
  <threadId>#main</threadId>
  <timestamp>00:24:43:2006</timestamp>
  <msgtype>MsgMixture</msgtype>
  <content>string|string|bool
AssetBundleText slim - pngName,GM Top Header.87347216,false</content>
  <stackFrames>
[CALL STACK][0]: Method:WXTextureTools.Application.FirstBundle.FirstBundleHandler.slim; File:.0
[CALL STACK][1]: Method:WXTextureTools.Application.AppCmdExec.WXSlimFirstBundleExec.todo; File:.0
[CALL STACK][2]: Method:WXTextureTools.Application.App.process; File:.0
</stackFrames>
</wxlog>
<wxlog>
  <threadId>#main</threadId>
  <timestamp>00:24:43:2011</timestamp>
  <msgtype>MsgMixture</msgtype>
  <content>string|string|bool
AssetBundleText slim - pngName,Keyboard_Black_Arrow_Left.e8656398,false</content>
  <stackFrames>
[CALL STACK][0]: Method:WXTextureTools.Application.FirstBundle.FirstBundleHandler.slim; File:.0
[CALL STACK][1]: Method:WXTextureTools.Application.AppCmdExec.WXSlimFirstBundleExec.todo; File:.0
[CALL STACK][2]: Method:WXTextureTools.Application.App.process; File:.0
</stackFrames>
</wxlog>
<wxlog>
  <threadId>#main</threadId>
  <timestamp>00:24:43:2011</timestamp>
  <msgtype>MsgMixture</msgtype>
  <content>string|string|bool
AssetBundleText slim - pngName,L_FR.f2533974,false</content>
  <stackFrames>
[CALL STACK][0]: Method:WXTextureTools.Application.FirstBundle.FirstBundleHandler.slim; File:.0
[CALL STACK][1]: Method:WXTextureTools.Application.AppCmdExec.WXSlimFirstBundleExec.todo; File:.0
[CALL STACK][2]: Method:WXTextureTools.Application.App.process; File:.0
</stackFrames>
</wxlog>
<wxlog>
  <threadId>#main</threadId>
  <timestamp>00:24:43:2011</timestamp>
  <msgtype>MsgMixture</msgtype>
  <content>string|string|bool
AssetBundleText slim - pngName,Switch On.3c9f2d62,false</content>
  <stackFrames>
[CALL STACK][0]: Method:WXTextureTools.Application.FirstBundle.FirstBundleHandler.slim; File:.0
[CALL STACK][1]: Method:WXTextureTools.Application.AppCmdExec.WXSlimFirstBundleExec.todo; File:.0
[CALL STACK][2]: Method:WXTextureTools.Application.App.process; File:.0
</stackFrames>
</wxlog>
<wxlog>
  <threadId>#main</threadId>
  <timestamp>00:24:43:2016</timestamp>
  <msgtype>MsgMixture</msgtype>
  <content>string|string|bool
AssetBundleText slim - pngName,26.4af74c35,false</content>
  <stackFrames>
[CALL STACK][0]: Method:WXTextureTools.Application.FirstBundle.FirstBundleHandler.slim; File:.0
[CALL STACK][1]: Method:WXTextureTools.Application.AppCmdExec.WXSlimFirstBundleExec.todo; File:.0
[CALL STACK][2]: Method:WXTextureTools.Application.App.process; File:.0
</stackFrames>
</wxlog>
<wxlog>
  <threadId>#main</threadId>
  <timestamp>00:24:43:2021</timestamp>
  <msgtype>MsgMixture</msgtype>
  <content>string|string|bool
AssetBundleText slim - pngName,Radial Outline - Stroke 8px (x128).9333606e,false</content>
  <stackFrames>
[CALL STACK][0]: Method:WXTextureTools.Application.FirstBundle.FirstBundleHandler.slim; File:.0
[CALL STACK][1]: Method:WXTextureTools.Application.AppCmdExec.WXSlimFirstBundleExec.todo; File:.0
[CALL STACK][2]: Method:WXTextureTools.Application.App.process; File:.0
</stackFrames>
</wxlog>
<wxlog>
  <threadId>#main</threadId>
  <timestamp>00:24:43:2021</timestamp>
  <msgtype>MsgMixture</msgtype>
  <content>string|string|bool
AssetBundleText slim - pngName,XboxOne_A.39ee7f28,false</content>
  <stackFrames>
[CALL STACK][0]: Method:WXTextureTools.Application.FirstBundle.FirstBundleHandler.slim; File:.0
[CALL STACK][1]: Method:WXTextureTools.Application.AppCmdExec.WXSlimFirstBundleExec.todo; File:.0
[CALL STACK][2]: Method:WXTextureTools.Application.App.process; File:.0
</stackFrames>
</wxlog>
<wxlog>
  <threadId>#main</threadId>
  <timestamp>00:24:43:2021</timestamp>
  <msgtype>MsgMixture</msgtype>
  <content>string|string|bool
AssetBundleText slim - pngName,Switch Off.a3e447dd,false</content>
  <stackFrames>
[CALL STACK][0]: Method:WXTextureTools.Application.FirstBundle.FirstBundleHandler.slim; File:.0
[CALL STACK][1]: Method:WXTextureTools.Application.AppCmdExec.WXSlimFirstBundleExec.todo; File:.0
[CALL STACK][2]: Method:WXTextureTools.Application.App.process; File:.0
</stackFrames>
</wxlog>
<wxlog>
  <threadId>#main</threadId>
  <timestamp>00:24:43:2026</timestamp>
  <msgtype>MsgMixture</msgtype>
  <content>string|string|bool
AssetBundleText slim - pngName,Content Header.4a262814,false</content>
  <stackFrames>
[CALL STACK][0]: Method:WXTextureTools.Application.FirstBundle.FirstBundleHandler.slim; File:.0
[CALL STACK][1]: Method:WXTextureTools.Application.AppCmdExec.WXSlimFirstBundleExec.todo; File:.0
[CALL STACK][2]: Method:WXTextureTools.Application.App.process; File:.0
</stackFrames>
</wxlog>
<wxlog>
  <threadId>#main</threadId>
  <timestamp>00:24:43:2026</timestamp>
  <msgtype>MsgMixture</msgtype>
  <content>string|string|bool
AssetBundleText slim - pngName,Right.c67e3fab,false</content>
  <stackFrames>
[CALL STACK][0]: Method:WXTextureTools.Application.FirstBundle.FirstBundleHandler.slim; File:.0
[CALL STACK][1]: Method:WXTextureTools.Application.AppCmdExec.WXSlimFirstBundleExec.todo; File:.0
[CALL STACK][2]: Method:WXTextureTools.Application.App.process; File:.0
</stackFrames>
</wxlog>
<wxlog>
  <threadId>#main</threadId>
  <timestamp>00:24:43:2026</timestamp>
  <msgtype>MsgMixture</msgtype>
  <content>string|string|bool
AssetBundleText slim - pngName,Keyboard_Black_Arrow_Down.ff85f7e9,false</content>
  <stackFrames>
[CALL STACK][0]: Method:WXTextureTools.Application.FirstBundle.FirstBundleHandler.slim; File:.0
[CALL STACK][1]: Method:WXTextureTools.Application.AppCmdExec.WXSlimFirstBundleExec.todo; File:.0
[CALL STACK][2]: Method:WXTextureTools.Application.App.process; File:.0
</stackFrames>
</wxlog>
<wxlog>
  <threadId>#main</threadId>
  <timestamp>00:24:43:2026</timestamp>
  <msgtype>MsgMixture</msgtype>
  <content>string|string|bool
AssetBundleText slim - pngName,Keyboard_Black_Shift_Alt.7451d66b,false</content>
  <stackFrames>
[CALL STACK][0]: Method:WXTextureTools.Application.FirstBundle.FirstBundleHandler.slim; File:.0
[CALL STACK][1]: Method:WXTextureTools.Application.AppCmdExec.WXSlimFirstBundleExec.todo; File:.0
[CALL STACK][2]: Method:WXTextureTools.Application.App.process; File:.0
</stackFrames>
</wxlog>
<wxlog>
  <threadId>#main</threadId>
  <timestamp>00:24:43:2026</timestamp>
  <msgtype>MsgMixture</msgtype>
  <content>string|string|bool
AssetBundleText slim - pngName,Keyboard_Black_Space.5d726185,false</content>
  <stackFrames>
[CALL STACK][0]: Method:WXTextureTools.Application.FirstBundle.FirstBundleHandler.slim; File:.0
[CALL STACK][1]: Method:WXTextureTools.Application.AppCmdExec.WXSlimFirstBundleExec.todo; File:.0
[CALL STACK][2]: Method:WXTextureTools.Application.App.process; File:.0
</stackFrames>
</wxlog>
<wxlog>
  <threadId>#main</threadId>
  <timestamp>00:24:43:2036</timestamp>
  <msgtype>MsgMixture</msgtype>
  <content>string|string|bool
AssetBundleText slim - pngName,27.f9b46ae4,false</content>
  <stackFrames>
[CALL STACK][0]: Method:WXTextureTools.Application.FirstBundle.FirstBundleHandler.slim; File:.0
[CALL STACK][1]: Method:WXTextureTools.Application.AppCmdExec.WXSlimFirstBundleExec.todo; File:.0
[CALL STACK][2]: Method:WXTextureTools.Application.App.process; File:.0
</stackFrames>
</wxlog>
<wxlog>
  <threadId>#main</threadId>
  <timestamp>00:24:43:2036</timestamp>
  <msgtype>MsgMixture</msgtype>
  <content>string|string|bool
AssetBundleText slim - pngName,13.3345c98a,false</content>
  <stackFrames>
[CALL STACK][0]: Method:WXTextureTools.Application.FirstBundle.FirstBundleHandler.slim; File:.0
[CALL STACK][1]: Method:WXTextureTools.Application.AppCmdExec.WXSlimFirstBundleExec.todo; File:.0
[CALL STACK][2]: Method:WXTextureTools.Application.App.process; File:.0
</stackFrames>
</wxlog>
<wxlog>
  <threadId>#main</threadId>
  <timestamp>00:24:43:2041</timestamp>
  <msgtype>MsgMixture</msgtype>
  <content>string|string|bool
AssetBundleText slim - pngName,L_AR.b511ce7f,false</content>
  <stackFrames>
[CALL STACK][0]: Method:WXTextureTools.Application.FirstBundle.FirstBundleHandler.slim; File:.0
[CALL STACK][1]: Method:WXTextureTools.Application.AppCmdExec.WXSlimFirstBundleExec.todo; File:.0
[CALL STACK][2]: Method:WXTextureTools.Application.App.process; File:.0
</stackFrames>
</wxlog>
<wxlog>
  <threadId>#main</threadId>
  <timestamp>00:24:43:2046</timestamp>
  <msgtype>MsgMixture</msgtype>
  <content>string|string|bool
AssetBundleText slim - pngName,22.bd51514a,false</content>
  <stackFrames>
[CALL STACK][0]: Method:WXTextureTools.Application.FirstBundle.FirstBundleHandler.slim; File:.0
[CALL STACK][1]: Method:WXTextureTools.Application.AppCmdExec.WXSlimFirstBundleExec.todo; File:.0
[CALL STACK][2]: Method:WXTextureTools.Application.App.process; File:.0
</stackFrames>
</wxlog>
<wxlog>
  <threadId>#main</threadId>
  <timestamp>00:24:43:2046</timestamp>
  <msgtype>MsgMixture</msgtype>
  <content>string|string|bool
AssetBundleText slim - pngName,37.e9143740,false</content>
  <stackFrames>
[CALL STACK][0]: Method:WXTextureTools.Application.FirstBundle.FirstBundleHandler.slim; File:.0
[CALL STACK][1]: Method:WXTextureTools.Application.AppCmdExec.WXSlimFirstBundleExec.todo; File:.0
[CALL STACK][2]: Method:WXTextureTools.Application.App.process; File:.0
</stackFrames>
</wxlog>
<wxlog>
  <threadId>#main</threadId>
  <timestamp>00:24:43:2046</timestamp>
  <msgtype>MsgMixture</msgtype>
  <content>string|string|bool
AssetBundleText slim - pngName,Keyboard_Black_Alt.447e0709,false</content>
  <stackFrames>
[CALL STACK][0]: Method:WXTextureTools.Application.FirstBundle.FirstBundleHandler.slim; File:.0
[CALL STACK][1]: Method:WXTextureTools.Application.AppCmdExec.WXSlimFirstBundleExec.todo; File:.0
[CALL STACK][2]: Method:WXTextureTools.Application.App.process; File:.0
</stackFrames>
</wxlog>
<wxlog>
  <threadId>#main</threadId>
  <timestamp>00:24:43:2056</timestamp>
  <msgtype>MsgMixture</msgtype>
  <content>string|string|bool
AssetBundleText slim - pngName,32.f9e70ba8,false</content>
  <stackFrames>
[CALL STACK][0]: Method:WXTextureTools.Application.FirstBundle.FirstBundleHandler.slim; File:.0
[CALL STACK][1]: Method:WXTextureTools.Application.AppCmdExec.WXSlimFirstBundleExec.todo; File:.0
[CALL STACK][2]: Method:WXTextureTools.Application.App.process; File:.0
</stackFrames>
</wxlog>
<wxlog>
  <threadId>#main</threadId>
  <timestamp>00:24:43:2066</timestamp>
  <msgtype>MsgMixture</msgtype>
  <content>string|string|bool
AssetBundleText slim - pngName,HKE Top Header.217a4c4f,false</content>
  <stackFrames>
[CALL STACK][0]: Method:WXTextureTools.Application.FirstBundle.FirstBundleHandler.slim; File:.0
[CALL STACK][1]: Method:WXTextureTools.Application.AppCmdExec.WXSlimFirstBundleExec.todo; File:.0
[CALL STACK][2]: Method:WXTextureTools.Application.App.process; File:.0
</stackFrames>
</wxlog>
<wxlog>
  <threadId>#main</threadId>
  <timestamp>00:24:43:2072</timestamp>
  <msgtype>MsgMixture</msgtype>
  <content>string|string|bool
AssetBundleText slim - pngName,16.71a952cb,false</content>
  <stackFrames>
[CALL STACK][0]: Method:WXTextureTools.Application.FirstBundle.FirstBundleHandler.slim; File:.0
[CALL STACK][1]: Method:WXTextureTools.Application.AppCmdExec.WXSlimFirstBundleExec.todo; File:.0
[CALL STACK][2]: Method:WXTextureTools.Application.App.process; File:.0
</stackFrames>
</wxlog>
<wxlog>
  <threadId>#main</threadId>
  <timestamp>00:24:43:2072</timestamp>
  <msgtype>MsgMixture</msgtype>
  <content>string|string|bool
AssetBundleText slim - pngName,Indicator Item Outline.6001d7d5,false</content>
  <stackFrames>
[CALL STACK][0]: Method:WXTextureTools.Application.FirstBundle.FirstBundleHandler.slim; File:.0
[CALL STACK][1]: Method:WXTextureTools.Application.AppCmdExec.WXSlimFirstBundleExec.todo; File:.0
[CALL STACK][2]: Method:WXTextureTools.Application.App.process; File:.0
</stackFrames>
</wxlog>
<wxlog>
  <threadId>#main</threadId>
  <timestamp>00:24:43:2072</timestamp>
  <msgtype>MsgMixture</msgtype>
  <content>string|string|bool
AssetBundleText slim - pngName,UIElement8px.f411169b,false</content>
  <stackFrames>
[CALL STACK][0]: Method:WXTextureTools.Application.FirstBundle.FirstBundleHandler.slim; File:.0
[CALL STACK][1]: Method:WXTextureTools.Application.AppCmdExec.WXSlimFirstBundleExec.todo; File:.0
[CALL STACK][2]: Method:WXTextureTools.Application.App.process; File:.0
</stackFrames>
</wxlog>
<wxlog>
  <threadId>#main</threadId>
  <timestamp>00:24:43:2072</timestamp>
  <msgtype>MsgMixture</msgtype>
  <content>string|string
AssetBundleText slim - 1,UIElement8px</content>
  <stackFrames>
[CALL STACK][0]: Method:WXTextureTools.Application.FirstBundle.FirstBundleHandler.slim; File:.0
[CALL STACK][1]: Method:WXTextureTools.Application.AppCmdExec.WXSlimFirstBundleExec.todo; File:.0
[CALL STACK][2]: Method:WXTextureTools.Application.App.process; File:.0
</stackFrames>
</wxlog>
<wxlog>
  <threadId>#main</threadId>
  <timestamp>00:24:43:2081</timestamp>
  <msgtype>MsgMixture</msgtype>
  <content>string|string|bool
AssetBundleText slim - pngName,21.bbe3cb9b,false</content>
  <stackFrames>
[CALL STACK][0]: Method:WXTextureTools.Application.FirstBundle.FirstBundleHandler.slim; File:.0
[CALL STACK][1]: Method:WXTextureTools.Application.AppCmdExec.WXSlimFirstBundleExec.todo; File:.0
[CALL STACK][2]: Method:WXTextureTools.Application.App.process; File:.0
</stackFrames>
</wxlog>
<wxlog>
  <threadId>#main</threadId>
  <timestamp>00:24:43:2081</timestamp>
  <msgtype>MsgMixture</msgtype>
  <content>string|string|bool
AssetBundleText slim - pngName,38.c64bc659,false</content>
  <stackFrames>
[CALL STACK][0]: Method:WXTextureTools.Application.FirstBundle.FirstBundleHandler.slim; File:.0
[CALL STACK][1]: Method:WXTextureTools.Application.AppCmdExec.WXSlimFirstBundleExec.todo; File:.0
[CALL STACK][2]: Method:WXTextureTools.Application.App.process; File:.0
</stackFrames>
</wxlog>
<wxlog>
  <threadId>#main</threadId>
  <timestamp>00:24:43:2121</timestamp>
  <msgtype>MsgMixture</msgtype>
  <content>string|string|bool
AssetBundleText slim - pngName,EmojiOne.9438d40e,false</content>
  <stackFrames>
[CALL STACK][0]: Method:WXTextureTools.Application.FirstBundle.FirstBundleHandler.slim; File:.0
[CALL STACK][1]: Method:WXTextureTools.Application.AppCmdExec.WXSlimFirstBundleExec.todo; File:.0
[CALL STACK][2]: Method:WXTextureTools.Application.App.process; File:.0
</stackFrames>
</wxlog>
<wxlog>
  <threadId>#main</threadId>
  <timestamp>00:24:43:2121</timestamp>
  <msgtype>MsgMixture</msgtype>
  <content>string|string|bool
AssetBundleText slim - pngName,Target.c90d023b,false</content>
  <stackFrames>
[CALL STACK][0]: Method:WXTextureTools.Application.FirstBundle.FirstBundleHandler.slim; File:.0
[CALL STACK][1]: Method:WXTextureTools.Application.AppCmdExec.WXSlimFirstBundleExec.todo; File:.0
[CALL STACK][2]: Method:WXTextureTools.Application.App.process; File:.0
</stackFrames>
</wxlog>
<wxlog>
  <threadId>#main</threadId>
  <timestamp>00:24:43:2126</timestamp>
  <msgtype>MsgMixture</msgtype>
  <content>string|string|bool
AssetBundleText slim - pngName,Settings Normal.492d914d,false</content>
  <stackFrames>
[CALL STACK][0]: Method:WXTextureTools.Application.FirstBundle.FirstBundleHandler.slim; File:.0
[CALL STACK][1]: Method:WXTextureTools.Application.AppCmdExec.WXSlimFirstBundleExec.todo; File:.0
[CALL STACK][2]: Method:WXTextureTools.Application.App.process; File:.0
</stackFrames>
</wxlog>
<wxlog>
  <threadId>#main</threadId>
  <timestamp>00:24:43:2126</timestamp>
  <msgtype>MsgMixture</msgtype>
  <content>string|string|bool
AssetBundleText slim - pngName,Font Texture.8f00b204,false</content>
  <stackFrames>
[CALL STACK][0]: Method:WXTextureTools.Application.FirstBundle.FirstBundleHandler.slim; File:.0
[CALL STACK][1]: Method:WXTextureTools.Application.AppCmdExec.WXSlimFirstBundleExec.todo; File:.0
[CALL STACK][2]: Method:WXTextureTools.Application.App.process; File:.0
</stackFrames>
</wxlog>
<wxlog>
  <threadId>#main</threadId>
  <timestamp>00:24:43:2126</timestamp>
  <msgtype>MsgMixture</msgtype>
  <content>string|string|bool
AssetBundleText slim - pngName,11.02445817,false</content>
  <stackFrames>
[CALL STACK][0]: Method:WXTextureTools.Application.FirstBundle.FirstBundleHandler.slim; File:.0
[CALL STACK][1]: Method:WXTextureTools.Application.AppCmdExec.WXSlimFirstBundleExec.todo; File:.0
[CALL STACK][2]: Method:WXTextureTools.Application.App.process; File:.0
</stackFrames>
</wxlog>
<wxlog>
  <threadId>#main</threadId>
  <timestamp>00:24:43:2136</timestamp>
  <msgtype>MsgMixture</msgtype>
  <content>string|string|bool
AssetBundleText slim - pngName,XboxOne_Dpad_Right.36890f48,false</content>
  <stackFrames>
[CALL STACK][0]: Method:WXTextureTools.Application.FirstBundle.FirstBundleHandler.slim; File:.0
[CALL STACK][1]: Method:WXTextureTools.Application.AppCmdExec.WXSlimFirstBundleExec.todo; File:.0
[CALL STACK][2]: Method:WXTextureTools.Application.App.process; File:.0
</stackFrames>
</wxlog>
<wxlog>
  <threadId>#main</threadId>
  <timestamp>00:24:43:2136</timestamp>
  <msgtype>MsgMixture</msgtype>
  <content>string|string|bool
AssetBundleText slim - pngName,XboxOne_Y.1ee6a3eb,false</content>
  <stackFrames>
[CALL STACK][0]: Method:WXTextureTools.Application.FirstBundle.FirstBundleHandler.slim; File:.0
[CALL STACK][1]: Method:WXTextureTools.Application.AppCmdExec.WXSlimFirstBundleExec.todo; File:.0
[CALL STACK][2]: Method:WXTextureTools.Application.App.process; File:.0
</stackFrames>
</wxlog>
<wxlog>
  <threadId>#main</threadId>
  <timestamp>00:24:43:2141</timestamp>
  <msgtype>MsgMixture</msgtype>
  <content>string|string|bool
AssetBundleText slim - pngName,XboxOne_B.a98100c4,false</content>
  <stackFrames>
[CALL STACK][0]: Method:WXTextureTools.Application.FirstBundle.FirstBundleHandler.slim; File:.0
[CALL STACK][1]: Method:WXTextureTools.Application.AppCmdExec.WXSlimFirstBundleExec.todo; File:.0
[CALL STACK][2]: Method:WXTextureTools.Application.App.process; File:.0
</stackFrames>
</wxlog>
<wxlog>
  <threadId>#main</threadId>
  <timestamp>00:24:43:2146</timestamp>
  <msgtype>MsgMixture</msgtype>
  <content>string|string|bool
AssetBundleText slim - pngName,10.21da9d3e,false</content>
  <stackFrames>
[CALL STACK][0]: Method:WXTextureTools.Application.FirstBundle.FirstBundleHandler.slim; File:.0
[CALL STACK][1]: Method:WXTextureTools.Application.AppCmdExec.WXSlimFirstBundleExec.todo; File:.0
[CALL STACK][2]: Method:WXTextureTools.Application.App.process; File:.0
</stackFrames>
</wxlog>
<wxlog>
  <threadId>#main</threadId>
  <timestamp>00:24:43:2156</timestamp>
  <msgtype>MsgMixture</msgtype>
  <content>string|string|bool
AssetBundleText slim - pngName,Keyboard_Black_D.653a1c57,false</content>
  <stackFrames>
[CALL STACK][0]: Method:WXTextureTools.Application.FirstBundle.FirstBundleHandler.slim; File:.0
[CALL STACK][1]: Method:WXTextureTools.Application.AppCmdExec.WXSlimFirstBundleExec.todo; File:.0
[CALL STACK][2]: Method:WXTextureTools.Application.App.process; File:.0
</stackFrames>
</wxlog>
<wxlog>
  <threadId>#main</threadId>
  <timestamp>00:24:43:2166</timestamp>
  <msgtype>MsgMixture</msgtype>
  <content>string|string|bool
AssetBundleText slim - pngName,8.e5af4a18,false</content>
  <stackFrames>
[CALL STACK][0]: Method:WXTextureTools.Application.FirstBundle.FirstBundleHandler.slim; File:.0
[CALL STACK][1]: Method:WXTextureTools.Application.AppCmdExec.WXSlimFirstBundleExec.todo; File:.0
[CALL STACK][2]: Method:WXTextureTools.Application.App.process; File:.0
</stackFrames>
</wxlog>
<wxlog>
  <threadId>#main</threadId>
  <timestamp>00:24:43:2166</timestamp>
  <msgtype>MsgMixture</msgtype>
  <content>string|string|bool
AssetBundleText slim - pngName,Content Active.66fa68e6,false</content>
  <stackFrames>
[CALL STACK][0]: Method:WXTextureTools.Application.FirstBundle.FirstBundleHandler.slim; File:.0
[CALL STACK][1]: Method:WXTextureTools.Application.AppCmdExec.WXSlimFirstBundleExec.todo; File:.0
[CALL STACK][2]: Method:WXTextureTools.Application.App.process; File:.0
</stackFrames>
</wxlog>
<wxlog>
  <threadId>#main</threadId>
  <timestamp>00:24:43:2176</timestamp>
  <msgtype>MsgMixture</msgtype>
  <content>string|string|bool
AssetBundleText slim - pngName,Gradient Header.dc938e3d,false</content>
  <stackFrames>
[CALL STACK][0]: Method:WXTextureTools.Application.FirstBundle.FirstBundleHandler.slim; File:.0
[CALL STACK][1]: Method:WXTextureTools.Application.AppCmdExec.WXSlimFirstBundleExec.todo; File:.0
[CALL STACK][2]: Method:WXTextureTools.Application.App.process; File:.0
</stackFrames>
</wxlog>
<wxlog>
  <threadId>#main</threadId>
  <timestamp>00:24:43:2181</timestamp>
  <msgtype>MsgMixture</msgtype>
  <content>string|string|bool
AssetBundleText slim - pngName,14.5abf7c7d,false</content>
  <stackFrames>
[CALL STACK][0]: Method:WXTextureTools.Application.FirstBundle.FirstBundleHandler.slim; File:.0
[CALL STACK][1]: Method:WXTextureTools.Application.AppCmdExec.WXSlimFirstBundleExec.todo; File:.0
[CALL STACK][2]: Method:WXTextureTools.Application.App.process; File:.0
</stackFrames>
</wxlog>
<wxlog>
  <threadId>#main</threadId>
  <timestamp>00:24:43:2186</timestamp>
  <msgtype>MsgMixture</msgtype>
  <content>string|string|bool
AssetBundleText slim - pngName,Support Header.44acf85b,false</content>
  <stackFrames>
[CALL STACK][0]: Method:WXTextureTools.Application.FirstBundle.FirstBundleHandler.slim; File:.0
[CALL STACK][1]: Method:WXTextureTools.Application.AppCmdExec.WXSlimFirstBundleExec.todo; File:.0
[CALL STACK][2]: Method:WXTextureTools.Application.App.process; File:.0
</stackFrames>
</wxlog>
<wxlog>
  <threadId>#main</threadId>
  <timestamp>00:24:43:2191</timestamp>
  <msgtype>MsgMixture</msgtype>
  <content>string|string|bool
AssetBundleText slim - pngName,12.340df53f,false</content>
  <stackFrames>
[CALL STACK][0]: Method:WXTextureTools.Application.FirstBundle.FirstBundleHandler.slim; File:.0
[CALL STACK][1]: Method:WXTextureTools.Application.AppCmdExec.WXSlimFirstBundleExec.todo; File:.0
[CALL STACK][2]: Method:WXTextureTools.Application.App.process; File:.0
</stackFrames>
</wxlog>
<wxlog>
  <threadId>#main</threadId>
  <timestamp>00:24:43:2196</timestamp>
  <msgtype>MsgMixture</msgtype>
  <content>string|string|bool
AssetBundleText slim - pngName,7.21821acb,false</content>
  <stackFrames>
[CALL STACK][0]: Method:WXTextureTools.Application.FirstBundle.FirstBundleHandler.slim; File:.0
[CALL STACK][1]: Method:WXTextureTools.Application.AppCmdExec.WXSlimFirstBundleExec.todo; File:.0
[CALL STACK][2]: Method:WXTextureTools.Application.App.process; File:.0
</stackFrames>
</wxlog>
<wxlog>
  <threadId>#main</threadId>
  <timestamp>00:24:43:2206</timestamp>
  <msgtype>MsgMixture</msgtype>
  <content>string|string|bool
AssetBundleText slim - pngName,28.1a8dc088,false</content>
  <stackFrames>
[CALL STACK][0]: Method:WXTextureTools.Application.FirstBundle.FirstBundleHandler.slim; File:.0
[CALL STACK][1]: Method:WXTextureTools.Application.AppCmdExec.WXSlimFirstBundleExec.todo; File:.0
[CALL STACK][2]: Method:WXTextureTools.Application.App.process; File:.0
</stackFrames>
</wxlog>
<wxlog>
  <threadId>#main</threadId>
  <timestamp>00:24:43:2206</timestamp>
  <msgtype>MsgMixture</msgtype>
  <content>string|string|bool
AssetBundleText slim - pngName,L_FR.1d3a1aa6,false</content>
  <stackFrames>
[CALL STACK][0]: Method:WXTextureTools.Application.FirstBundle.FirstBundleHandler.slim; File:.0
[CALL STACK][1]: Method:WXTextureTools.Application.AppCmdExec.WXSlimFirstBundleExec.todo; File:.0
[CALL STACK][2]: Method:WXTextureTools.Application.App.process; File:.0
</stackFrames>
</wxlog>
<wxlog>
  <threadId>#main</threadId>
  <timestamp>00:24:43:2261</timestamp>
  <msgtype>MsgMixture</msgtype>
  <content>string|string|bool
AssetBundleText slim - pngName,Roboto-Regular SDF Atlas.2fae1f19,false</content>
  <stackFrames>
[CALL STACK][0]: Method:WXTextureTools.Application.FirstBundle.FirstBundleHandler.slim; File:.0
[CALL STACK][1]: Method:WXTextureTools.Application.AppCmdExec.WXSlimFirstBundleExec.todo; File:.0
[CALL STACK][2]: Method:WXTextureTools.Application.App.process; File:.0
</stackFrames>
</wxlog>
<wxlog>
  <threadId>#main</threadId>
  <timestamp>00:24:43:2312</timestamp>
  <msgtype>MsgMixture</msgtype>
  <content>string|string|bool
AssetBundleText slim - pngName,OpenSans-Bold SDF Atlas.49caa7ea,false</content>
  <stackFrames>
[CALL STACK][0]: Method:WXTextureTools.Application.FirstBundle.FirstBundleHandler.slim; File:.0
[CALL STACK][1]: Method:WXTextureTools.Application.AppCmdExec.WXSlimFirstBundleExec.todo; File:.0
[CALL STACK][2]: Method:WXTextureTools.Application.App.process; File:.0
</stackFrames>
</wxlog>
<wxlog>
  <threadId>#main</threadId>
  <timestamp>00:24:43:2347</timestamp>
  <msgtype>MsgMixture</msgtype>
  <content>string|string|bool
AssetBundleText slim - pngName,OpenSans-ExtraBold SDF Atlas.e1b97693,false</content>
  <stackFrames>
[CALL STACK][0]: Method:WXTextureTools.Application.FirstBundle.FirstBundleHandler.slim; File:.0
[CALL STACK][1]: Method:WXTextureTools.Application.AppCmdExec.WXSlimFirstBundleExec.todo; File:.0
[CALL STACK][2]: Method:WXTextureTools.Application.App.process; File:.0
</stackFrames>
</wxlog>
<wxlog>
  <threadId>#main</threadId>
  <timestamp>00:24:43:2367</timestamp>
  <msgtype>MsgMixture</msgtype>
  <content>string|string|bool
AssetBundleText slim - pngName,OpenSans-Light SDF Atlas.ca643224,false</content>
  <stackFrames>
[CALL STACK][0]: Method:WXTextureTools.Application.FirstBundle.FirstBundleHandler.slim; File:.0
[CALL STACK][1]: Method:WXTextureTools.Application.AppCmdExec.WXSlimFirstBundleExec.todo; File:.0
[CALL STACK][2]: Method:WXTextureTools.Application.App.process; File:.0
</stackFrames>
</wxlog>
<wxlog>
  <threadId>#main</threadId>
  <timestamp>00:24:43:2492</timestamp>
  <msgtype>MsgMixture</msgtype>
  <content>string|string|bool
AssetBundleText slim - pngName,LiberationSans SDF Atlas.ac9f1c83,false</content>
  <stackFrames>
[CALL STACK][0]: Method:WXTextureTools.Application.FirstBundle.FirstBundleHandler.slim; File:.0
[CALL STACK][1]: Method:WXTextureTools.Application.AppCmdExec.WXSlimFirstBundleExec.todo; File:.0
[CALL STACK][2]: Method:WXTextureTools.Application.App.process; File:.0
</stackFrames>
</wxlog>
<wxlog>
  <threadId>#main</threadId>
  <timestamp>00:24:43:2517</timestamp>
  <msgtype>MsgMixture</msgtype>
  <content>string|string|bool
AssetBundleText slim - pngName,Larke Sans Bold SDF Atlas.51b40a3b,false</content>
  <stackFrames>
[CALL STACK][0]: Method:WXTextureTools.Application.FirstBundle.FirstBundleHandler.slim; File:.0
[CALL STACK][1]: Method:WXTextureTools.Application.AppCmdExec.WXSlimFirstBundleExec.todo; File:.0
[CALL STACK][2]: Method:WXTextureTools.Application.App.process; File:.0
</stackFrames>
</wxlog>
<wxlog>
  <threadId>#main</threadId>
  <timestamp>00:24:43:2537</timestamp>
  <msgtype>MsgMixture</msgtype>
  <content>string|string|bool
AssetBundleText slim - pngName,Larke Sans Regular SDF Atlas.51b40a3b,false</content>
  <stackFrames>
[CALL STACK][0]: Method:WXTextureTools.Application.FirstBundle.FirstBundleHandler.slim; File:.0
[CALL STACK][1]: Method:WXTextureTools.Application.AppCmdExec.WXSlimFirstBundleExec.todo; File:.0
[CALL STACK][2]: Method:WXTextureTools.Application.App.process; File:.0
</stackFrames>
</wxlog>
<wxlog>
  <threadId>#main</threadId>
  <timestamp>00:24:43:2562</timestamp>
  <msgtype>MsgMixture</msgtype>
  <content>string|string|bool
AssetBundleText slim - pngName,OpenSans-Regular SDF Atlas.89fccdf1,false</content>
  <stackFrames>
[CALL STACK][0]: Method:WXTextureTools.Application.FirstBundle.FirstBundleHandler.slim; File:.0
[CALL STACK][1]: Method:WXTextureTools.Application.AppCmdExec.WXSlimFirstBundleExec.todo; File:.0
[CALL STACK][2]: Method:WXTextureTools.Application.App.process; File:.0
</stackFrames>
</wxlog>
<wxlog>
  <threadId>#main</threadId>
  <timestamp>00:24:43:2588</timestamp>
  <msgtype>MsgMixture</msgtype>
  <content>string|string|bool
AssetBundleText slim - pngName,Larke Sans Light SDF Atlas.78026908,false</content>
  <stackFrames>
[CALL STACK][0]: Method:WXTextureTools.Application.FirstBundle.FirstBundleHandler.slim; File:.0
[CALL STACK][1]: Method:WXTextureTools.Application.AppCmdExec.WXSlimFirstBundleExec.todo; File:.0
[CALL STACK][2]: Method:WXTextureTools.Application.App.process; File:.0
</stackFrames>
</wxlog>
