<wxlog>
  <threadId>#main</threadId>
  <timestamp>23:36:29:6718</timestamp>
  <msgtype>MsgWXLogLaunch</msgtype>
  <content>[The WXLogger is launched!]</content>
  <stackFrames>
[CALL STACK][0]: Method:WXTextureTools.Application.Options.OptionsConfig..ctor; File:.0
[CALL STACK][1]: Method:WXTextureTools.Application.App..ctor; File:.0
[CALL STACK][2]: Method:WXTextureTools.Program.Main; File:.0
</stackFrames>
</wxlog>
<wxlog>
  <threadId>#main</threadId>
  <timestamp>23:36:29:6883</timestamp>
  <msgtype>MsgMixture</msgtype>
  <content>string|String[]
OptionsConfig,-option=fb
-dataDir=D:/Projects/AIVideoGame/TextToolDatas
-classDataPath=D:/Projects/AIVideoGame/Assets\WX-WASM-SDK-V2\Editor/TextureEditor/classdata.tpk
-sourcePath=E:\projects\AIVideoGame\webgl\Build\webgl.data
-do=slim
-outDir=D:/Projects/AIVideoGame/TextToolDatas\fbslimtTemp
-slimConfPath=D:/Projects/AIVideoGame/Assets\WX-WASM-SDK-V2\Editor/TextureEditor/slim.conf
</content>
  <stackFrames>
[CALL STACK][0]: Method:WXTextureTools.Application.App..ctor; File:.0
[CALL STACK][1]: Method:WXTextureTools.Program.Main; File:.0
</stackFrames>
</wxlog>
<wxlog>
  <threadId>#main</threadId>
  <timestamp>23:36:29:6893</timestamp>
  <msgtype>MsgMixture</msgtype>
  <content>string|string
UnityBridgeHandler - SetDataDir,D:/Projects/AIVideoGame/TextToolDatas\temp</content>
  <stackFrames>
[CALL STACK][0]: Method:WXTextureTools.Program.Main; File:.0
</stackFrames>
</wxlog>
<wxlog>
  <threadId>#main</threadId>
  <timestamp>23:36:29:7179</timestamp>
  <msgtype>MsgMixture</msgtype>
  <content>string|string
FirstBundleDel,D:/Projects/AIVideoGame/TextToolDatas\fbslimConfig.txt</content>
  <stackFrames>
[CALL STACK][0]: Method:WXTextureTools.Application.AppCmdExec.WXSlimFirstBundleExec.todo; File:.0
[CALL STACK][1]: Method:WXTextureTools.Application.App.process; File:.0
[CALL STACK][2]: Method:WXTextureTools.Application.App..ctor; File:.0
</stackFrames>
</wxlog>
<wxlog>
  <threadId>#main</threadId>
  <timestamp>23:36:29:8398</timestamp>
  <msgtype>MsgMixture</msgtype>
  <content>string|string|bool
FirstBundleText slim - pngName,Soft.c1d63e75,false</content>
  <stackFrames>
[CALL STACK][0]: Method:WXTextureTools.Application.FirstBundle.FirstBundleHandler.slim; File:.0
[CALL STACK][1]: Method:WXTextureTools.Application.AppCmdExec.WXSlimFirstBundleExec.todo; File:.0
[CALL STACK][2]: Method:WXTextureTools.Application.App.process; File:.0
</stackFrames>
</wxlog>
<wxlog>
  <threadId>#main</threadId>
  <timestamp>23:36:29:8433</timestamp>
  <msgtype>MsgMixture</msgtype>
  <content>string|string
FirstBundleText slim - 1,Soft</content>
  <stackFrames>
[CALL STACK][0]: Method:WXTextureTools.Application.FirstBundle.FirstBundleHandler.slim; File:.0
[CALL STACK][1]: Method:WXTextureTools.Application.AppCmdExec.WXSlimFirstBundleExec.todo; File:.0
[CALL STACK][2]: Method:WXTextureTools.Application.App.process; File:.0
</stackFrames>
</wxlog>
<wxlog>
  <threadId>#main</threadId>
  <timestamp>23:36:29:8438</timestamp>
  <msgtype>MsgMixture</msgtype>
  <content>string|string|bool
FirstBundleText slim - pngName,Font Texture.8f00b204,false</content>
  <stackFrames>
[CALL STACK][0]: Method:WXTextureTools.Application.FirstBundle.FirstBundleHandler.slim; File:.0
[CALL STACK][1]: Method:WXTextureTools.Application.AppCmdExec.WXSlimFirstBundleExec.todo; File:.0
[CALL STACK][2]: Method:WXTextureTools.Application.App.process; File:.0
</stackFrames>
</wxlog>
<wxlog>
  <threadId>#main</threadId>
  <timestamp>23:36:29:8438</timestamp>
  <msgtype>MsgMixture</msgtype>
  <content>string|string|bool
FirstBundleText slim - pngName,UnityWatermark-small.d7411008,false</content>
  <stackFrames>
[CALL STACK][0]: Method:WXTextureTools.Application.FirstBundle.FirstBundleHandler.slim; File:.0
[CALL STACK][1]: Method:WXTextureTools.Application.AppCmdExec.WXSlimFirstBundleExec.todo; File:.0
[CALL STACK][2]: Method:WXTextureTools.Application.App.process; File:.0
</stackFrames>
</wxlog>
<wxlog>
  <threadId>#main</threadId>
  <timestamp>23:36:29:8438</timestamp>
  <msgtype>MsgMixture</msgtype>
  <content>string|string
FirstBundleText slim - 1,UnityWatermark-small</content>
  <stackFrames>
[CALL STACK][0]: Method:WXTextureTools.Application.FirstBundle.FirstBundleHandler.slim; File:.0
[CALL STACK][1]: Method:WXTextureTools.Application.AppCmdExec.WXSlimFirstBundleExec.todo; File:.0
[CALL STACK][2]: Method:WXTextureTools.Application.App.process; File:.0
</stackFrames>
</wxlog>
<wxlog>
  <threadId>#main</threadId>
  <timestamp>23:36:29:8438</timestamp>
  <msgtype>MsgMixture</msgtype>
  <content>string|string|bool
FirstBundleText slim - pngName,EscToExit_back.21b1540e,false</content>
  <stackFrames>
[CALL STACK][0]: Method:WXTextureTools.Application.FirstBundle.FirstBundleHandler.slim; File:.0
[CALL STACK][1]: Method:WXTextureTools.Application.AppCmdExec.WXSlimFirstBundleExec.todo; File:.0
[CALL STACK][2]: Method:WXTextureTools.Application.App.process; File:.0
</stackFrames>
</wxlog>
<wxlog>
  <threadId>#main</threadId>
  <timestamp>23:36:29:8448</timestamp>
  <msgtype>MsgMixture</msgtype>
  <content>string|string
FirstBundleText slim - 1,EscToExit_back</content>
  <stackFrames>
[CALL STACK][0]: Method:WXTextureTools.Application.FirstBundle.FirstBundleHandler.slim; File:.0
[CALL STACK][1]: Method:WXTextureTools.Application.AppCmdExec.WXSlimFirstBundleExec.todo; File:.0
[CALL STACK][2]: Method:WXTextureTools.Application.App.process; File:.0
</stackFrames>
</wxlog>
<wxlog>
  <threadId>#main</threadId>
  <timestamp>23:36:29:8448</timestamp>
  <msgtype>MsgMixture</msgtype>
  <content>string|string|bool
FirstBundleText slim - pngName,EscToExit_Text.2e1ee8b4,false</content>
  <stackFrames>
[CALL STACK][0]: Method:WXTextureTools.Application.FirstBundle.FirstBundleHandler.slim; File:.0
[CALL STACK][1]: Method:WXTextureTools.Application.AppCmdExec.WXSlimFirstBundleExec.todo; File:.0
[CALL STACK][2]: Method:WXTextureTools.Application.App.process; File:.0
</stackFrames>
</wxlog>
<wxlog>
  <threadId>#main</threadId>
  <timestamp>23:36:29:8448</timestamp>
  <msgtype>MsgMixture</msgtype>
  <content>string|string
FirstBundleText slim - 1,EscToExit_Text</content>
  <stackFrames>
[CALL STACK][0]: Method:WXTextureTools.Application.FirstBundle.FirstBundleHandler.slim; File:.0
[CALL STACK][1]: Method:WXTextureTools.Application.AppCmdExec.WXSlimFirstBundleExec.todo; File:.0
[CALL STACK][2]: Method:WXTextureTools.Application.App.process; File:.0
</stackFrames>
</wxlog>
<wxlog>
  <threadId>#main</threadId>
  <timestamp>23:36:29:8448</timestamp>
  <msgtype>MsgMixture</msgtype>
  <content>string|string|bool
FirstBundleText slim - pngName,UnityWatermark-trial-big.66f46ac8,false</content>
  <stackFrames>
[CALL STACK][0]: Method:WXTextureTools.Application.FirstBundle.FirstBundleHandler.slim; File:.0
[CALL STACK][1]: Method:WXTextureTools.Application.AppCmdExec.WXSlimFirstBundleExec.todo; File:.0
[CALL STACK][2]: Method:WXTextureTools.Application.App.process; File:.0
</stackFrames>
</wxlog>
<wxlog>
  <threadId>#main</threadId>
  <timestamp>23:36:29:8458</timestamp>
  <msgtype>MsgMixture</msgtype>
  <content>string|string
FirstBundleText slim - 1,UnityWatermark-trial-big</content>
  <stackFrames>
[CALL STACK][0]: Method:WXTextureTools.Application.FirstBundle.FirstBundleHandler.slim; File:.0
[CALL STACK][1]: Method:WXTextureTools.Application.AppCmdExec.WXSlimFirstBundleExec.todo; File:.0
[CALL STACK][2]: Method:WXTextureTools.Application.App.process; File:.0
</stackFrames>
</wxlog>
<wxlog>
  <threadId>#main</threadId>
  <timestamp>23:36:29:8458</timestamp>
  <msgtype>MsgMixture</msgtype>
  <content>string|string|bool
FirstBundleText slim - pngName,UnityWatermark-trial.60b4e34e,false</content>
  <stackFrames>
[CALL STACK][0]: Method:WXTextureTools.Application.FirstBundle.FirstBundleHandler.slim; File:.0
[CALL STACK][1]: Method:WXTextureTools.Application.AppCmdExec.WXSlimFirstBundleExec.todo; File:.0
[CALL STACK][2]: Method:WXTextureTools.Application.App.process; File:.0
</stackFrames>
</wxlog>
<wxlog>
  <threadId>#main</threadId>
  <timestamp>23:36:29:8458</timestamp>
  <msgtype>MsgMixture</msgtype>
  <content>string|string
FirstBundleText slim - 1,UnityWatermark-trial</content>
  <stackFrames>
[CALL STACK][0]: Method:WXTextureTools.Application.FirstBundle.FirstBundleHandler.slim; File:.0
[CALL STACK][1]: Method:WXTextureTools.Application.AppCmdExec.WXSlimFirstBundleExec.todo; File:.0
[CALL STACK][2]: Method:WXTextureTools.Application.App.process; File:.0
</stackFrames>
</wxlog>
<wxlog>
  <threadId>#main</threadId>
  <timestamp>23:36:29:8458</timestamp>
  <msgtype>MsgMixture</msgtype>
  <content>string|string|bool
FirstBundleText slim - pngName,UnityWatermark-beta.dd37c61b,false</content>
  <stackFrames>
[CALL STACK][0]: Method:WXTextureTools.Application.FirstBundle.FirstBundleHandler.slim; File:.0
[CALL STACK][1]: Method:WXTextureTools.Application.AppCmdExec.WXSlimFirstBundleExec.todo; File:.0
[CALL STACK][2]: Method:WXTextureTools.Application.App.process; File:.0
</stackFrames>
</wxlog>
<wxlog>
  <threadId>#main</threadId>
  <timestamp>23:36:29:8458</timestamp>
  <msgtype>MsgMixture</msgtype>
  <content>string|string
FirstBundleText slim - 1,UnityWatermark-beta</content>
  <stackFrames>
[CALL STACK][0]: Method:WXTextureTools.Application.FirstBundle.FirstBundleHandler.slim; File:.0
[CALL STACK][1]: Method:WXTextureTools.Application.AppCmdExec.WXSlimFirstBundleExec.todo; File:.0
[CALL STACK][2]: Method:WXTextureTools.Application.App.process; File:.0
</stackFrames>
</wxlog>
<wxlog>
  <threadId>#main</threadId>
  <timestamp>23:36:29:8458</timestamp>
  <msgtype>MsgMixture</msgtype>
  <content>string|string|bool
FirstBundleText slim - pngName,UnityWatermark-edu.a8c472ae,false</content>
  <stackFrames>
[CALL STACK][0]: Method:WXTextureTools.Application.FirstBundle.FirstBundleHandler.slim; File:.0
[CALL STACK][1]: Method:WXTextureTools.Application.AppCmdExec.WXSlimFirstBundleExec.todo; File:.0
[CALL STACK][2]: Method:WXTextureTools.Application.App.process; File:.0
</stackFrames>
</wxlog>
<wxlog>
  <threadId>#main</threadId>
  <timestamp>23:36:29:8458</timestamp>
  <msgtype>MsgMixture</msgtype>
  <content>string|string
FirstBundleText slim - 1,UnityWatermark-edu</content>
  <stackFrames>
[CALL STACK][0]: Method:WXTextureTools.Application.FirstBundle.FirstBundleHandler.slim; File:.0
[CALL STACK][1]: Method:WXTextureTools.Application.AppCmdExec.WXSlimFirstBundleExec.todo; File:.0
[CALL STACK][2]: Method:WXTextureTools.Application.App.process; File:.0
</stackFrames>
</wxlog>
<wxlog>
  <threadId>#main</threadId>
  <timestamp>23:36:29:8458</timestamp>
  <msgtype>MsgMixture</msgtype>
  <content>string|string|bool
FirstBundleText slim - pngName,UnityWatermark-dev.ae1fc174,false</content>
  <stackFrames>
[CALL STACK][0]: Method:WXTextureTools.Application.FirstBundle.FirstBundleHandler.slim; File:.0
[CALL STACK][1]: Method:WXTextureTools.Application.AppCmdExec.WXSlimFirstBundleExec.todo; File:.0
[CALL STACK][2]: Method:WXTextureTools.Application.App.process; File:.0
</stackFrames>
</wxlog>
<wxlog>
  <threadId>#main</threadId>
  <timestamp>23:36:29:8458</timestamp>
  <msgtype>MsgMixture</msgtype>
  <content>string|string
FirstBundleText slim - 1,UnityWatermark-dev</content>
  <stackFrames>
[CALL STACK][0]: Method:WXTextureTools.Application.FirstBundle.FirstBundleHandler.slim; File:.0
[CALL STACK][1]: Method:WXTextureTools.Application.AppCmdExec.WXSlimFirstBundleExec.todo; File:.0
[CALL STACK][2]: Method:WXTextureTools.Application.App.process; File:.0
</stackFrames>
</wxlog>
<wxlog>
  <threadId>#main</threadId>
  <timestamp>23:36:29:8463</timestamp>
  <msgtype>MsgMixture</msgtype>
  <content>string|string|bool
FirstBundleText slim - pngName,WarningSign.59b8d955,false</content>
  <stackFrames>
[CALL STACK][0]: Method:WXTextureTools.Application.FirstBundle.FirstBundleHandler.slim; File:.0
[CALL STACK][1]: Method:WXTextureTools.Application.AppCmdExec.WXSlimFirstBundleExec.todo; File:.0
[CALL STACK][2]: Method:WXTextureTools.Application.App.process; File:.0
</stackFrames>
</wxlog>
<wxlog>
  <threadId>#main</threadId>
  <timestamp>23:36:29:8463</timestamp>
  <msgtype>MsgMixture</msgtype>
  <content>string|string
FirstBundleText slim - 1,WarningSign</content>
  <stackFrames>
[CALL STACK][0]: Method:WXTextureTools.Application.FirstBundle.FirstBundleHandler.slim; File:.0
[CALL STACK][1]: Method:WXTextureTools.Application.AppCmdExec.WXSlimFirstBundleExec.todo; File:.0
[CALL STACK][2]: Method:WXTextureTools.Application.App.process; File:.0
</stackFrames>
</wxlog>
<wxlog>
  <threadId>#main</threadId>
  <timestamp>23:36:29:8463</timestamp>
  <msgtype>MsgMixture</msgtype>
  <content>string|string|bool
FirstBundleText slim - pngName,UnityWatermark-proto.5084375a,false</content>
  <stackFrames>
[CALL STACK][0]: Method:WXTextureTools.Application.FirstBundle.FirstBundleHandler.slim; File:.0
[CALL STACK][1]: Method:WXTextureTools.Application.AppCmdExec.WXSlimFirstBundleExec.todo; File:.0
[CALL STACK][2]: Method:WXTextureTools.Application.App.process; File:.0
</stackFrames>
</wxlog>
<wxlog>
  <threadId>#main</threadId>
  <timestamp>23:36:29:8463</timestamp>
  <msgtype>MsgMixture</msgtype>
  <content>string|string
FirstBundleText slim - 1,UnityWatermark-proto</content>
  <stackFrames>
[CALL STACK][0]: Method:WXTextureTools.Application.FirstBundle.FirstBundleHandler.slim; File:.0
[CALL STACK][1]: Method:WXTextureTools.Application.AppCmdExec.WXSlimFirstBundleExec.todo; File:.0
[CALL STACK][2]: Method:WXTextureTools.Application.App.process; File:.0
</stackFrames>
</wxlog>
<wxlog>
  <threadId>#main</threadId>
  <timestamp>23:36:29:8463</timestamp>
  <msgtype>MsgMixture</msgtype>
  <content>string|string|bool
FirstBundleText slim - pngName,UnityWatermarkPlugin-beta.52403834,false</content>
  <stackFrames>
[CALL STACK][0]: Method:WXTextureTools.Application.FirstBundle.FirstBundleHandler.slim; File:.0
[CALL STACK][1]: Method:WXTextureTools.Application.AppCmdExec.WXSlimFirstBundleExec.todo; File:.0
[CALL STACK][2]: Method:WXTextureTools.Application.App.process; File:.0
</stackFrames>
</wxlog>
<wxlog>
  <threadId>#main</threadId>
  <timestamp>23:36:29:8463</timestamp>
  <msgtype>MsgMixture</msgtype>
  <content>string|string
FirstBundleText slim - 1,UnityWatermarkPlugin-beta</content>
  <stackFrames>
[CALL STACK][0]: Method:WXTextureTools.Application.FirstBundle.FirstBundleHandler.slim; File:.0
[CALL STACK][1]: Method:WXTextureTools.Application.AppCmdExec.WXSlimFirstBundleExec.todo; File:.0
[CALL STACK][2]: Method:WXTextureTools.Application.App.process; File:.0
</stackFrames>
</wxlog>
<wxlog>
  <threadId>#main</threadId>
  <timestamp>23:36:29:8463</timestamp>
  <msgtype>MsgMixture</msgtype>
  <content>string|string|bool
FirstBundleText slim - pngName,box.643f5df8,false</content>
  <stackFrames>
[CALL STACK][0]: Method:WXTextureTools.Application.FirstBundle.FirstBundleHandler.slim; File:.0
[CALL STACK][1]: Method:WXTextureTools.Application.AppCmdExec.WXSlimFirstBundleExec.todo; File:.0
[CALL STACK][2]: Method:WXTextureTools.Application.App.process; File:.0
</stackFrames>
</wxlog>
<wxlog>
  <threadId>#main</threadId>
  <timestamp>23:36:29:8463</timestamp>
  <msgtype>MsgMixture</msgtype>
  <content>string|string
FirstBundleText slim - 1,box</content>
  <stackFrames>
[CALL STACK][0]: Method:WXTextureTools.Application.FirstBundle.FirstBundleHandler.slim; File:.0
[CALL STACK][1]: Method:WXTextureTools.Application.AppCmdExec.WXSlimFirstBundleExec.todo; File:.0
[CALL STACK][2]: Method:WXTextureTools.Application.App.process; File:.0
</stackFrames>
</wxlog>
<wxlog>
  <threadId>#main</threadId>
  <timestamp>23:36:29:8463</timestamp>
  <msgtype>MsgMixture</msgtype>
  <content>string|string|bool
FirstBundleText slim - pngName,button active.c15aedb7,false</content>
  <stackFrames>
[CALL STACK][0]: Method:WXTextureTools.Application.FirstBundle.FirstBundleHandler.slim; File:.0
[CALL STACK][1]: Method:WXTextureTools.Application.AppCmdExec.WXSlimFirstBundleExec.todo; File:.0
[CALL STACK][2]: Method:WXTextureTools.Application.App.process; File:.0
</stackFrames>
</wxlog>
<wxlog>
  <threadId>#main</threadId>
  <timestamp>23:36:29:8463</timestamp>
  <msgtype>MsgMixture</msgtype>
  <content>string|string
FirstBundleText slim - 1,button active</content>
  <stackFrames>
[CALL STACK][0]: Method:WXTextureTools.Application.FirstBundle.FirstBundleHandler.slim; File:.0
[CALL STACK][1]: Method:WXTextureTools.Application.AppCmdExec.WXSlimFirstBundleExec.todo; File:.0
[CALL STACK][2]: Method:WXTextureTools.Application.App.process; File:.0
</stackFrames>
</wxlog>
<wxlog>
  <threadId>#main</threadId>
  <timestamp>23:36:29:8463</timestamp>
  <msgtype>MsgMixture</msgtype>
  <content>string|string|bool
FirstBundleText slim - pngName,button hover.42efb15e,false</content>
  <stackFrames>
[CALL STACK][0]: Method:WXTextureTools.Application.FirstBundle.FirstBundleHandler.slim; File:.0
[CALL STACK][1]: Method:WXTextureTools.Application.AppCmdExec.WXSlimFirstBundleExec.todo; File:.0
[CALL STACK][2]: Method:WXTextureTools.Application.App.process; File:.0
</stackFrames>
</wxlog>
<wxlog>
  <threadId>#main</threadId>
  <timestamp>23:36:29:8463</timestamp>
  <msgtype>MsgMixture</msgtype>
  <content>string|string
FirstBundleText slim - 1,button hover</content>
  <stackFrames>
[CALL STACK][0]: Method:WXTextureTools.Application.FirstBundle.FirstBundleHandler.slim; File:.0
[CALL STACK][1]: Method:WXTextureTools.Application.AppCmdExec.WXSlimFirstBundleExec.todo; File:.0
[CALL STACK][2]: Method:WXTextureTools.Application.App.process; File:.0
</stackFrames>
</wxlog>
<wxlog>
  <threadId>#main</threadId>
  <timestamp>23:36:29:8463</timestamp>
  <msgtype>MsgMixture</msgtype>
  <content>string|string|bool
FirstBundleText slim - pngName,button on hover.2c40c4b8,false</content>
  <stackFrames>
[CALL STACK][0]: Method:WXTextureTools.Application.FirstBundle.FirstBundleHandler.slim; File:.0
[CALL STACK][1]: Method:WXTextureTools.Application.AppCmdExec.WXSlimFirstBundleExec.todo; File:.0
[CALL STACK][2]: Method:WXTextureTools.Application.App.process; File:.0
</stackFrames>
</wxlog>
<wxlog>
  <threadId>#main</threadId>
  <timestamp>23:36:29:8463</timestamp>
  <msgtype>MsgMixture</msgtype>
  <content>string|string
FirstBundleText slim - 1,button on hover</content>
  <stackFrames>
[CALL STACK][0]: Method:WXTextureTools.Application.FirstBundle.FirstBundleHandler.slim; File:.0
[CALL STACK][1]: Method:WXTextureTools.Application.AppCmdExec.WXSlimFirstBundleExec.todo; File:.0
[CALL STACK][2]: Method:WXTextureTools.Application.App.process; File:.0
</stackFrames>
</wxlog>
<wxlog>
  <threadId>#main</threadId>
  <timestamp>23:36:29:8463</timestamp>
  <msgtype>MsgMixture</msgtype>
  <content>string|string|bool
FirstBundleText slim - pngName,button on.7ff0e5a1,false</content>
  <stackFrames>
[CALL STACK][0]: Method:WXTextureTools.Application.FirstBundle.FirstBundleHandler.slim; File:.0
[CALL STACK][1]: Method:WXTextureTools.Application.AppCmdExec.WXSlimFirstBundleExec.todo; File:.0
[CALL STACK][2]: Method:WXTextureTools.Application.App.process; File:.0
</stackFrames>
</wxlog>
<wxlog>
  <threadId>#main</threadId>
  <timestamp>23:36:29:8463</timestamp>
  <msgtype>MsgMixture</msgtype>
  <content>string|string
FirstBundleText slim - 1,button on</content>
  <stackFrames>
[CALL STACK][0]: Method:WXTextureTools.Application.FirstBundle.FirstBundleHandler.slim; File:.0
[CALL STACK][1]: Method:WXTextureTools.Application.AppCmdExec.WXSlimFirstBundleExec.todo; File:.0
[CALL STACK][2]: Method:WXTextureTools.Application.App.process; File:.0
</stackFrames>
</wxlog>
<wxlog>
  <threadId>#main</threadId>
  <timestamp>23:36:29:8463</timestamp>
  <msgtype>MsgMixture</msgtype>
  <content>string|string|bool
FirstBundleText slim - pngName,button.bdec6b82,false</content>
  <stackFrames>
[CALL STACK][0]: Method:WXTextureTools.Application.FirstBundle.FirstBundleHandler.slim; File:.0
[CALL STACK][1]: Method:WXTextureTools.Application.AppCmdExec.WXSlimFirstBundleExec.todo; File:.0
[CALL STACK][2]: Method:WXTextureTools.Application.App.process; File:.0
</stackFrames>
</wxlog>
<wxlog>
  <threadId>#main</threadId>
  <timestamp>23:36:29:8463</timestamp>
  <msgtype>MsgMixture</msgtype>
  <content>string|string
FirstBundleText slim - 1,button</content>
  <stackFrames>
[CALL STACK][0]: Method:WXTextureTools.Application.FirstBundle.FirstBundleHandler.slim; File:.0
[CALL STACK][1]: Method:WXTextureTools.Application.AppCmdExec.WXSlimFirstBundleExec.todo; File:.0
[CALL STACK][2]: Method:WXTextureTools.Application.App.process; File:.0
</stackFrames>
</wxlog>
<wxlog>
  <threadId>#main</threadId>
  <timestamp>23:36:29:8463</timestamp>
  <msgtype>MsgMixture</msgtype>
  <content>string|string|bool
FirstBundleText slim - pngName,horizontal scrollbar thumb.4137b46d,false</content>
  <stackFrames>
[CALL STACK][0]: Method:WXTextureTools.Application.FirstBundle.FirstBundleHandler.slim; File:.0
[CALL STACK][1]: Method:WXTextureTools.Application.AppCmdExec.WXSlimFirstBundleExec.todo; File:.0
[CALL STACK][2]: Method:WXTextureTools.Application.App.process; File:.0
</stackFrames>
</wxlog>
<wxlog>
  <threadId>#main</threadId>
  <timestamp>23:36:29:8463</timestamp>
  <msgtype>MsgMixture</msgtype>
  <content>string|string
FirstBundleText slim - 1,horizontal scrollbar thumb</content>
  <stackFrames>
[CALL STACK][0]: Method:WXTextureTools.Application.FirstBundle.FirstBundleHandler.slim; File:.0
[CALL STACK][1]: Method:WXTextureTools.Application.AppCmdExec.WXSlimFirstBundleExec.todo; File:.0
[CALL STACK][2]: Method:WXTextureTools.Application.App.process; File:.0
</stackFrames>
</wxlog>
<wxlog>
  <threadId>#main</threadId>
  <timestamp>23:36:29:8463</timestamp>
  <msgtype>MsgMixture</msgtype>
  <content>string|string|bool
FirstBundleText slim - pngName,horizontal scrollbar.0ac38291,false</content>
  <stackFrames>
[CALL STACK][0]: Method:WXTextureTools.Application.FirstBundle.FirstBundleHandler.slim; File:.0
[CALL STACK][1]: Method:WXTextureTools.Application.AppCmdExec.WXSlimFirstBundleExec.todo; File:.0
[CALL STACK][2]: Method:WXTextureTools.Application.App.process; File:.0
</stackFrames>
</wxlog>
<wxlog>
  <threadId>#main</threadId>
  <timestamp>23:36:29:8463</timestamp>
  <msgtype>MsgMixture</msgtype>
  <content>string|string
FirstBundleText slim - 1,horizontal scrollbar</content>
  <stackFrames>
[CALL STACK][0]: Method:WXTextureTools.Application.FirstBundle.FirstBundleHandler.slim; File:.0
[CALL STACK][1]: Method:WXTextureTools.Application.AppCmdExec.WXSlimFirstBundleExec.todo; File:.0
[CALL STACK][2]: Method:WXTextureTools.Application.App.process; File:.0
</stackFrames>
</wxlog>
<wxlog>
  <threadId>#main</threadId>
  <timestamp>23:36:29:8463</timestamp>
  <msgtype>MsgMixture</msgtype>
  <content>string|string|bool
FirstBundleText slim - pngName,horizontalslider.722f02b2,false</content>
  <stackFrames>
[CALL STACK][0]: Method:WXTextureTools.Application.FirstBundle.FirstBundleHandler.slim; File:.0
[CALL STACK][1]: Method:WXTextureTools.Application.AppCmdExec.WXSlimFirstBundleExec.todo; File:.0
[CALL STACK][2]: Method:WXTextureTools.Application.App.process; File:.0
</stackFrames>
</wxlog>
<wxlog>
  <threadId>#main</threadId>
  <timestamp>23:36:29:8463</timestamp>
  <msgtype>MsgMixture</msgtype>
  <content>string|string
FirstBundleText slim - 1,horizontalslider</content>
  <stackFrames>
[CALL STACK][0]: Method:WXTextureTools.Application.FirstBundle.FirstBundleHandler.slim; File:.0
[CALL STACK][1]: Method:WXTextureTools.Application.AppCmdExec.WXSlimFirstBundleExec.todo; File:.0
[CALL STACK][2]: Method:WXTextureTools.Application.App.process; File:.0
</stackFrames>
</wxlog>
<wxlog>
  <threadId>#main</threadId>
  <timestamp>23:36:29:8463</timestamp>
  <msgtype>MsgMixture</msgtype>
  <content>string|string|bool
FirstBundleText slim - pngName,slider thumb active.168a62a9,false</content>
  <stackFrames>
[CALL STACK][0]: Method:WXTextureTools.Application.FirstBundle.FirstBundleHandler.slim; File:.0
[CALL STACK][1]: Method:WXTextureTools.Application.AppCmdExec.WXSlimFirstBundleExec.todo; File:.0
[CALL STACK][2]: Method:WXTextureTools.Application.App.process; File:.0
</stackFrames>
</wxlog>
<wxlog>
  <threadId>#main</threadId>
  <timestamp>23:36:29:8463</timestamp>
  <msgtype>MsgMixture</msgtype>
  <content>string|string
FirstBundleText slim - 1,slider thumb active</content>
  <stackFrames>
[CALL STACK][0]: Method:WXTextureTools.Application.FirstBundle.FirstBundleHandler.slim; File:.0
[CALL STACK][1]: Method:WXTextureTools.Application.AppCmdExec.WXSlimFirstBundleExec.todo; File:.0
[CALL STACK][2]: Method:WXTextureTools.Application.App.process; File:.0
</stackFrames>
</wxlog>
<wxlog>
  <threadId>#main</threadId>
  <timestamp>23:36:29:8463</timestamp>
  <msgtype>MsgMixture</msgtype>
  <content>string|string|bool
FirstBundleText slim - pngName,slider thumb.a7acef71,false</content>
  <stackFrames>
[CALL STACK][0]: Method:WXTextureTools.Application.FirstBundle.FirstBundleHandler.slim; File:.0
[CALL STACK][1]: Method:WXTextureTools.Application.AppCmdExec.WXSlimFirstBundleExec.todo; File:.0
[CALL STACK][2]: Method:WXTextureTools.Application.App.process; File:.0
</stackFrames>
</wxlog>
<wxlog>
  <threadId>#main</threadId>
  <timestamp>23:36:29:8463</timestamp>
  <msgtype>MsgMixture</msgtype>
  <content>string|string
FirstBundleText slim - 1,slider thumb</content>
  <stackFrames>
[CALL STACK][0]: Method:WXTextureTools.Application.FirstBundle.FirstBundleHandler.slim; File:.0
[CALL STACK][1]: Method:WXTextureTools.Application.AppCmdExec.WXSlimFirstBundleExec.todo; File:.0
[CALL STACK][2]: Method:WXTextureTools.Application.App.process; File:.0
</stackFrames>
</wxlog>
<wxlog>
  <threadId>#main</threadId>
  <timestamp>23:36:29:8463</timestamp>
  <msgtype>MsgMixture</msgtype>
  <content>string|string|bool
FirstBundleText slim - pngName,slidert humb hover.0c248117,false</content>
  <stackFrames>
[CALL STACK][0]: Method:WXTextureTools.Application.FirstBundle.FirstBundleHandler.slim; File:.0
[CALL STACK][1]: Method:WXTextureTools.Application.AppCmdExec.WXSlimFirstBundleExec.todo; File:.0
[CALL STACK][2]: Method:WXTextureTools.Application.App.process; File:.0
</stackFrames>
</wxlog>
<wxlog>
  <threadId>#main</threadId>
  <timestamp>23:36:29:8463</timestamp>
  <msgtype>MsgMixture</msgtype>
  <content>string|string
FirstBundleText slim - 1,slidert humb hover</content>
  <stackFrames>
[CALL STACK][0]: Method:WXTextureTools.Application.FirstBundle.FirstBundleHandler.slim; File:.0
[CALL STACK][1]: Method:WXTextureTools.Application.AppCmdExec.WXSlimFirstBundleExec.todo; File:.0
[CALL STACK][2]: Method:WXTextureTools.Application.App.process; File:.0
</stackFrames>
</wxlog>
<wxlog>
  <threadId>#main</threadId>
  <timestamp>23:36:29:8463</timestamp>
  <msgtype>MsgMixture</msgtype>
  <content>string|string|bool
FirstBundleText slim - pngName,toggle active.e32a2ca9,false</content>
  <stackFrames>
[CALL STACK][0]: Method:WXTextureTools.Application.FirstBundle.FirstBundleHandler.slim; File:.0
[CALL STACK][1]: Method:WXTextureTools.Application.AppCmdExec.WXSlimFirstBundleExec.todo; File:.0
[CALL STACK][2]: Method:WXTextureTools.Application.App.process; File:.0
</stackFrames>
</wxlog>
<wxlog>
  <threadId>#main</threadId>
  <timestamp>23:36:29:8463</timestamp>
  <msgtype>MsgMixture</msgtype>
  <content>string|string
FirstBundleText slim - 1,toggle active</content>
  <stackFrames>
[CALL STACK][0]: Method:WXTextureTools.Application.FirstBundle.FirstBundleHandler.slim; File:.0
[CALL STACK][1]: Method:WXTextureTools.Application.AppCmdExec.WXSlimFirstBundleExec.todo; File:.0
[CALL STACK][2]: Method:WXTextureTools.Application.App.process; File:.0
</stackFrames>
</wxlog>
<wxlog>
  <threadId>#main</threadId>
  <timestamp>23:36:29:8463</timestamp>
  <msgtype>MsgMixture</msgtype>
  <content>string|string|bool
FirstBundleText slim - pngName,toggle hover.614620f6,false</content>
  <stackFrames>
[CALL STACK][0]: Method:WXTextureTools.Application.FirstBundle.FirstBundleHandler.slim; File:.0
[CALL STACK][1]: Method:WXTextureTools.Application.AppCmdExec.WXSlimFirstBundleExec.todo; File:.0
[CALL STACK][2]: Method:WXTextureTools.Application.App.process; File:.0
</stackFrames>
</wxlog>
<wxlog>
  <threadId>#main</threadId>
  <timestamp>23:36:29:8473</timestamp>
  <msgtype>MsgMixture</msgtype>
  <content>string|string
FirstBundleText slim - 1,toggle hover</content>
  <stackFrames>
[CALL STACK][0]: Method:WXTextureTools.Application.FirstBundle.FirstBundleHandler.slim; File:.0
[CALL STACK][1]: Method:WXTextureTools.Application.AppCmdExec.WXSlimFirstBundleExec.todo; File:.0
[CALL STACK][2]: Method:WXTextureTools.Application.App.process; File:.0
</stackFrames>
</wxlog>
<wxlog>
  <threadId>#main</threadId>
  <timestamp>23:36:29:8473</timestamp>
  <msgtype>MsgMixture</msgtype>
  <content>string|string|bool
FirstBundleText slim - pngName,toggle on hover.528d6b34,false</content>
  <stackFrames>
[CALL STACK][0]: Method:WXTextureTools.Application.FirstBundle.FirstBundleHandler.slim; File:.0
[CALL STACK][1]: Method:WXTextureTools.Application.AppCmdExec.WXSlimFirstBundleExec.todo; File:.0
[CALL STACK][2]: Method:WXTextureTools.Application.App.process; File:.0
</stackFrames>
</wxlog>
<wxlog>
  <threadId>#main</threadId>
  <timestamp>23:36:29:8473</timestamp>
  <msgtype>MsgMixture</msgtype>
  <content>string|string
FirstBundleText slim - 1,toggle on hover</content>
  <stackFrames>
[CALL STACK][0]: Method:WXTextureTools.Application.FirstBundle.FirstBundleHandler.slim; File:.0
[CALL STACK][1]: Method:WXTextureTools.Application.AppCmdExec.WXSlimFirstBundleExec.todo; File:.0
[CALL STACK][2]: Method:WXTextureTools.Application.App.process; File:.0
</stackFrames>
</wxlog>
<wxlog>
  <threadId>#main</threadId>
  <timestamp>23:36:29:8473</timestamp>
  <msgtype>MsgMixture</msgtype>
  <content>string|string|bool
FirstBundleText slim - pngName,toggle on.1f99750a,false</content>
  <stackFrames>
[CALL STACK][0]: Method:WXTextureTools.Application.FirstBundle.FirstBundleHandler.slim; File:.0
[CALL STACK][1]: Method:WXTextureTools.Application.AppCmdExec.WXSlimFirstBundleExec.todo; File:.0
[CALL STACK][2]: Method:WXTextureTools.Application.App.process; File:.0
</stackFrames>
</wxlog>
<wxlog>
  <threadId>#main</threadId>
  <timestamp>23:36:29:8473</timestamp>
  <msgtype>MsgMixture</msgtype>
  <content>string|string
FirstBundleText slim - 1,toggle on</content>
  <stackFrames>
[CALL STACK][0]: Method:WXTextureTools.Application.FirstBundle.FirstBundleHandler.slim; File:.0
[CALL STACK][1]: Method:WXTextureTools.Application.AppCmdExec.WXSlimFirstBundleExec.todo; File:.0
[CALL STACK][2]: Method:WXTextureTools.Application.App.process; File:.0
</stackFrames>
</wxlog>
<wxlog>
  <threadId>#main</threadId>
  <timestamp>23:36:29:8473</timestamp>
  <msgtype>MsgMixture</msgtype>
  <content>string|string|bool
FirstBundleText slim - pngName,toggle on active.9d52caeb,false</content>
  <stackFrames>
[CALL STACK][0]: Method:WXTextureTools.Application.FirstBundle.FirstBundleHandler.slim; File:.0
[CALL STACK][1]: Method:WXTextureTools.Application.AppCmdExec.WXSlimFirstBundleExec.todo; File:.0
[CALL STACK][2]: Method:WXTextureTools.Application.App.process; File:.0
</stackFrames>
</wxlog>
<wxlog>
  <threadId>#main</threadId>
  <timestamp>23:36:29:8473</timestamp>
  <msgtype>MsgMixture</msgtype>
  <content>string|string
FirstBundleText slim - 1,toggle on active</content>
  <stackFrames>
[CALL STACK][0]: Method:WXTextureTools.Application.FirstBundle.FirstBundleHandler.slim; File:.0
[CALL STACK][1]: Method:WXTextureTools.Application.AppCmdExec.WXSlimFirstBundleExec.todo; File:.0
[CALL STACK][2]: Method:WXTextureTools.Application.App.process; File:.0
</stackFrames>
</wxlog>
<wxlog>
  <threadId>#main</threadId>
  <timestamp>23:36:29:8473</timestamp>
  <msgtype>MsgMixture</msgtype>
  <content>string|string|bool
FirstBundleText slim - pngName,toggle.6eafbcb0,false</content>
  <stackFrames>
[CALL STACK][0]: Method:WXTextureTools.Application.FirstBundle.FirstBundleHandler.slim; File:.0
[CALL STACK][1]: Method:WXTextureTools.Application.AppCmdExec.WXSlimFirstBundleExec.todo; File:.0
[CALL STACK][2]: Method:WXTextureTools.Application.App.process; File:.0
</stackFrames>
</wxlog>
<wxlog>
  <threadId>#main</threadId>
  <timestamp>23:36:29:8473</timestamp>
  <msgtype>MsgMixture</msgtype>
  <content>string|string
FirstBundleText slim - 1,toggle</content>
  <stackFrames>
[CALL STACK][0]: Method:WXTextureTools.Application.FirstBundle.FirstBundleHandler.slim; File:.0
[CALL STACK][1]: Method:WXTextureTools.Application.AppCmdExec.WXSlimFirstBundleExec.todo; File:.0
[CALL STACK][2]: Method:WXTextureTools.Application.App.process; File:.0
</stackFrames>
</wxlog>
<wxlog>
  <threadId>#main</threadId>
  <timestamp>23:36:29:8473</timestamp>
  <msgtype>MsgMixture</msgtype>
  <content>string|string|bool
FirstBundleText slim - pngName,vertical scrollbar thumb.7ba97313,false</content>
  <stackFrames>
[CALL STACK][0]: Method:WXTextureTools.Application.FirstBundle.FirstBundleHandler.slim; File:.0
[CALL STACK][1]: Method:WXTextureTools.Application.AppCmdExec.WXSlimFirstBundleExec.todo; File:.0
[CALL STACK][2]: Method:WXTextureTools.Application.App.process; File:.0
</stackFrames>
</wxlog>
<wxlog>
  <threadId>#main</threadId>
  <timestamp>23:36:29:8473</timestamp>
  <msgtype>MsgMixture</msgtype>
  <content>string|string
FirstBundleText slim - 1,vertical scrollbar thumb</content>
  <stackFrames>
[CALL STACK][0]: Method:WXTextureTools.Application.FirstBundle.FirstBundleHandler.slim; File:.0
[CALL STACK][1]: Method:WXTextureTools.Application.AppCmdExec.WXSlimFirstBundleExec.todo; File:.0
[CALL STACK][2]: Method:WXTextureTools.Application.App.process; File:.0
</stackFrames>
</wxlog>
<wxlog>
  <threadId>#main</threadId>
  <timestamp>23:36:29:8473</timestamp>
  <msgtype>MsgMixture</msgtype>
  <content>string|string|bool
FirstBundleText slim - pngName,vertical scrollbar.d38290f1,false</content>
  <stackFrames>
[CALL STACK][0]: Method:WXTextureTools.Application.FirstBundle.FirstBundleHandler.slim; File:.0
[CALL STACK][1]: Method:WXTextureTools.Application.AppCmdExec.WXSlimFirstBundleExec.todo; File:.0
[CALL STACK][2]: Method:WXTextureTools.Application.App.process; File:.0
</stackFrames>
</wxlog>
<wxlog>
  <threadId>#main</threadId>
  <timestamp>23:36:29:8473</timestamp>
  <msgtype>MsgMixture</msgtype>
  <content>string|string
FirstBundleText slim - 1,vertical scrollbar</content>
  <stackFrames>
[CALL STACK][0]: Method:WXTextureTools.Application.FirstBundle.FirstBundleHandler.slim; File:.0
[CALL STACK][1]: Method:WXTextureTools.Application.AppCmdExec.WXSlimFirstBundleExec.todo; File:.0
[CALL STACK][2]: Method:WXTextureTools.Application.App.process; File:.0
</stackFrames>
</wxlog>
<wxlog>
  <threadId>#main</threadId>
  <timestamp>23:36:29:8508</timestamp>
  <msgtype>MsgMixture</msgtype>
  <content>string|string|bool
FirstBundleText slim - pngName,verticalslider.58266f5f,false</content>
  <stackFrames>
[CALL STACK][0]: Method:WXTextureTools.Application.FirstBundle.FirstBundleHandler.slim; File:.0
[CALL STACK][1]: Method:WXTextureTools.Application.AppCmdExec.WXSlimFirstBundleExec.todo; File:.0
[CALL STACK][2]: Method:WXTextureTools.Application.App.process; File:.0
</stackFrames>
</wxlog>
<wxlog>
  <threadId>#main</threadId>
  <timestamp>23:36:29:8513</timestamp>
  <msgtype>MsgMixture</msgtype>
  <content>string|string
FirstBundleText slim - 1,verticalslider</content>
  <stackFrames>
[CALL STACK][0]: Method:WXTextureTools.Application.FirstBundle.FirstBundleHandler.slim; File:.0
[CALL STACK][1]: Method:WXTextureTools.Application.AppCmdExec.WXSlimFirstBundleExec.todo; File:.0
[CALL STACK][2]: Method:WXTextureTools.Application.App.process; File:.0
</stackFrames>
</wxlog>
<wxlog>
  <threadId>#main</threadId>
  <timestamp>23:36:29:8513</timestamp>
  <msgtype>MsgMixture</msgtype>
  <content>string|string|bool
FirstBundleText slim - pngName,window on.38a76040,false</content>
  <stackFrames>
[CALL STACK][0]: Method:WXTextureTools.Application.FirstBundle.FirstBundleHandler.slim; File:.0
[CALL STACK][1]: Method:WXTextureTools.Application.AppCmdExec.WXSlimFirstBundleExec.todo; File:.0
[CALL STACK][2]: Method:WXTextureTools.Application.App.process; File:.0
</stackFrames>
</wxlog>
<wxlog>
  <threadId>#main</threadId>
  <timestamp>23:36:29:8513</timestamp>
  <msgtype>MsgMixture</msgtype>
  <content>string|string
FirstBundleText slim - 1,window on</content>
  <stackFrames>
[CALL STACK][0]: Method:WXTextureTools.Application.FirstBundle.FirstBundleHandler.slim; File:.0
[CALL STACK][1]: Method:WXTextureTools.Application.AppCmdExec.WXSlimFirstBundleExec.todo; File:.0
[CALL STACK][2]: Method:WXTextureTools.Application.App.process; File:.0
</stackFrames>
</wxlog>
<wxlog>
  <threadId>#main</threadId>
  <timestamp>23:36:29:8513</timestamp>
  <msgtype>MsgMixture</msgtype>
  <content>string|string|bool
FirstBundleText slim - pngName,window.a62d1258,false</content>
  <stackFrames>
[CALL STACK][0]: Method:WXTextureTools.Application.FirstBundle.FirstBundleHandler.slim; File:.0
[CALL STACK][1]: Method:WXTextureTools.Application.AppCmdExec.WXSlimFirstBundleExec.todo; File:.0
[CALL STACK][2]: Method:WXTextureTools.Application.App.process; File:.0
</stackFrames>
</wxlog>
<wxlog>
  <threadId>#main</threadId>
  <timestamp>23:36:29:8513</timestamp>
  <msgtype>MsgMixture</msgtype>
  <content>string|string
FirstBundleText slim - 1,window</content>
  <stackFrames>
[CALL STACK][0]: Method:WXTextureTools.Application.FirstBundle.FirstBundleHandler.slim; File:.0
[CALL STACK][1]: Method:WXTextureTools.Application.AppCmdExec.WXSlimFirstBundleExec.todo; File:.0
[CALL STACK][2]: Method:WXTextureTools.Application.App.process; File:.0
</stackFrames>
</wxlog>
<wxlog>
  <threadId>#main</threadId>
  <timestamp>23:36:29:8513</timestamp>
  <msgtype>MsgMixture</msgtype>
  <content>string|string|bool
FirstBundleText slim - pngName,textfield.a75d69ec,false</content>
  <stackFrames>
[CALL STACK][0]: Method:WXTextureTools.Application.FirstBundle.FirstBundleHandler.slim; File:.0
[CALL STACK][1]: Method:WXTextureTools.Application.AppCmdExec.WXSlimFirstBundleExec.todo; File:.0
[CALL STACK][2]: Method:WXTextureTools.Application.App.process; File:.0
</stackFrames>
</wxlog>
<wxlog>
  <threadId>#main</threadId>
  <timestamp>23:36:29:8513</timestamp>
  <msgtype>MsgMixture</msgtype>
  <content>string|string
FirstBundleText slim - 1,textfield</content>
  <stackFrames>
[CALL STACK][0]: Method:WXTextureTools.Application.FirstBundle.FirstBundleHandler.slim; File:.0
[CALL STACK][1]: Method:WXTextureTools.Application.AppCmdExec.WXSlimFirstBundleExec.todo; File:.0
[CALL STACK][2]: Method:WXTextureTools.Application.App.process; File:.0
</stackFrames>
</wxlog>
<wxlog>
  <threadId>#main</threadId>
  <timestamp>23:36:29:8513</timestamp>
  <msgtype>MsgMixture</msgtype>
  <content>string|string|bool
FirstBundleText slim - pngName,textfield on.f2c2fb5c,false</content>
  <stackFrames>
[CALL STACK][0]: Method:WXTextureTools.Application.FirstBundle.FirstBundleHandler.slim; File:.0
[CALL STACK][1]: Method:WXTextureTools.Application.AppCmdExec.WXSlimFirstBundleExec.todo; File:.0
[CALL STACK][2]: Method:WXTextureTools.Application.App.process; File:.0
</stackFrames>
</wxlog>
<wxlog>
  <threadId>#main</threadId>
  <timestamp>23:36:29:8513</timestamp>
  <msgtype>MsgMixture</msgtype>
  <content>string|string
FirstBundleText slim - 1,textfield on</content>
  <stackFrames>
[CALL STACK][0]: Method:WXTextureTools.Application.FirstBundle.FirstBundleHandler.slim; File:.0
[CALL STACK][1]: Method:WXTextureTools.Application.AppCmdExec.WXSlimFirstBundleExec.todo; File:.0
[CALL STACK][2]: Method:WXTextureTools.Application.App.process; File:.0
</stackFrames>
</wxlog>
<wxlog>
  <threadId>#main</threadId>
  <timestamp>23:36:29:8513</timestamp>
  <msgtype>MsgMixture</msgtype>
  <content>string|string|bool
FirstBundleText slim - pngName,textfield hover.8c7ae9d8,false</content>
  <stackFrames>
[CALL STACK][0]: Method:WXTextureTools.Application.FirstBundle.FirstBundleHandler.slim; File:.0
[CALL STACK][1]: Method:WXTextureTools.Application.AppCmdExec.WXSlimFirstBundleExec.todo; File:.0
[CALL STACK][2]: Method:WXTextureTools.Application.App.process; File:.0
</stackFrames>
</wxlog>
<wxlog>
  <threadId>#main</threadId>
  <timestamp>23:36:29:8513</timestamp>
  <msgtype>MsgMixture</msgtype>
  <content>string|string
FirstBundleText slim - 1,textfield hover</content>
  <stackFrames>
[CALL STACK][0]: Method:WXTextureTools.Application.FirstBundle.FirstBundleHandler.slim; File:.0
[CALL STACK][1]: Method:WXTextureTools.Application.AppCmdExec.WXSlimFirstBundleExec.todo; File:.0
[CALL STACK][2]: Method:WXTextureTools.Application.App.process; File:.0
</stackFrames>
</wxlog>
<wxlog>
  <threadId>#main</threadId>
  <timestamp>23:36:29:8523</timestamp>
  <msgtype>MsgMixture</msgtype>
  <content>string|string|bool
FirstBundleText slim - pngName,UnitySplash-HolographicTrackingLoss.cbf38e69,false</content>
  <stackFrames>
[CALL STACK][0]: Method:WXTextureTools.Application.FirstBundle.FirstBundleHandler.slim; File:.0
[CALL STACK][1]: Method:WXTextureTools.Application.AppCmdExec.WXSlimFirstBundleExec.todo; File:.0
[CALL STACK][2]: Method:WXTextureTools.Application.App.process; File:.0
</stackFrames>
</wxlog>
<wxlog>
  <threadId>#main</threadId>
  <timestamp>23:36:29:8523</timestamp>
  <msgtype>MsgMixture</msgtype>
  <content>string|string
FirstBundleText slim - 1,UnitySplash-HolographicTrackingLoss</content>
  <stackFrames>
[CALL STACK][0]: Method:WXTextureTools.Application.FirstBundle.FirstBundleHandler.slim; File:.0
[CALL STACK][1]: Method:WXTextureTools.Application.AppCmdExec.WXSlimFirstBundleExec.todo; File:.0
[CALL STACK][2]: Method:WXTextureTools.Application.App.process; File:.0
</stackFrames>
</wxlog>
<wxlog>
  <threadId>#main</threadId>
  <timestamp>23:36:29:9336</timestamp>
  <msgtype>MsgMixture</msgtype>
  <content>string|string|bool
AssetBundleText slim - pngName,Splash Screen Unity Logo.8406783f,false</content>
  <stackFrames>
[CALL STACK][0]: Method:WXTextureTools.Application.FirstBundle.FirstBundleHandler.slim; File:.0
[CALL STACK][1]: Method:WXTextureTools.Application.AppCmdExec.WXSlimFirstBundleExec.todo; File:.0
[CALL STACK][2]: Method:WXTextureTools.Application.App.process; File:.0
</stackFrames>
</wxlog>
<wxlog>
  <threadId>#main</threadId>
  <timestamp>23:36:29:9351</timestamp>
  <msgtype>MsgMixture</msgtype>
  <content>string|string|bool
AssetBundleText slim - pngName,LDR_LLL1_0.1e9160f6,false</content>
  <stackFrames>
[CALL STACK][0]: Method:WXTextureTools.Application.FirstBundle.FirstBundleHandler.slim; File:.0
[CALL STACK][1]: Method:WXTextureTools.Application.AppCmdExec.WXSlimFirstBundleExec.todo; File:.0
[CALL STACK][2]: Method:WXTextureTools.Application.App.process; File:.0
</stackFrames>
</wxlog>
<wxlog>
  <threadId>#main</threadId>
  <timestamp>23:36:29:9356</timestamp>
  <msgtype>MsgMixture</msgtype>
  <content>string|string
AssetBundleText slim - 1,LDR_LLL1_0</content>
  <stackFrames>
[CALL STACK][0]: Method:WXTextureTools.Application.FirstBundle.FirstBundleHandler.slim; File:.0
[CALL STACK][1]: Method:WXTextureTools.Application.AppCmdExec.WXSlimFirstBundleExec.todo; File:.0
[CALL STACK][2]: Method:WXTextureTools.Application.App.process; File:.0
</stackFrames>
</wxlog>
<wxlog>
  <threadId>#main</threadId>
  <timestamp>23:36:29:9356</timestamp>
  <msgtype>MsgMixture</msgtype>
  <content>string|string|bool
AssetBundleText slim - pngName,BayerMatrix.407551c1,false</content>
  <stackFrames>
[CALL STACK][0]: Method:WXTextureTools.Application.FirstBundle.FirstBundleHandler.slim; File:.0
[CALL STACK][1]: Method:WXTextureTools.Application.AppCmdExec.WXSlimFirstBundleExec.todo; File:.0
[CALL STACK][2]: Method:WXTextureTools.Application.App.process; File:.0
</stackFrames>
</wxlog>
<wxlog>
  <threadId>#main</threadId>
  <timestamp>23:36:29:9356</timestamp>
  <msgtype>MsgMixture</msgtype>
  <content>string|string
AssetBundleText slim - 1,BayerMatrix</content>
  <stackFrames>
[CALL STACK][0]: Method:WXTextureTools.Application.FirstBundle.FirstBundleHandler.slim; File:.0
[CALL STACK][1]: Method:WXTextureTools.Application.AppCmdExec.WXSlimFirstBundleExec.todo; File:.0
[CALL STACK][2]: Method:WXTextureTools.Application.App.process; File:.0
</stackFrames>
</wxlog>
<wxlog>
  <threadId>#main</threadId>
  <timestamp>23:36:29:9361</timestamp>
  <msgtype>MsgMixture</msgtype>
  <content>string|string|bool
AssetBundleText slim - pngName,UISprite.b48f75d0,false</content>
  <stackFrames>
[CALL STACK][0]: Method:WXTextureTools.Application.FirstBundle.FirstBundleHandler.slim; File:.0
[CALL STACK][1]: Method:WXTextureTools.Application.AppCmdExec.WXSlimFirstBundleExec.todo; File:.0
[CALL STACK][2]: Method:WXTextureTools.Application.App.process; File:.0
</stackFrames>
</wxlog>
<wxlog>
  <threadId>#main</threadId>
  <timestamp>23:36:29:9361</timestamp>
  <msgtype>MsgMixture</msgtype>
  <content>string|string|bool
AssetBundleText slim - pngName,Background.665e03a7,false</content>
  <stackFrames>
[CALL STACK][0]: Method:WXTextureTools.Application.FirstBundle.FirstBundleHandler.slim; File:.0
[CALL STACK][1]: Method:WXTextureTools.Application.AppCmdExec.WXSlimFirstBundleExec.todo; File:.0
[CALL STACK][2]: Method:WXTextureTools.Application.App.process; File:.0
</stackFrames>
</wxlog>
<wxlog>
  <threadId>#main</threadId>
  <timestamp>23:36:29:9361</timestamp>
  <msgtype>MsgMixture</msgtype>
  <content>string|string|bool
AssetBundleText slim - pngName,UIMask.09363183,false</content>
  <stackFrames>
[CALL STACK][0]: Method:WXTextureTools.Application.FirstBundle.FirstBundleHandler.slim; File:.0
[CALL STACK][1]: Method:WXTextureTools.Application.AppCmdExec.WXSlimFirstBundleExec.todo; File:.0
[CALL STACK][2]: Method:WXTextureTools.Application.App.process; File:.0
</stackFrames>
</wxlog>
<wxlog>
  <threadId>#main</threadId>
  <timestamp>23:36:29:9361</timestamp>
  <msgtype>MsgMixture</msgtype>
  <content>string|string
AssetBundleText slim - 1,UIMask</content>
  <stackFrames>
[CALL STACK][0]: Method:WXTextureTools.Application.FirstBundle.FirstBundleHandler.slim; File:.0
[CALL STACK][1]: Method:WXTextureTools.Application.AppCmdExec.WXSlimFirstBundleExec.todo; File:.0
[CALL STACK][2]: Method:WXTextureTools.Application.App.process; File:.0
</stackFrames>
</wxlog>
<wxlog>
  <threadId>#main</threadId>
  <timestamp>23:36:29:9376</timestamp>
  <msgtype>MsgMixture</msgtype>
  <content>string|string|bool
AssetBundleText slim - pngName,Close.9e7c5f48,false</content>
  <stackFrames>
[CALL STACK][0]: Method:WXTextureTools.Application.FirstBundle.FirstBundleHandler.slim; File:.0
[CALL STACK][1]: Method:WXTextureTools.Application.AppCmdExec.WXSlimFirstBundleExec.todo; File:.0
[CALL STACK][2]: Method:WXTextureTools.Application.App.process; File:.0
</stackFrames>
</wxlog>
<wxlog>
  <threadId>#main</threadId>
  <timestamp>23:36:29:9376</timestamp>
  <msgtype>MsgMixture</msgtype>
  <content>string|string|bool
AssetBundleText slim - pngName,Font Texture.8f00b204,false</content>
  <stackFrames>
[CALL STACK][0]: Method:WXTextureTools.Application.FirstBundle.FirstBundleHandler.slim; File:.0
[CALL STACK][1]: Method:WXTextureTools.Application.AppCmdExec.WXSlimFirstBundleExec.todo; File:.0
[CALL STACK][2]: Method:WXTextureTools.Application.App.process; File:.0
</stackFrames>
</wxlog>
<wxlog>
  <threadId>#main</threadId>
  <timestamp>23:36:29:9431</timestamp>
  <msgtype>MsgMixture</msgtype>
  <content>string|string|bool
AssetBundleText slim - pngName,Border Wide.d9a1eefe,false</content>
  <stackFrames>
[CALL STACK][0]: Method:WXTextureTools.Application.FirstBundle.FirstBundleHandler.slim; File:.0
[CALL STACK][1]: Method:WXTextureTools.Application.AppCmdExec.WXSlimFirstBundleExec.todo; File:.0
[CALL STACK][2]: Method:WXTextureTools.Application.App.process; File:.0
</stackFrames>
</wxlog>
<wxlog>
  <threadId>#main</threadId>
  <timestamp>23:36:29:9541</timestamp>
  <msgtype>MsgMixture</msgtype>
  <content>string|string|bool
AssetBundleText slim - pngName,Reticle Layer 36.e229efea,false</content>
  <stackFrames>
[CALL STACK][0]: Method:WXTextureTools.Application.FirstBundle.FirstBundleHandler.slim; File:.0
[CALL STACK][1]: Method:WXTextureTools.Application.AppCmdExec.WXSlimFirstBundleExec.todo; File:.0
[CALL STACK][2]: Method:WXTextureTools.Application.App.process; File:.0
</stackFrames>
</wxlog>
<wxlog>
  <threadId>#main</threadId>
  <timestamp>23:36:29:9802</timestamp>
  <msgtype>MsgMixture</msgtype>
  <content>string|string|bool
AssetBundleText slim - pngName,Kylo.5e33f643,false</content>
  <stackFrames>
[CALL STACK][0]: Method:WXTextureTools.Application.FirstBundle.FirstBundleHandler.slim; File:.0
[CALL STACK][1]: Method:WXTextureTools.Application.AppCmdExec.WXSlimFirstBundleExec.todo; File:.0
[CALL STACK][2]: Method:WXTextureTools.Application.App.process; File:.0
</stackFrames>
</wxlog>
<wxlog>
  <threadId>#main</threadId>
  <timestamp>23:36:29:9917</timestamp>
  <msgtype>MsgMixture</msgtype>
  <content>string|string|bool
AssetBundleText slim - pngName,SmallScreeb.3581892c,false</content>
  <stackFrames>
[CALL STACK][0]: Method:WXTextureTools.Application.FirstBundle.FirstBundleHandler.slim; File:.0
[CALL STACK][1]: Method:WXTextureTools.Application.AppCmdExec.WXSlimFirstBundleExec.todo; File:.0
[CALL STACK][2]: Method:WXTextureTools.Application.App.process; File:.0
</stackFrames>
</wxlog>
<wxlog>
  <threadId>#main</threadId>
  <timestamp>23:36:30:0663</timestamp>
  <msgtype>MsgMixture</msgtype>
  <content>string|string|bool
AssetBundleText slim - pngName,Placeholder Main.6267369c,false</content>
  <stackFrames>
[CALL STACK][0]: Method:WXTextureTools.Application.FirstBundle.FirstBundleHandler.slim; File:.0
[CALL STACK][1]: Method:WXTextureTools.Application.AppCmdExec.WXSlimFirstBundleExec.todo; File:.0
[CALL STACK][2]: Method:WXTextureTools.Application.App.process; File:.0
</stackFrames>
</wxlog>
<wxlog>
  <threadId>#main</threadId>
  <timestamp>23:36:30:0833</timestamp>
  <msgtype>MsgMixture</msgtype>
  <content>string|string|bool
AssetBundleText slim - pngName,Pinky.9af71b44,false</content>
  <stackFrames>
[CALL STACK][0]: Method:WXTextureTools.Application.FirstBundle.FirstBundleHandler.slim; File:.0
[CALL STACK][1]: Method:WXTextureTools.Application.AppCmdExec.WXSlimFirstBundleExec.todo; File:.0
[CALL STACK][2]: Method:WXTextureTools.Application.App.process; File:.0
</stackFrames>
</wxlog>
<wxlog>
  <threadId>#main</threadId>
  <timestamp>23:36:30:0843</timestamp>
  <msgtype>MsgMixture</msgtype>
  <content>string|string|bool
AssetBundleText slim - pngName,Brush Impact 2.304accb5,false</content>
  <stackFrames>
[CALL STACK][0]: Method:WXTextureTools.Application.FirstBundle.FirstBundleHandler.slim; File:.0
[CALL STACK][1]: Method:WXTextureTools.Application.AppCmdExec.WXSlimFirstBundleExec.todo; File:.0
[CALL STACK][2]: Method:WXTextureTools.Application.App.process; File:.0
</stackFrames>
</wxlog>
<wxlog>
  <threadId>#main</threadId>
  <timestamp>23:36:30:0848</timestamp>
  <msgtype>MsgMixture</msgtype>
  <content>string|string|bool
AssetBundleText slim - pngName,Time-Circle.73be5497,false</content>
  <stackFrames>
[CALL STACK][0]: Method:WXTextureTools.Application.FirstBundle.FirstBundleHandler.slim; File:.0
[CALL STACK][1]: Method:WXTextureTools.Application.AppCmdExec.WXSlimFirstBundleExec.todo; File:.0
[CALL STACK][2]: Method:WXTextureTools.Application.App.process; File:.0
</stackFrames>
</wxlog>
<wxlog>
  <threadId>#main</threadId>
  <timestamp>23:36:30:0858</timestamp>
  <msgtype>MsgMixture</msgtype>
  <content>string|string|bool
AssetBundleText slim - pngName,Brush Radial 2 128x.ca4ebf68,false</content>
  <stackFrames>
[CALL STACK][0]: Method:WXTextureTools.Application.FirstBundle.FirstBundleHandler.slim; File:.0
[CALL STACK][1]: Method:WXTextureTools.Application.AppCmdExec.WXSlimFirstBundleExec.todo; File:.0
[CALL STACK][2]: Method:WXTextureTools.Application.App.process; File:.0
</stackFrames>
</wxlog>
<wxlog>
  <threadId>#main</threadId>
  <timestamp>23:36:30:0863</timestamp>
  <msgtype>MsgMixture</msgtype>
  <content>string|string|bool
AssetBundleText slim - pngName,Japanese.4bf59b10,false</content>
  <stackFrames>
[CALL STACK][0]: Method:WXTextureTools.Application.FirstBundle.FirstBundleHandler.slim; File:.0
[CALL STACK][1]: Method:WXTextureTools.Application.AppCmdExec.WXSlimFirstBundleExec.todo; File:.0
[CALL STACK][2]: Method:WXTextureTools.Application.App.process; File:.0
</stackFrames>
</wxlog>
<wxlog>
  <threadId>#main</threadId>
  <timestamp>23:36:30:0863</timestamp>
  <msgtype>MsgMixture</msgtype>
  <content>string|string|bool
AssetBundleText slim - pngName,Correct.6a94dabe,false</content>
  <stackFrames>
[CALL STACK][0]: Method:WXTextureTools.Application.FirstBundle.FirstBundleHandler.slim; File:.0
[CALL STACK][1]: Method:WXTextureTools.Application.AppCmdExec.WXSlimFirstBundleExec.todo; File:.0
[CALL STACK][2]: Method:WXTextureTools.Application.App.process; File:.0
</stackFrames>
</wxlog>
<wxlog>
  <threadId>#main</threadId>
  <timestamp>23:36:30:1109</timestamp>
  <msgtype>MsgMixture</msgtype>
  <content>string|string|bool
AssetBundleText slim - pngName,Background.9a247ca7,false</content>
  <stackFrames>
[CALL STACK][0]: Method:WXTextureTools.Application.FirstBundle.FirstBundleHandler.slim; File:.0
[CALL STACK][1]: Method:WXTextureTools.Application.AppCmdExec.WXSlimFirstBundleExec.todo; File:.0
[CALL STACK][2]: Method:WXTextureTools.Application.App.process; File:.0
</stackFrames>
</wxlog>
<wxlog>
  <threadId>#main</threadId>
  <timestamp>23:36:30:1134</timestamp>
  <msgtype>MsgMixture</msgtype>
  <content>string|string|bool
AssetBundleText slim - pngName,Circle (1).b113c1c4,false</content>
  <stackFrames>
[CALL STACK][0]: Method:WXTextureTools.Application.FirstBundle.FirstBundleHandler.slim; File:.0
[CALL STACK][1]: Method:WXTextureTools.Application.AppCmdExec.WXSlimFirstBundleExec.todo; File:.0
[CALL STACK][2]: Method:WXTextureTools.Application.App.process; File:.0
</stackFrames>
</wxlog>
<wxlog>
  <threadId>#main</threadId>
  <timestamp>23:36:30:1144</timestamp>
  <msgtype>MsgMixture</msgtype>
  <content>string|string|bool
AssetBundleText slim - pngName,UI Dissolve Noise.7bd01379,false</content>
  <stackFrames>
[CALL STACK][0]: Method:WXTextureTools.Application.FirstBundle.FirstBundleHandler.slim; File:.0
[CALL STACK][1]: Method:WXTextureTools.Application.AppCmdExec.WXSlimFirstBundleExec.todo; File:.0
[CALL STACK][2]: Method:WXTextureTools.Application.App.process; File:.0
</stackFrames>
</wxlog>
<wxlog>
  <threadId>#main</threadId>
  <timestamp>23:36:30:1154</timestamp>
  <msgtype>MsgMixture</msgtype>
  <content>string|string|bool
AssetBundleText slim - pngName,Star.5049768c,false</content>
  <stackFrames>
[CALL STACK][0]: Method:WXTextureTools.Application.FirstBundle.FirstBundleHandler.slim; File:.0
[CALL STACK][1]: Method:WXTextureTools.Application.AppCmdExec.WXSlimFirstBundleExec.todo; File:.0
[CALL STACK][2]: Method:WXTextureTools.Application.App.process; File:.0
</stackFrames>
</wxlog>
<wxlog>
  <threadId>#main</threadId>
  <timestamp>23:36:30:1164</timestamp>
  <msgtype>MsgMixture</msgtype>
  <content>string|string|bool
AssetBundleText slim - pngName,Brush Radial 2 64x.ca4ebf68,false</content>
  <stackFrames>
[CALL STACK][0]: Method:WXTextureTools.Application.FirstBundle.FirstBundleHandler.slim; File:.0
[CALL STACK][1]: Method:WXTextureTools.Application.AppCmdExec.WXSlimFirstBundleExec.todo; File:.0
[CALL STACK][2]: Method:WXTextureTools.Application.App.process; File:.0
</stackFrames>
</wxlog>
<wxlog>
  <threadId>#main</threadId>
  <timestamp>23:36:30:1464</timestamp>
  <msgtype>MsgMixture</msgtype>
  <content>string|string|bool
AssetBundleText slim - pngName,Brush Tall 4.8fe2668f,false</content>
  <stackFrames>
[CALL STACK][0]: Method:WXTextureTools.Application.FirstBundle.FirstBundleHandler.slim; File:.0
[CALL STACK][1]: Method:WXTextureTools.Application.AppCmdExec.WXSlimFirstBundleExec.todo; File:.0
[CALL STACK][2]: Method:WXTextureTools.Application.App.process; File:.0
</stackFrames>
</wxlog>
<wxlog>
  <threadId>#main</threadId>
  <timestamp>23:36:30:1479</timestamp>
  <msgtype>MsgMixture</msgtype>
  <content>string|string|bool
AssetBundleText slim - pngName,DoubleClick.78c5af1c,false</content>
  <stackFrames>
[CALL STACK][0]: Method:WXTextureTools.Application.FirstBundle.FirstBundleHandler.slim; File:.0
[CALL STACK][1]: Method:WXTextureTools.Application.AppCmdExec.WXSlimFirstBundleExec.todo; File:.0
[CALL STACK][2]: Method:WXTextureTools.Application.App.process; File:.0
</stackFrames>
</wxlog>
<wxlog>
  <threadId>#main</threadId>
  <timestamp>23:36:30:1800</timestamp>
  <msgtype>MsgMixture</msgtype>
  <content>string|string|bool
AssetBundleText slim - pngName,Background 3.6f20e4db,false</content>
  <stackFrames>
[CALL STACK][0]: Method:WXTextureTools.Application.FirstBundle.FirstBundleHandler.slim; File:.0
[CALL STACK][1]: Method:WXTextureTools.Application.AppCmdExec.WXSlimFirstBundleExec.todo; File:.0
[CALL STACK][2]: Method:WXTextureTools.Application.App.process; File:.0
</stackFrames>
</wxlog>
<wxlog>
  <threadId>#main</threadId>
  <timestamp>23:36:30:1920</timestamp>
  <msgtype>MsgMixture</msgtype>
  <content>string|string|bool
AssetBundleText slim - pngName,Red Dot Reticle.4130aa28,false</content>
  <stackFrames>
[CALL STACK][0]: Method:WXTextureTools.Application.FirstBundle.FirstBundleHandler.slim; File:.0
[CALL STACK][1]: Method:WXTextureTools.Application.AppCmdExec.WXSlimFirstBundleExec.todo; File:.0
[CALL STACK][2]: Method:WXTextureTools.Application.App.process; File:.0
</stackFrames>
</wxlog>
<wxlog>
  <threadId>#main</threadId>
  <timestamp>23:36:30:2100</timestamp>
  <msgtype>MsgMixture</msgtype>
  <content>string|string|bool
AssetBundleText slim - pngName,Sunset.f8dd66cb,false</content>
  <stackFrames>
[CALL STACK][0]: Method:WXTextureTools.Application.FirstBundle.FirstBundleHandler.slim; File:.0
[CALL STACK][1]: Method:WXTextureTools.Application.AppCmdExec.WXSlimFirstBundleExec.todo; File:.0
[CALL STACK][2]: Method:WXTextureTools.Application.App.process; File:.0
</stackFrames>
</wxlog>
<wxlog>
  <threadId>#main</threadId>
  <timestamp>23:36:30:2135</timestamp>
  <msgtype>MsgMixture</msgtype>
  <content>string|string|bool
AssetBundleText slim - pngName,Brand Logo.93725015,false</content>
  <stackFrames>
[CALL STACK][0]: Method:WXTextureTools.Application.FirstBundle.FirstBundleHandler.slim; File:.0
[CALL STACK][1]: Method:WXTextureTools.Application.AppCmdExec.WXSlimFirstBundleExec.todo; File:.0
[CALL STACK][2]: Method:WXTextureTools.Application.App.process; File:.0
</stackFrames>
</wxlog>
<wxlog>
  <threadId>#main</threadId>
  <timestamp>23:36:30:2716</timestamp>
  <msgtype>MsgMixture</msgtype>
  <content>string|string|bool
AssetBundleText slim - pngName,Full Corner.e47861d2,false</content>
  <stackFrames>
[CALL STACK][0]: Method:WXTextureTools.Application.FirstBundle.FirstBundleHandler.slim; File:.0
[CALL STACK][1]: Method:WXTextureTools.Application.AppCmdExec.WXSlimFirstBundleExec.todo; File:.0
[CALL STACK][2]: Method:WXTextureTools.Application.App.process; File:.0
</stackFrames>
</wxlog>
<wxlog>
  <threadId>#main</threadId>
  <timestamp>23:36:30:2881</timestamp>
  <msgtype>MsgMixture</msgtype>
  <content>string|string|bool
AssetBundleText slim - pngName,Radial Shadow.6fb64a36,false</content>
  <stackFrames>
[CALL STACK][0]: Method:WXTextureTools.Application.FirstBundle.FirstBundleHandler.slim; File:.0
[CALL STACK][1]: Method:WXTextureTools.Application.AppCmdExec.WXSlimFirstBundleExec.todo; File:.0
[CALL STACK][2]: Method:WXTextureTools.Application.App.process; File:.0
</stackFrames>
</wxlog>
<wxlog>
  <threadId>#main</threadId>
  <timestamp>23:36:30:3087</timestamp>
  <msgtype>MsgMixture</msgtype>
  <content>string|string|bool
AssetBundleText slim - pngName,Dusk.4768a5d2,false</content>
  <stackFrames>
[CALL STACK][0]: Method:WXTextureTools.Application.FirstBundle.FirstBundleHandler.slim; File:.0
[CALL STACK][1]: Method:WXTextureTools.Application.AppCmdExec.WXSlimFirstBundleExec.todo; File:.0
[CALL STACK][2]: Method:WXTextureTools.Application.App.process; File:.0
</stackFrames>
</wxlog>
<wxlog>
  <threadId>#main</threadId>
  <timestamp>23:36:30:3097</timestamp>
  <msgtype>MsgMixture</msgtype>
  <content>string|string|bool
AssetBundleText slim - pngName,Font Texture.8f00b204,false</content>
  <stackFrames>
[CALL STACK][0]: Method:WXTextureTools.Application.FirstBundle.FirstBundleHandler.slim; File:.0
[CALL STACK][1]: Method:WXTextureTools.Application.AppCmdExec.WXSlimFirstBundleExec.todo; File:.0
[CALL STACK][2]: Method:WXTextureTools.Application.App.process; File:.0
</stackFrames>
</wxlog>
<wxlog>
  <threadId>#main</threadId>
  <timestamp>23:36:30:3137</timestamp>
  <msgtype>MsgMixture</msgtype>
  <content>string|string|bool
AssetBundleText slim - pngName,Border Wide 3.920b2122,false</content>
  <stackFrames>
[CALL STACK][0]: Method:WXTextureTools.Application.FirstBundle.FirstBundleHandler.slim; File:.0
[CALL STACK][1]: Method:WXTextureTools.Application.AppCmdExec.WXSlimFirstBundleExec.todo; File:.0
[CALL STACK][2]: Method:WXTextureTools.Application.App.process; File:.0
</stackFrames>
</wxlog>
<wxlog>
  <threadId>#main</threadId>
  <timestamp>23:36:30:3317</timestamp>
  <msgtype>MsgMixture</msgtype>
  <content>string|string|bool
AssetBundleText slim - pngName,Mice.92d9faef,false</content>
  <stackFrames>
[CALL STACK][0]: Method:WXTextureTools.Application.FirstBundle.FirstBundleHandler.slim; File:.0
[CALL STACK][1]: Method:WXTextureTools.Application.AppCmdExec.WXSlimFirstBundleExec.todo; File:.0
[CALL STACK][2]: Method:WXTextureTools.Application.App.process; File:.0
</stackFrames>
</wxlog>
<wxlog>
  <threadId>#main</threadId>
  <timestamp>23:36:30:3322</timestamp>
  <msgtype>MsgMixture</msgtype>
  <content>string|string|bool
AssetBundleText slim - pngName,Korean.cbdde3bc,false</content>
  <stackFrames>
[CALL STACK][0]: Method:WXTextureTools.Application.FirstBundle.FirstBundleHandler.slim; File:.0
[CALL STACK][1]: Method:WXTextureTools.Application.AppCmdExec.WXSlimFirstBundleExec.todo; File:.0
[CALL STACK][2]: Method:WXTextureTools.Application.App.process; File:.0
</stackFrames>
</wxlog>
<wxlog>
  <threadId>#main</threadId>
  <timestamp>23:36:30:3332</timestamp>
  <msgtype>MsgMixture</msgtype>
  <content>string|string|bool
AssetBundleText slim - pngName,Brush Impact 4.5df5cd25,false</content>
  <stackFrames>
[CALL STACK][0]: Method:WXTextureTools.Application.FirstBundle.FirstBundleHandler.slim; File:.0
[CALL STACK][1]: Method:WXTextureTools.Application.AppCmdExec.WXSlimFirstBundleExec.todo; File:.0
[CALL STACK][2]: Method:WXTextureTools.Application.App.process; File:.0
</stackFrames>
</wxlog>
<wxlog>
  <threadId>#main</threadId>
  <timestamp>23:36:30:3337</timestamp>
  <msgtype>MsgMixture</msgtype>
  <content>string|string|bool
AssetBundleText slim - pngName,Panel Corner 2 H.49f3dd41,false</content>
  <stackFrames>
[CALL STACK][0]: Method:WXTextureTools.Application.FirstBundle.FirstBundleHandler.slim; File:.0
[CALL STACK][1]: Method:WXTextureTools.Application.AppCmdExec.WXSlimFirstBundleExec.todo; File:.0
[CALL STACK][2]: Method:WXTextureTools.Application.App.process; File:.0
</stackFrames>
</wxlog>
<wxlog>
  <threadId>#main</threadId>
  <timestamp>23:36:30:3582</timestamp>
  <msgtype>MsgMixture</msgtype>
  <content>string|string|bool
AssetBundleText slim - pngName,Background 2.4ad4dc85,false</content>
  <stackFrames>
[CALL STACK][0]: Method:WXTextureTools.Application.FirstBundle.FirstBundleHandler.slim; File:.0
[CALL STACK][1]: Method:WXTextureTools.Application.AppCmdExec.WXSlimFirstBundleExec.todo; File:.0
[CALL STACK][2]: Method:WXTextureTools.Application.App.process; File:.0
</stackFrames>
</wxlog>
<wxlog>
  <threadId>#main</threadId>
  <timestamp>23:36:30:3587</timestamp>
  <msgtype>MsgMixture</msgtype>
  <content>string|string|bool
AssetBundleText slim - pngName,Radial Outline - Stroke 18px.96568886,false</content>
  <stackFrames>
[CALL STACK][0]: Method:WXTextureTools.Application.FirstBundle.FirstBundleHandler.slim; File:.0
[CALL STACK][1]: Method:WXTextureTools.Application.AppCmdExec.WXSlimFirstBundleExec.todo; File:.0
[CALL STACK][2]: Method:WXTextureTools.Application.App.process; File:.0
</stackFrames>
</wxlog>
<wxlog>
  <threadId>#main</threadId>
  <timestamp>23:36:30:3747</timestamp>
  <msgtype>MsgMixture</msgtype>
  <content>string|string|bool
AssetBundleText slim - pngName,Warm.ae422f0d,false</content>
  <stackFrames>
[CALL STACK][0]: Method:WXTextureTools.Application.FirstBundle.FirstBundleHandler.slim; File:.0
[CALL STACK][1]: Method:WXTextureTools.Application.AppCmdExec.WXSlimFirstBundleExec.todo; File:.0
[CALL STACK][2]: Method:WXTextureTools.Application.App.process; File:.0
</stackFrames>
</wxlog>
<wxlog>
  <threadId>#main</threadId>
  <timestamp>23:36:30:4128</timestamp>
  <msgtype>MsgMixture</msgtype>
  <content>string|string|bool
AssetBundleText slim - pngName,Material_Emissive.4cce5373,false</content>
  <stackFrames>
[CALL STACK][0]: Method:WXTextureTools.Application.FirstBundle.FirstBundleHandler.slim; File:.0
[CALL STACK][1]: Method:WXTextureTools.Application.AppCmdExec.WXSlimFirstBundleExec.todo; File:.0
[CALL STACK][2]: Method:WXTextureTools.Application.App.process; File:.0
</stackFrames>
</wxlog>
<wxlog>
  <threadId>#main</threadId>
  <timestamp>23:36:30:4143</timestamp>
  <msgtype>MsgMixture</msgtype>
  <content>string|string|bool
AssetBundleText slim - pngName,Replay.1a701b57,false</content>
  <stackFrames>
[CALL STACK][0]: Method:WXTextureTools.Application.FirstBundle.FirstBundleHandler.slim; File:.0
[CALL STACK][1]: Method:WXTextureTools.Application.AppCmdExec.WXSlimFirstBundleExec.todo; File:.0
[CALL STACK][2]: Method:WXTextureTools.Application.App.process; File:.0
</stackFrames>
</wxlog>
<wxlog>
  <threadId>#main</threadId>
  <timestamp>23:36:30:4148</timestamp>
  <msgtype>MsgMixture</msgtype>
  <content>string|string|bool
AssetBundleText slim - pngName,Rounded Filled 128px.99c85ebc,false</content>
  <stackFrames>
[CALL STACK][0]: Method:WXTextureTools.Application.FirstBundle.FirstBundleHandler.slim; File:.0
[CALL STACK][1]: Method:WXTextureTools.Application.AppCmdExec.WXSlimFirstBundleExec.todo; File:.0
[CALL STACK][2]: Method:WXTextureTools.Application.App.process; File:.0
</stackFrames>
</wxlog>
<wxlog>
  <threadId>#main</threadId>
  <timestamp>23:36:30:4153</timestamp>
  <msgtype>MsgMixture</msgtype>
  <content>string|string|bool
AssetBundleText slim - pngName,Arrow.2303aef3,false</content>
  <stackFrames>
[CALL STACK][0]: Method:WXTextureTools.Application.FirstBundle.FirstBundleHandler.slim; File:.0
[CALL STACK][1]: Method:WXTextureTools.Application.AppCmdExec.WXSlimFirstBundleExec.todo; File:.0
[CALL STACK][2]: Method:WXTextureTools.Application.App.process; File:.0
</stackFrames>
</wxlog>
<wxlog>
  <threadId>#main</threadId>
  <timestamp>23:36:30:4293</timestamp>
  <msgtype>MsgMixture</msgtype>
  <content>string|string|bool
AssetBundleText slim - pngName,Image Border.26596eb0,false</content>
  <stackFrames>
[CALL STACK][0]: Method:WXTextureTools.Application.FirstBundle.FirstBundleHandler.slim; File:.0
[CALL STACK][1]: Method:WXTextureTools.Application.AppCmdExec.WXSlimFirstBundleExec.todo; File:.0
[CALL STACK][2]: Method:WXTextureTools.Application.App.process; File:.0
</stackFrames>
</wxlog>
<wxlog>
  <threadId>#main</threadId>
  <timestamp>23:36:30:4554</timestamp>
  <msgtype>MsgMixture</msgtype>
  <content>string|string|bool
AssetBundleText slim - pngName,Placeholder 1.f4b2d5b3,false</content>
  <stackFrames>
[CALL STACK][0]: Method:WXTextureTools.Application.FirstBundle.FirstBundleHandler.slim; File:.0
[CALL STACK][1]: Method:WXTextureTools.Application.AppCmdExec.WXSlimFirstBundleExec.todo; File:.0
[CALL STACK][2]: Method:WXTextureTools.Application.App.process; File:.0
</stackFrames>
</wxlog>
<wxlog>
  <threadId>#main</threadId>
  <timestamp>23:36:30:4584</timestamp>
  <msgtype>MsgMixture</msgtype>
  <content>string|string|bool
AssetBundleText slim - pngName,FullScreen.f0d54c7b,false</content>
  <stackFrames>
[CALL STACK][0]: Method:WXTextureTools.Application.FirstBundle.FirstBundleHandler.slim; File:.0
[CALL STACK][1]: Method:WXTextureTools.Application.AppCmdExec.WXSlimFirstBundleExec.todo; File:.0
[CALL STACK][2]: Method:WXTextureTools.Application.App.process; File:.0
</stackFrames>
</wxlog>
<wxlog>
  <threadId>#main</threadId>
  <timestamp>23:36:30:4594</timestamp>
  <msgtype>MsgMixture</msgtype>
  <content>string|string|bool
AssetBundleText slim - pngName,Brush Impact.fc2a565e,false</content>
  <stackFrames>
[CALL STACK][0]: Method:WXTextureTools.Application.FirstBundle.FirstBundleHandler.slim; File:.0
[CALL STACK][1]: Method:WXTextureTools.Application.AppCmdExec.WXSlimFirstBundleExec.todo; File:.0
[CALL STACK][2]: Method:WXTextureTools.Application.App.process; File:.0
</stackFrames>
</wxlog>
<wxlog>
  <threadId>#main</threadId>
  <timestamp>23:36:30:5024</timestamp>
  <msgtype>MsgMixture</msgtype>
  <content>string|string|bool
AssetBundleText slim - pngName,Material_Height.73e1c1c8,false</content>
  <stackFrames>
[CALL STACK][0]: Method:WXTextureTools.Application.FirstBundle.FirstBundleHandler.slim; File:.0
[CALL STACK][1]: Method:WXTextureTools.Application.AppCmdExec.WXSlimFirstBundleExec.todo; File:.0
[CALL STACK][2]: Method:WXTextureTools.Application.App.process; File:.0
</stackFrames>
</wxlog>
<wxlog>
  <threadId>#main</threadId>
  <timestamp>23:36:30:5190</timestamp>
  <msgtype>MsgMixture</msgtype>
  <content>string|string|bool
AssetBundleText slim - pngName,Brush Wide.46890080,false</content>
  <stackFrames>
[CALL STACK][0]: Method:WXTextureTools.Application.FirstBundle.FirstBundleHandler.slim; File:.0
[CALL STACK][1]: Method:WXTextureTools.Application.AppCmdExec.WXSlimFirstBundleExec.todo; File:.0
[CALL STACK][2]: Method:WXTextureTools.Application.App.process; File:.0
</stackFrames>
</wxlog>
<wxlog>
  <threadId>#main</threadId>
  <timestamp>23:36:30:5205</timestamp>
  <msgtype>MsgMixture</msgtype>
  <content>string|string|bool
AssetBundleText slim - pngName,Sound0.ef659437,false</content>
  <stackFrames>
[CALL STACK][0]: Method:WXTextureTools.Application.FirstBundle.FirstBundleHandler.slim; File:.0
[CALL STACK][1]: Method:WXTextureTools.Application.AppCmdExec.WXSlimFirstBundleExec.todo; File:.0
[CALL STACK][2]: Method:WXTextureTools.Application.App.process; File:.0
</stackFrames>
</wxlog>
<wxlog>
  <threadId>#main</threadId>
  <timestamp>23:36:30:5210</timestamp>
  <msgtype>MsgMixture</msgtype>
  <content>string|string|bool
AssetBundleText slim - pngName,Incorrect.ef57492e,false</content>
  <stackFrames>
[CALL STACK][0]: Method:WXTextureTools.Application.FirstBundle.FirstBundleHandler.slim; File:.0
[CALL STACK][1]: Method:WXTextureTools.Application.AppCmdExec.WXSlimFirstBundleExec.todo; File:.0
[CALL STACK][2]: Method:WXTextureTools.Application.App.process; File:.0
</stackFrames>
</wxlog>
<wxlog>
  <threadId>#main</threadId>
  <timestamp>23:36:30:5340</timestamp>
  <msgtype>MsgMixture</msgtype>
  <content>string|string|bool
AssetBundleText slim - pngName,Emerald.7821c6fb,false</content>
  <stackFrames>
[CALL STACK][0]: Method:WXTextureTools.Application.FirstBundle.FirstBundleHandler.slim; File:.0
[CALL STACK][1]: Method:WXTextureTools.Application.AppCmdExec.WXSlimFirstBundleExec.todo; File:.0
[CALL STACK][2]: Method:WXTextureTools.Application.App.process; File:.0
</stackFrames>
</wxlog>
<wxlog>
  <threadId>#main</threadId>
  <timestamp>23:36:30:6189</timestamp>
  <msgtype>MsgMixture</msgtype>
  <content>string|string|bool
AssetBundleText slim - pngName,Placeholder 3.36894921,false</content>
  <stackFrames>
[CALL STACK][0]: Method:WXTextureTools.Application.FirstBundle.FirstBundleHandler.slim; File:.0
[CALL STACK][1]: Method:WXTextureTools.Application.AppCmdExec.WXSlimFirstBundleExec.todo; File:.0
[CALL STACK][2]: Method:WXTextureTools.Application.App.process; File:.0
</stackFrames>
</wxlog>
<wxlog>
  <threadId>#main</threadId>
  <timestamp>23:36:30:6209</timestamp>
  <msgtype>MsgMixture</msgtype>
  <content>string|string|bool
AssetBundleText slim - pngName,Pause.f43c12ea,false</content>
  <stackFrames>
[CALL STACK][0]: Method:WXTextureTools.Application.FirstBundle.FirstBundleHandler.slim; File:.0
[CALL STACK][1]: Method:WXTextureTools.Application.AppCmdExec.WXSlimFirstBundleExec.todo; File:.0
[CALL STACK][2]: Method:WXTextureTools.Application.App.process; File:.0
</stackFrames>
</wxlog>
<wxlog>
  <threadId>#main</threadId>
  <timestamp>23:36:30:6229</timestamp>
  <msgtype>MsgMixture</msgtype>
  <content>string|string|bool
AssetBundleText slim - pngName,Play.df1485fd,false</content>
  <stackFrames>
[CALL STACK][0]: Method:WXTextureTools.Application.FirstBundle.FirstBundleHandler.slim; File:.0
[CALL STACK][1]: Method:WXTextureTools.Application.AppCmdExec.WXSlimFirstBundleExec.todo; File:.0
[CALL STACK][2]: Method:WXTextureTools.Application.App.process; File:.0
</stackFrames>
</wxlog>
<wxlog>
  <threadId>#main</threadId>
  <timestamp>23:36:30:6625</timestamp>
  <msgtype>MsgMixture</msgtype>
  <content>string|string|bool
AssetBundleText slim - pngName,Material_Normal.b84255ac,false</content>
  <stackFrames>
[CALL STACK][0]: Method:WXTextureTools.Application.FirstBundle.FirstBundleHandler.slim; File:.0
[CALL STACK][1]: Method:WXTextureTools.Application.AppCmdExec.WXSlimFirstBundleExec.todo; File:.0
[CALL STACK][2]: Method:WXTextureTools.Application.App.process; File:.0
</stackFrames>
</wxlog>
<wxlog>
  <threadId>#main</threadId>
  <timestamp>23:36:30:6630</timestamp>
  <msgtype>MsgMixture</msgtype>
  <content>string|string|bool
AssetBundleText slim - pngName,English.a0407d2f,false</content>
  <stackFrames>
[CALL STACK][0]: Method:WXTextureTools.Application.FirstBundle.FirstBundleHandler.slim; File:.0
[CALL STACK][1]: Method:WXTextureTools.Application.AppCmdExec.WXSlimFirstBundleExec.todo; File:.0
[CALL STACK][2]: Method:WXTextureTools.Application.App.process; File:.0
</stackFrames>
</wxlog>
<wxlog>
  <threadId>#main</threadId>
  <timestamp>23:36:30:7181</timestamp>
  <msgtype>MsgMixture</msgtype>
  <content>string|string|bool
AssetBundleText slim - pngName,Placeholder 2.91a03914,false</content>
  <stackFrames>
[CALL STACK][0]: Method:WXTextureTools.Application.FirstBundle.FirstBundleHandler.slim; File:.0
[CALL STACK][1]: Method:WXTextureTools.Application.AppCmdExec.WXSlimFirstBundleExec.todo; File:.0
[CALL STACK][2]: Method:WXTextureTools.Application.App.process; File:.0
</stackFrames>
</wxlog>
<wxlog>
  <threadId>#main</threadId>
  <timestamp>23:36:30:7431</timestamp>
  <msgtype>MsgMixture</msgtype>
  <content>string|string|bool
AssetBundleText slim - pngName,Background 4.8a58be4a,false</content>
  <stackFrames>
[CALL STACK][0]: Method:WXTextureTools.Application.FirstBundle.FirstBundleHandler.slim; File:.0
[CALL STACK][1]: Method:WXTextureTools.Application.AppCmdExec.WXSlimFirstBundleExec.todo; File:.0
[CALL STACK][2]: Method:WXTextureTools.Application.App.process; File:.0
</stackFrames>
</wxlog>
<wxlog>
  <threadId>#main</threadId>
  <timestamp>23:36:30:7602</timestamp>
  <msgtype>MsgMixture</msgtype>
  <content>string|string|bool
AssetBundleText slim - pngName,Rock.3c8f43a5,false</content>
  <stackFrames>
[CALL STACK][0]: Method:WXTextureTools.Application.FirstBundle.FirstBundleHandler.slim; File:.0
[CALL STACK][1]: Method:WXTextureTools.Application.AppCmdExec.WXSlimFirstBundleExec.todo; File:.0
[CALL STACK][2]: Method:WXTextureTools.Application.App.process; File:.0
</stackFrames>
</wxlog>
<wxlog>
  <threadId>#main</threadId>
  <timestamp>23:36:30:7627</timestamp>
  <msgtype>MsgMixture</msgtype>
  <content>string|string|bool
AssetBundleText slim - pngName,Game Logo.38b819bd,false</content>
  <stackFrames>
[CALL STACK][0]: Method:WXTextureTools.Application.FirstBundle.FirstBundleHandler.slim; File:.0
[CALL STACK][1]: Method:WXTextureTools.Application.AppCmdExec.WXSlimFirstBundleExec.todo; File:.0
[CALL STACK][2]: Method:WXTextureTools.Application.App.process; File:.0
</stackFrames>
</wxlog>
<wxlog>
  <threadId>#main</threadId>
  <timestamp>23:36:30:7667</timestamp>
  <msgtype>MsgMixture</msgtype>
  <content>string|string|bool
AssetBundleText slim - pngName,Border Wide 2.2f85d24c,false</content>
  <stackFrames>
[CALL STACK][0]: Method:WXTextureTools.Application.FirstBundle.FirstBundleHandler.slim; File:.0
[CALL STACK][1]: Method:WXTextureTools.Application.AppCmdExec.WXSlimFirstBundleExec.todo; File:.0
[CALL STACK][2]: Method:WXTextureTools.Application.App.process; File:.0
</stackFrames>
</wxlog>
<wxlog>
  <threadId>#main</threadId>
  <timestamp>23:36:30:7937</timestamp>
  <msgtype>MsgMixture</msgtype>
  <content>string|string|bool
AssetBundleText slim - pngName,Background 5.85763324,false</content>
  <stackFrames>
[CALL STACK][0]: Method:WXTextureTools.Application.FirstBundle.FirstBundleHandler.slim; File:.0
[CALL STACK][1]: Method:WXTextureTools.Application.AppCmdExec.WXSlimFirstBundleExec.todo; File:.0
[CALL STACK][2]: Method:WXTextureTools.Application.App.process; File:.0
</stackFrames>
</wxlog>
<wxlog>
  <threadId>#main</threadId>
  <timestamp>23:36:30:8188</timestamp>
  <msgtype>MsgMixture</msgtype>
  <content>string|string|bool
AssetBundleText slim - pngName,Retro.d44654cb,false</content>
  <stackFrames>
[CALL STACK][0]: Method:WXTextureTools.Application.FirstBundle.FirstBundleHandler.slim; File:.0
[CALL STACK][1]: Method:WXTextureTools.Application.AppCmdExec.WXSlimFirstBundleExec.todo; File:.0
[CALL STACK][2]: Method:WXTextureTools.Application.App.process; File:.0
</stackFrames>
</wxlog>
<wxlog>
  <threadId>#main</threadId>
  <timestamp>23:36:30:8654</timestamp>
  <msgtype>MsgMixture</msgtype>
  <content>string|string|bool
AssetBundleText slim - pngName,Vignette.1f64f127,false</content>
  <stackFrames>
[CALL STACK][0]: Method:WXTextureTools.Application.FirstBundle.FirstBundleHandler.slim; File:.0
[CALL STACK][1]: Method:WXTextureTools.Application.AppCmdExec.WXSlimFirstBundleExec.todo; File:.0
[CALL STACK][2]: Method:WXTextureTools.Application.App.process; File:.0
</stackFrames>
</wxlog>
<wxlog>
  <threadId>#main</threadId>
  <timestamp>23:36:30:8664</timestamp>
  <msgtype>MsgMixture</msgtype>
  <content>string|string|bool
AssetBundleText slim - pngName,Sound1.dba5b289,false</content>
  <stackFrames>
[CALL STACK][0]: Method:WXTextureTools.Application.FirstBundle.FirstBundleHandler.slim; File:.0
[CALL STACK][1]: Method:WXTextureTools.Application.AppCmdExec.WXSlimFirstBundleExec.todo; File:.0
[CALL STACK][2]: Method:WXTextureTools.Application.App.process; File:.0
</stackFrames>
</wxlog>
<wxlog>
  <threadId>#main</threadId>
  <timestamp>23:36:30:8664</timestamp>
  <msgtype>MsgMixture</msgtype>
  <content>string|string|bool
AssetBundleText slim - pngName,Radial Filled 128px.6bee3b3b,false</content>
  <stackFrames>
[CALL STACK][0]: Method:WXTextureTools.Application.FirstBundle.FirstBundleHandler.slim; File:.0
[CALL STACK][1]: Method:WXTextureTools.Application.AppCmdExec.WXSlimFirstBundleExec.todo; File:.0
[CALL STACK][2]: Method:WXTextureTools.Application.App.process; File:.0
</stackFrames>
</wxlog>
<wxlog>
  <threadId>#main</threadId>
  <timestamp>23:36:30:9682</timestamp>
  <msgtype>MsgMixture</msgtype>
  <content>string|string|bool
AssetBundleText slim - pngName,Material_Base_color.03a6a539,false</content>
  <stackFrames>
[CALL STACK][0]: Method:WXTextureTools.Application.FirstBundle.FirstBundleHandler.slim; File:.0
[CALL STACK][1]: Method:WXTextureTools.Application.AppCmdExec.WXSlimFirstBundleExec.todo; File:.0
[CALL STACK][2]: Method:WXTextureTools.Application.App.process; File:.0
</stackFrames>
</wxlog>
<wxlog>
  <threadId>#main</threadId>
  <timestamp>23:36:30:9872</timestamp>
  <msgtype>MsgMixture</msgtype>
  <content>string|string|bool
AssetBundleText slim - pngName,Violet.4e48435b,false</content>
  <stackFrames>
[CALL STACK][0]: Method:WXTextureTools.Application.FirstBundle.FirstBundleHandler.slim; File:.0
[CALL STACK][1]: Method:WXTextureTools.Application.AppCmdExec.WXSlimFirstBundleExec.todo; File:.0
[CALL STACK][2]: Method:WXTextureTools.Application.App.process; File:.0
</stackFrames>
</wxlog>
<wxlog>
  <threadId>#main</threadId>
  <timestamp>23:36:30:9882</timestamp>
  <msgtype>MsgMixture</msgtype>
  <content>string|string|bool
AssetBundleText slim - pngName,Panel Corner H.8c835390,false</content>
  <stackFrames>
[CALL STACK][0]: Method:WXTextureTools.Application.FirstBundle.FirstBundleHandler.slim; File:.0
[CALL STACK][1]: Method:WXTextureTools.Application.AppCmdExec.WXSlimFirstBundleExec.todo; File:.0
[CALL STACK][2]: Method:WXTextureTools.Application.App.process; File:.0
</stackFrames>
</wxlog>
<wxlog>
  <threadId>#main</threadId>
  <timestamp>23:36:30:9892</timestamp>
  <msgtype>MsgMixture</msgtype>
  <content>string|string|bool
AssetBundleText slim - pngName,Panel Corner.57e3e1a6,false</content>
  <stackFrames>
[CALL STACK][0]: Method:WXTextureTools.Application.FirstBundle.FirstBundleHandler.slim; File:.0
[CALL STACK][1]: Method:WXTextureTools.Application.AppCmdExec.WXSlimFirstBundleExec.todo; File:.0
[CALL STACK][2]: Method:WXTextureTools.Application.App.process; File:.0
</stackFrames>
</wxlog>
<wxlog>
  <threadId>#main</threadId>
  <timestamp>23:36:30:9897</timestamp>
  <msgtype>MsgMixture</msgtype>
  <content>string|string|bool
AssetBundleText slim - pngName,circleFill.0036cb3f,false</content>
  <stackFrames>
[CALL STACK][0]: Method:WXTextureTools.Application.FirstBundle.FirstBundleHandler.slim; File:.0
[CALL STACK][1]: Method:WXTextureTools.Application.AppCmdExec.WXSlimFirstBundleExec.todo; File:.0
[CALL STACK][2]: Method:WXTextureTools.Application.App.process; File:.0
</stackFrames>
</wxlog>
<wxlog>
  <threadId>#main</threadId>
  <timestamp>23:36:30:9907</timestamp>
  <msgtype>MsgMixture</msgtype>
  <content>string|string|bool
AssetBundleText slim - pngName,Radial Filled - x256.8d0f13fd,false</content>
  <stackFrames>
[CALL STACK][0]: Method:WXTextureTools.Application.FirstBundle.FirstBundleHandler.slim; File:.0
[CALL STACK][1]: Method:WXTextureTools.Application.AppCmdExec.WXSlimFirstBundleExec.todo; File:.0
[CALL STACK][2]: Method:WXTextureTools.Application.App.process; File:.0
</stackFrames>
</wxlog>
<wxlog>
  <threadId>#main</threadId>
  <timestamp>23:36:31:0163</timestamp>
  <msgtype>MsgMixture</msgtype>
  <content>string|string|bool
AssetBundleText slim - pngName,Dawn.b4e89776,false</content>
  <stackFrames>
[CALL STACK][0]: Method:WXTextureTools.Application.FirstBundle.FirstBundleHandler.slim; File:.0
[CALL STACK][1]: Method:WXTextureTools.Application.AppCmdExec.WXSlimFirstBundleExec.todo; File:.0
[CALL STACK][2]: Method:WXTextureTools.Application.App.process; File:.0
</stackFrames>
</wxlog>
<wxlog>
  <threadId>#main</threadId>
  <timestamp>23:36:31:0173</timestamp>
  <msgtype>MsgMixture</msgtype>
  <content>string|string|bool
AssetBundleText slim - pngName,Brush Impact 3.460f401a,false</content>
  <stackFrames>
[CALL STACK][0]: Method:WXTextureTools.Application.FirstBundle.FirstBundleHandler.slim; File:.0
[CALL STACK][1]: Method:WXTextureTools.Application.AppCmdExec.WXSlimFirstBundleExec.todo; File:.0
[CALL STACK][2]: Method:WXTextureTools.Application.App.process; File:.0
</stackFrames>
</wxlog>
<wxlog>
  <threadId>#main</threadId>
  <timestamp>23:36:31:0774</timestamp>
  <msgtype>MsgMixture</msgtype>
  <content>string|string|bool
AssetBundleText slim - pngName,Placeholder 5.2add2c86,false</content>
  <stackFrames>
[CALL STACK][0]: Method:WXTextureTools.Application.FirstBundle.FirstBundleHandler.slim; File:.0
[CALL STACK][1]: Method:WXTextureTools.Application.AppCmdExec.WXSlimFirstBundleExec.todo; File:.0
[CALL STACK][2]: Method:WXTextureTools.Application.App.process; File:.0
</stackFrames>
</wxlog>
<wxlog>
  <threadId>#main</threadId>
  <timestamp>23:36:31:1877</timestamp>
  <msgtype>MsgMixture</msgtype>
  <content>string|string|bool
AssetBundleText slim - pngName,Material_Metallic.213366ad,false</content>
  <stackFrames>
[CALL STACK][0]: Method:WXTextureTools.Application.FirstBundle.FirstBundleHandler.slim; File:.0
[CALL STACK][1]: Method:WXTextureTools.Application.AppCmdExec.WXSlimFirstBundleExec.todo; File:.0
[CALL STACK][2]: Method:WXTextureTools.Application.App.process; File:.0
</stackFrames>
</wxlog>
<wxlog>
  <threadId>#main</threadId>
  <timestamp>23:36:31:1882</timestamp>
  <msgtype>MsgMixture</msgtype>
  <content>string|string|bool
AssetBundleText slim - pngName,Panel Corner 2.d39ccc79,false</content>
  <stackFrames>
[CALL STACK][0]: Method:WXTextureTools.Application.FirstBundle.FirstBundleHandler.slim; File:.0
[CALL STACK][1]: Method:WXTextureTools.Application.AppCmdExec.WXSlimFirstBundleExec.todo; File:.0
[CALL STACK][2]: Method:WXTextureTools.Application.App.process; File:.0
</stackFrames>
</wxlog>
<wxlog>
  <threadId>#main</threadId>
  <timestamp>23:36:31:1923</timestamp>
  <msgtype>MsgMixture</msgtype>
  <content>string|string|bool
AssetBundleText slim - pngName,Border Wide 4.6e21c07b,false</content>
  <stackFrames>
[CALL STACK][0]: Method:WXTextureTools.Application.FirstBundle.FirstBundleHandler.slim; File:.0
[CALL STACK][1]: Method:WXTextureTools.Application.AppCmdExec.WXSlimFirstBundleExec.todo; File:.0
[CALL STACK][2]: Method:WXTextureTools.Application.App.process; File:.0
</stackFrames>
</wxlog>
<wxlog>
  <threadId>#main</threadId>
  <timestamp>23:36:31:2023</timestamp>
  <msgtype>MsgMixture</msgtype>
  <content>string|string|bool
AssetBundleText slim - pngName,Reticle Layer 28.88329f7a,false</content>
  <stackFrames>
[CALL STACK][0]: Method:WXTextureTools.Application.FirstBundle.FirstBundleHandler.slim; File:.0
[CALL STACK][1]: Method:WXTextureTools.Application.AppCmdExec.WXSlimFirstBundleExec.todo; File:.0
[CALL STACK][2]: Method:WXTextureTools.Application.App.process; File:.0
</stackFrames>
</wxlog>
<wxlog>
  <threadId>#main</threadId>
  <timestamp>23:36:31:2218</timestamp>
  <msgtype>MsgMixture</msgtype>
  <content>string|string|bool
AssetBundleText slim - pngName,Aqua.243655ba,false</content>
  <stackFrames>
[CALL STACK][0]: Method:WXTextureTools.Application.FirstBundle.FirstBundleHandler.slim; File:.0
[CALL STACK][1]: Method:WXTextureTools.Application.AppCmdExec.WXSlimFirstBundleExec.todo; File:.0
[CALL STACK][2]: Method:WXTextureTools.Application.App.process; File:.0
</stackFrames>
</wxlog>
<wxlog>
  <threadId>#main</threadId>
  <timestamp>23:36:31:2223</timestamp>
  <msgtype>MsgMixture</msgtype>
  <content>string|string|bool
AssetBundleText slim - pngName,Blank_Black_Normal.0b4ffe2c,false</content>
  <stackFrames>
[CALL STACK][0]: Method:WXTextureTools.Application.FirstBundle.FirstBundleHandler.slim; File:.0
[CALL STACK][1]: Method:WXTextureTools.Application.AppCmdExec.WXSlimFirstBundleExec.todo; File:.0
[CALL STACK][2]: Method:WXTextureTools.Application.App.process; File:.0
</stackFrames>
</wxlog>
<wxlog>
  <threadId>#main</threadId>
  <timestamp>23:36:31:2223</timestamp>
  <msgtype>MsgMixture</msgtype>
  <content>string|string|bool
AssetBundleText slim - pngName,Target.64adf629,false</content>
  <stackFrames>
[CALL STACK][0]: Method:WXTextureTools.Application.FirstBundle.FirstBundleHandler.slim; File:.0
[CALL STACK][1]: Method:WXTextureTools.Application.AppCmdExec.WXSlimFirstBundleExec.todo; File:.0
[CALL STACK][2]: Method:WXTextureTools.Application.App.process; File:.0
</stackFrames>
</wxlog>
<wxlog>
  <threadId>#main</threadId>
  <timestamp>23:36:31:2223</timestamp>
  <msgtype>MsgMixture</msgtype>
  <content>string|string|bool
AssetBundleText slim - pngName,Square.107545d3,false</content>
  <stackFrames>
[CALL STACK][0]: Method:WXTextureTools.Application.FirstBundle.FirstBundleHandler.slim; File:.0
[CALL STACK][1]: Method:WXTextureTools.Application.AppCmdExec.WXSlimFirstBundleExec.todo; File:.0
[CALL STACK][2]: Method:WXTextureTools.Application.App.process; File:.0
</stackFrames>
</wxlog>
<wxlog>
  <threadId>#main</threadId>
  <timestamp>23:36:31:2223</timestamp>
  <msgtype>MsgMixture</msgtype>
  <content>string|string|bool
AssetBundleText slim - pngName,Font Texture.8f00b204,false</content>
  <stackFrames>
[CALL STACK][0]: Method:WXTextureTools.Application.FirstBundle.FirstBundleHandler.slim; File:.0
[CALL STACK][1]: Method:WXTextureTools.Application.AppCmdExec.WXSlimFirstBundleExec.todo; File:.0
[CALL STACK][2]: Method:WXTextureTools.Application.App.process; File:.0
</stackFrames>
</wxlog>
<wxlog>
  <threadId>#main</threadId>
  <timestamp>23:36:31:2740</timestamp>
  <msgtype>MsgMixture</msgtype>
  <content>string|string|bool
AssetBundleText slim - pngName,Placeholder 4.23d53431,false</content>
  <stackFrames>
[CALL STACK][0]: Method:WXTextureTools.Application.FirstBundle.FirstBundleHandler.slim; File:.0
[CALL STACK][1]: Method:WXTextureTools.Application.AppCmdExec.WXSlimFirstBundleExec.todo; File:.0
[CALL STACK][2]: Method:WXTextureTools.Application.App.process; File:.0
</stackFrames>
</wxlog>
<wxlog>
  <threadId>#main</threadId>
  <timestamp>23:36:31:3593</timestamp>
  <msgtype>MsgMixture</msgtype>
  <content>string|string|bool
AssetBundleText slim - pngName,Material_Mixed_AO.765c47bf,false</content>
  <stackFrames>
[CALL STACK][0]: Method:WXTextureTools.Application.FirstBundle.FirstBundleHandler.slim; File:.0
[CALL STACK][1]: Method:WXTextureTools.Application.AppCmdExec.WXSlimFirstBundleExec.todo; File:.0
[CALL STACK][2]: Method:WXTextureTools.Application.App.process; File:.0
</stackFrames>
</wxlog>
<wxlog>
  <threadId>#main</threadId>
  <timestamp>23:36:31:3598</timestamp>
  <msgtype>MsgMixture</msgtype>
  <content>string|string|bool
AssetBundleText slim - pngName,Sound2.e363169d,false</content>
  <stackFrames>
[CALL STACK][0]: Method:WXTextureTools.Application.FirstBundle.FirstBundleHandler.slim; File:.0
[CALL STACK][1]: Method:WXTextureTools.Application.AppCmdExec.WXSlimFirstBundleExec.todo; File:.0
[CALL STACK][2]: Method:WXTextureTools.Application.App.process; File:.0
</stackFrames>
</wxlog>
<wxlog>
  <threadId>#main</threadId>
  <timestamp>23:36:31:3613</timestamp>
  <msgtype>MsgMixture</msgtype>
  <content>string|string|bool
AssetBundleText slim - pngName,Sound3.391dd5c7,false</content>
  <stackFrames>
[CALL STACK][0]: Method:WXTextureTools.Application.FirstBundle.FirstBundleHandler.slim; File:.0
[CALL STACK][1]: Method:WXTextureTools.Application.AppCmdExec.WXSlimFirstBundleExec.todo; File:.0
[CALL STACK][2]: Method:WXTextureTools.Application.App.process; File:.0
</stackFrames>
</wxlog>
<wxlog>
  <threadId>#main</threadId>
  <timestamp>23:36:31:3618</timestamp>
  <msgtype>MsgMixture</msgtype>
  <content>string|string|bool
AssetBundleText slim - pngName,Radial Filled 32px.da054a23,false</content>
  <stackFrames>
[CALL STACK][0]: Method:WXTextureTools.Application.FirstBundle.FirstBundleHandler.slim; File:.0
[CALL STACK][1]: Method:WXTextureTools.Application.AppCmdExec.WXSlimFirstBundleExec.todo; File:.0
[CALL STACK][2]: Method:WXTextureTools.Application.App.process; File:.0
</stackFrames>
</wxlog>
<wxlog>
  <threadId>#main</threadId>
  <timestamp>23:36:31:3823</timestamp>
  <msgtype>MsgMixture</msgtype>
  <content>string|string|bool
AssetBundleText slim - pngName,Parry.daef6e95,false</content>
  <stackFrames>
[CALL STACK][0]: Method:WXTextureTools.Application.FirstBundle.FirstBundleHandler.slim; File:.0
[CALL STACK][1]: Method:WXTextureTools.Application.AppCmdExec.WXSlimFirstBundleExec.todo; File:.0
[CALL STACK][2]: Method:WXTextureTools.Application.App.process; File:.0
</stackFrames>
</wxlog>
<wxlog>
  <threadId>#main</threadId>
  <timestamp>23:36:31:4090</timestamp>
  <msgtype>MsgMixture</msgtype>
  <content>string|string|bool
AssetBundleText slim - pngName,Glass Scratches.7f65e4e8,false</content>
  <stackFrames>
[CALL STACK][0]: Method:WXTextureTools.Application.FirstBundle.FirstBundleHandler.slim; File:.0
[CALL STACK][1]: Method:WXTextureTools.Application.AppCmdExec.WXSlimFirstBundleExec.todo; File:.0
[CALL STACK][2]: Method:WXTextureTools.Application.App.process; File:.0
</stackFrames>
</wxlog>
<wxlog>
  <threadId>#main</threadId>
  <timestamp>23:36:31:4100</timestamp>
  <msgtype>MsgMixture</msgtype>
  <content>string|string|bool
AssetBundleText slim - pngName,Brush Impact 5.5b2f3913,false</content>
  <stackFrames>
[CALL STACK][0]: Method:WXTextureTools.Application.FirstBundle.FirstBundleHandler.slim; File:.0
[CALL STACK][1]: Method:WXTextureTools.Application.AppCmdExec.WXSlimFirstBundleExec.todo; File:.0
[CALL STACK][2]: Method:WXTextureTools.Application.App.process; File:.0
</stackFrames>
</wxlog>
<wxlog>
  <threadId>#main</threadId>
  <timestamp>23:36:31:4210</timestamp>
  <msgtype>MsgMixture</msgtype>
  <content>string|string|bool
AssetBundleText slim - pngName,Ellipse 62 (1).c9f3ad19,false</content>
  <stackFrames>
[CALL STACK][0]: Method:WXTextureTools.Application.FirstBundle.FirstBundleHandler.slim; File:.0
[CALL STACK][1]: Method:WXTextureTools.Application.AppCmdExec.WXSlimFirstBundleExec.todo; File:.0
[CALL STACK][2]: Method:WXTextureTools.Application.App.process; File:.0
</stackFrames>
</wxlog>
<wxlog>
  <threadId>#main</threadId>
  <timestamp>23:36:31:4230</timestamp>
  <msgtype>MsgMixture</msgtype>
  <content>string|string|bool
AssetBundleText slim - pngName,Roboto-Regular SDF Atlas.2fae1f19,false</content>
  <stackFrames>
[CALL STACK][0]: Method:WXTextureTools.Application.FirstBundle.FirstBundleHandler.slim; File:.0
[CALL STACK][1]: Method:WXTextureTools.Application.AppCmdExec.WXSlimFirstBundleExec.todo; File:.0
[CALL STACK][2]: Method:WXTextureTools.Application.App.process; File:.0
</stackFrames>
</wxlog>
<wxlog>
  <threadId>#main</threadId>
  <timestamp>23:36:31:4311</timestamp>
  <msgtype>MsgMixture</msgtype>
  <content>string|string|bool
AssetBundleText slim - pngName,LiberationSans SDF Atlas.ac9f1c83,false</content>
  <stackFrames>
[CALL STACK][0]: Method:WXTextureTools.Application.FirstBundle.FirstBundleHandler.slim; File:.0
[CALL STACK][1]: Method:WXTextureTools.Application.AppCmdExec.WXSlimFirstBundleExec.todo; File:.0
[CALL STACK][2]: Method:WXTextureTools.Application.App.process; File:.0
</stackFrames>
</wxlog>
<wxlog>
  <threadId>#main</threadId>
  <timestamp>23:36:31:4331</timestamp>
  <msgtype>MsgMixture</msgtype>
  <content>string|string|bool
AssetBundleText slim - pngName,Larke Sans Bold SDF Atlas.51b40a3b,false</content>
  <stackFrames>
[CALL STACK][0]: Method:WXTextureTools.Application.FirstBundle.FirstBundleHandler.slim; File:.0
[CALL STACK][1]: Method:WXTextureTools.Application.AppCmdExec.WXSlimFirstBundleExec.todo; File:.0
[CALL STACK][2]: Method:WXTextureTools.Application.App.process; File:.0
</stackFrames>
</wxlog>
<wxlog>
  <threadId>#main</threadId>
  <timestamp>23:36:31:4351</timestamp>
  <msgtype>MsgMixture</msgtype>
  <content>string|string|bool
AssetBundleText slim - pngName,Larke Sans Regular SDF Atlas.51b40a3b,false</content>
  <stackFrames>
[CALL STACK][0]: Method:WXTextureTools.Application.FirstBundle.FirstBundleHandler.slim; File:.0
[CALL STACK][1]: Method:WXTextureTools.Application.AppCmdExec.WXSlimFirstBundleExec.todo; File:.0
[CALL STACK][2]: Method:WXTextureTools.Application.App.process; File:.0
</stackFrames>
</wxlog>
<wxlog>
  <threadId>#main</threadId>
  <timestamp>23:36:31:4371</timestamp>
  <msgtype>MsgMixture</msgtype>
  <content>string|string|bool
AssetBundleText slim - pngName,Larke Sans Light SDF Atlas.78026908,false</content>
  <stackFrames>
[CALL STACK][0]: Method:WXTextureTools.Application.FirstBundle.FirstBundleHandler.slim; File:.0
[CALL STACK][1]: Method:WXTextureTools.Application.AppCmdExec.WXSlimFirstBundleExec.todo; File:.0
[CALL STACK][2]: Method:WXTextureTools.Application.App.process; File:.0
</stackFrames>
</wxlog>
<wxlog>
  <threadId>#main</threadId>
  <timestamp>23:36:31:4391</timestamp>
  <msgtype>MsgMixture</msgtype>
  <content>string|string|bool
AssetBundleText slim - pngName,Keyboard_Black_A.c9d8486d,false</content>
  <stackFrames>
[CALL STACK][0]: Method:WXTextureTools.Application.FirstBundle.FirstBundleHandler.slim; File:.0
[CALL STACK][1]: Method:WXTextureTools.Application.AppCmdExec.WXSlimFirstBundleExec.todo; File:.0
[CALL STACK][2]: Method:WXTextureTools.Application.App.process; File:.0
</stackFrames>
</wxlog>
<wxlog>
  <threadId>#main</threadId>
  <timestamp>23:36:31:4396</timestamp>
  <msgtype>MsgMixture</msgtype>
  <content>string|string|bool
AssetBundleText slim - pngName,1.b37b901b,false</content>
  <stackFrames>
[CALL STACK][0]: Method:WXTextureTools.Application.FirstBundle.FirstBundleHandler.slim; File:.0
[CALL STACK][1]: Method:WXTextureTools.Application.AppCmdExec.WXSlimFirstBundleExec.todo; File:.0
[CALL STACK][2]: Method:WXTextureTools.Application.App.process; File:.0
</stackFrames>
</wxlog>
<wxlog>
  <threadId>#main</threadId>
  <timestamp>23:36:31:4401</timestamp>
  <msgtype>MsgMixture</msgtype>
  <content>string|string|bool
AssetBundleText slim - pngName,SS Top Header.6483b47e,false</content>
  <stackFrames>
[CALL STACK][0]: Method:WXTextureTools.Application.FirstBundle.FirstBundleHandler.slim; File:.0
[CALL STACK][1]: Method:WXTextureTools.Application.AppCmdExec.WXSlimFirstBundleExec.todo; File:.0
[CALL STACK][2]: Method:WXTextureTools.Application.App.process; File:.0
</stackFrames>
</wxlog>
<wxlog>
  <threadId>#main</threadId>
  <timestamp>23:36:31:4401</timestamp>
  <msgtype>MsgMixture</msgtype>
  <content>string|string|bool
AssetBundleText slim - pngName,Resources Normal.f45b32b0,false</content>
  <stackFrames>
[CALL STACK][0]: Method:WXTextureTools.Application.FirstBundle.FirstBundleHandler.slim; File:.0
[CALL STACK][1]: Method:WXTextureTools.Application.AppCmdExec.WXSlimFirstBundleExec.todo; File:.0
[CALL STACK][2]: Method:WXTextureTools.Application.App.process; File:.0
</stackFrames>
</wxlog>
<wxlog>
  <threadId>#main</threadId>
  <timestamp>23:36:31:4401</timestamp>
  <msgtype>MsgMixture</msgtype>
  <content>string|string|bool
AssetBundleText slim - pngName,23.956c2882,false</content>
  <stackFrames>
[CALL STACK][0]: Method:WXTextureTools.Application.FirstBundle.FirstBundleHandler.slim; File:.0
[CALL STACK][1]: Method:WXTextureTools.Application.AppCmdExec.WXSlimFirstBundleExec.todo; File:.0
[CALL STACK][2]: Method:WXTextureTools.Application.App.process; File:.0
</stackFrames>
</wxlog>
<wxlog>
  <threadId>#main</threadId>
  <timestamp>23:36:31:4401</timestamp>
  <msgtype>MsgMixture</msgtype>
  <content>string|string|bool
AssetBundleText slim - pngName,Content Normal.e7cd930c,false</content>
  <stackFrames>
[CALL STACK][0]: Method:WXTextureTools.Application.FirstBundle.FirstBundleHandler.slim; File:.0
[CALL STACK][1]: Method:WXTextureTools.Application.AppCmdExec.WXSlimFirstBundleExec.todo; File:.0
[CALL STACK][2]: Method:WXTextureTools.Application.App.process; File:.0
</stackFrames>
</wxlog>
<wxlog>
  <threadId>#main</threadId>
  <timestamp>23:36:31:4411</timestamp>
  <msgtype>MsgMixture</msgtype>
  <content>string|string|bool
AssetBundleText slim - pngName,5.55b39864,false</content>
  <stackFrames>
[CALL STACK][0]: Method:WXTextureTools.Application.FirstBundle.FirstBundleHandler.slim; File:.0
[CALL STACK][1]: Method:WXTextureTools.Application.AppCmdExec.WXSlimFirstBundleExec.todo; File:.0
[CALL STACK][2]: Method:WXTextureTools.Application.App.process; File:.0
</stackFrames>
</wxlog>
<wxlog>
  <threadId>#main</threadId>
  <timestamp>23:36:31:4416</timestamp>
  <msgtype>MsgMixture</msgtype>
  <content>string|string|bool
AssetBundleText slim - pngName,L_ES.1d5aa72f,false</content>
  <stackFrames>
[CALL STACK][0]: Method:WXTextureTools.Application.FirstBundle.FirstBundleHandler.slim; File:.0
[CALL STACK][1]: Method:WXTextureTools.Application.AppCmdExec.WXSlimFirstBundleExec.todo; File:.0
[CALL STACK][2]: Method:WXTextureTools.Application.App.process; File:.0
</stackFrames>
</wxlog>
<wxlog>
  <threadId>#main</threadId>
  <timestamp>23:36:31:4416</timestamp>
  <msgtype>MsgMixture</msgtype>
  <content>string|string|bool
AssetBundleText slim - pngName,Settings Active.4cff937c,false</content>
  <stackFrames>
[CALL STACK][0]: Method:WXTextureTools.Application.FirstBundle.FirstBundleHandler.slim; File:.0
[CALL STACK][1]: Method:WXTextureTools.Application.AppCmdExec.WXSlimFirstBundleExec.todo; File:.0
[CALL STACK][2]: Method:WXTextureTools.Application.App.process; File:.0
</stackFrames>
</wxlog>
<wxlog>
  <threadId>#main</threadId>
  <timestamp>23:36:31:4441</timestamp>
  <msgtype>MsgMixture</msgtype>
  <content>string|string|bool
AssetBundleText slim - pngName,RadiantOrbHandle.a705eda1,false</content>
  <stackFrames>
[CALL STACK][0]: Method:WXTextureTools.Application.FirstBundle.FirstBundleHandler.slim; File:.0
[CALL STACK][1]: Method:WXTextureTools.Application.AppCmdExec.WXSlimFirstBundleExec.todo; File:.0
[CALL STACK][2]: Method:WXTextureTools.Application.App.process; File:.0
</stackFrames>
</wxlog>
<wxlog>
  <threadId>#main</threadId>
  <timestamp>23:36:31:4441</timestamp>
  <msgtype>MsgMixture</msgtype>
  <content>string|string|bool
AssetBundleText slim - pngName,White1px.f8d314fe,false</content>
  <stackFrames>
[CALL STACK][0]: Method:WXTextureTools.Application.FirstBundle.FirstBundleHandler.slim; File:.0
[CALL STACK][1]: Method:WXTextureTools.Application.AppCmdExec.WXSlimFirstBundleExec.todo; File:.0
[CALL STACK][2]: Method:WXTextureTools.Application.App.process; File:.0
</stackFrames>
</wxlog>
<wxlog>
  <threadId>#main</threadId>
  <timestamp>23:36:31:4441</timestamp>
  <msgtype>MsgMixture</msgtype>
  <content>string|string
AssetBundleText slim - 1,White1px</content>
  <stackFrames>
[CALL STACK][0]: Method:WXTextureTools.Application.FirstBundle.FirstBundleHandler.slim; File:.0
[CALL STACK][1]: Method:WXTextureTools.Application.AppCmdExec.WXSlimFirstBundleExec.todo; File:.0
[CALL STACK][2]: Method:WXTextureTools.Application.App.process; File:.0
</stackFrames>
</wxlog>
<wxlog>
  <threadId>#main</threadId>
  <timestamp>23:36:31:4451</timestamp>
  <msgtype>MsgMixture</msgtype>
  <content>string|string|bool
AssetBundleText slim - pngName,XboxOne_X.a63dccaa,false</content>
  <stackFrames>
[CALL STACK][0]: Method:WXTextureTools.Application.FirstBundle.FirstBundleHandler.slim; File:.0
[CALL STACK][1]: Method:WXTextureTools.Application.AppCmdExec.WXSlimFirstBundleExec.todo; File:.0
[CALL STACK][2]: Method:WXTextureTools.Application.App.process; File:.0
</stackFrames>
</wxlog>
<wxlog>
  <threadId>#main</threadId>
  <timestamp>23:36:31:4451</timestamp>
  <msgtype>MsgMixture</msgtype>
  <content>string|string|bool
AssetBundleText slim - pngName,25.8e334ef8,false</content>
  <stackFrames>
[CALL STACK][0]: Method:WXTextureTools.Application.FirstBundle.FirstBundleHandler.slim; File:.0
[CALL STACK][1]: Method:WXTextureTools.Application.AppCmdExec.WXSlimFirstBundleExec.todo; File:.0
[CALL STACK][2]: Method:WXTextureTools.Application.App.process; File:.0
</stackFrames>
</wxlog>
<wxlog>
  <threadId>#main</threadId>
  <timestamp>23:36:31:4461</timestamp>
  <msgtype>MsgMixture</msgtype>
  <content>string|string|bool
AssetBundleText slim - pngName,4.5a0b0bfd,false</content>
  <stackFrames>
[CALL STACK][0]: Method:WXTextureTools.Application.FirstBundle.FirstBundleHandler.slim; File:.0
[CALL STACK][1]: Method:WXTextureTools.Application.AppCmdExec.WXSlimFirstBundleExec.todo; File:.0
[CALL STACK][2]: Method:WXTextureTools.Application.App.process; File:.0
</stackFrames>
</wxlog>
<wxlog>
  <threadId>#main</threadId>
  <timestamp>23:36:31:4461</timestamp>
  <msgtype>MsgMixture</msgtype>
  <content>string|string|bool
AssetBundleText slim - pngName,Keyboard_Black_Esc.00d842a4,false</content>
  <stackFrames>
[CALL STACK][0]: Method:WXTextureTools.Application.FirstBundle.FirstBundleHandler.slim; File:.0
[CALL STACK][1]: Method:WXTextureTools.Application.AppCmdExec.WXSlimFirstBundleExec.todo; File:.0
[CALL STACK][2]: Method:WXTextureTools.Application.App.process; File:.0
</stackFrames>
</wxlog>
<wxlog>
  <threadId>#main</threadId>
  <timestamp>23:36:31:4461</timestamp>
  <msgtype>MsgMixture</msgtype>
  <content>string|string|bool
AssetBundleText slim - pngName,Blank.8f00b204,false</content>
  <stackFrames>
[CALL STACK][0]: Method:WXTextureTools.Application.FirstBundle.FirstBundleHandler.slim; File:.0
[CALL STACK][1]: Method:WXTextureTools.Application.AppCmdExec.WXSlimFirstBundleExec.todo; File:.0
[CALL STACK][2]: Method:WXTextureTools.Application.App.process; File:.0
</stackFrames>
</wxlog>
<wxlog>
  <threadId>#main</threadId>
  <timestamp>23:36:31:4491</timestamp>
  <msgtype>MsgMixture</msgtype>
  <content>string|string|bool
AssetBundleText slim - pngName,RadiantOrbBG.085b258b,false</content>
  <stackFrames>
[CALL STACK][0]: Method:WXTextureTools.Application.FirstBundle.FirstBundleHandler.slim; File:.0
[CALL STACK][1]: Method:WXTextureTools.Application.AppCmdExec.WXSlimFirstBundleExec.todo; File:.0
[CALL STACK][2]: Method:WXTextureTools.Application.App.process; File:.0
</stackFrames>
</wxlog>
<wxlog>
  <threadId>#main</threadId>
  <timestamp>23:36:31:4496</timestamp>
  <msgtype>MsgMixture</msgtype>
  <content>string|string|bool
AssetBundleText slim - pngName,Data Active.54ddc1c5,false</content>
  <stackFrames>
[CALL STACK][0]: Method:WXTextureTools.Application.FirstBundle.FirstBundleHandler.slim; File:.0
[CALL STACK][1]: Method:WXTextureTools.Application.AppCmdExec.WXSlimFirstBundleExec.todo; File:.0
[CALL STACK][2]: Method:WXTextureTools.Application.App.process; File:.0
</stackFrames>
</wxlog>
<wxlog>
  <threadId>#main</threadId>
  <timestamp>23:36:31:4496</timestamp>
  <msgtype>MsgMixture</msgtype>
  <content>string|string|bool
AssetBundleText slim - pngName,18.069cc0d9,false</content>
  <stackFrames>
[CALL STACK][0]: Method:WXTextureTools.Application.FirstBundle.FirstBundleHandler.slim; File:.0
[CALL STACK][1]: Method:WXTextureTools.Application.AppCmdExec.WXSlimFirstBundleExec.todo; File:.0
[CALL STACK][2]: Method:WXTextureTools.Application.App.process; File:.0
</stackFrames>
</wxlog>
<wxlog>
  <threadId>#main</threadId>
  <timestamp>23:36:31:4501</timestamp>
  <msgtype>MsgMixture</msgtype>
  <content>string|string|bool
AssetBundleText slim - pngName,PlaceholderBG4.8f00b204,false</content>
  <stackFrames>
[CALL STACK][0]: Method:WXTextureTools.Application.FirstBundle.FirstBundleHandler.slim; File:.0
[CALL STACK][1]: Method:WXTextureTools.Application.AppCmdExec.WXSlimFirstBundleExec.todo; File:.0
[CALL STACK][2]: Method:WXTextureTools.Application.App.process; File:.0
</stackFrames>
</wxlog>
<wxlog>
  <threadId>#main</threadId>
  <timestamp>23:36:31:4501</timestamp>
  <msgtype>MsgMixture</msgtype>
  <content>string|string|bool
AssetBundleText slim - pngName,HorizontalShadow.8475e32b,false</content>
  <stackFrames>
[CALL STACK][0]: Method:WXTextureTools.Application.FirstBundle.FirstBundleHandler.slim; File:.0
[CALL STACK][1]: Method:WXTextureTools.Application.AppCmdExec.WXSlimFirstBundleExec.todo; File:.0
[CALL STACK][2]: Method:WXTextureTools.Application.App.process; File:.0
</stackFrames>
</wxlog>
<wxlog>
  <threadId>#main</threadId>
  <timestamp>23:36:31:4511</timestamp>
  <msgtype>MsgMixture</msgtype>
  <content>string|string|bool
AssetBundleText slim - pngName,Core Header.f930e4c9,false</content>
  <stackFrames>
[CALL STACK][0]: Method:WXTextureTools.Application.FirstBundle.FirstBundleHandler.slim; File:.0
[CALL STACK][1]: Method:WXTextureTools.Application.AppCmdExec.WXSlimFirstBundleExec.todo; File:.0
[CALL STACK][2]: Method:WXTextureTools.Application.App.process; File:.0
</stackFrames>
</wxlog>
<wxlog>
  <threadId>#main</threadId>
  <timestamp>23:36:31:4511</timestamp>
  <msgtype>MsgMixture</msgtype>
  <content>string|string|bool
AssetBundleText slim - pngName,XboxOne_Dpad_Down.4d240565,false</content>
  <stackFrames>
[CALL STACK][0]: Method:WXTextureTools.Application.FirstBundle.FirstBundleHandler.slim; File:.0
[CALL STACK][1]: Method:WXTextureTools.Application.AppCmdExec.WXSlimFirstBundleExec.todo; File:.0
[CALL STACK][2]: Method:WXTextureTools.Application.App.process; File:.0
</stackFrames>
</wxlog>
<wxlog>
  <threadId>#main</threadId>
  <timestamp>23:36:31:4516</timestamp>
  <msgtype>MsgMixture</msgtype>
  <content>string|string|bool
AssetBundleText slim - pngName,Keyboard_Black_Arrow_Up.a06f1c38,false</content>
  <stackFrames>
[CALL STACK][0]: Method:WXTextureTools.Application.FirstBundle.FirstBundleHandler.slim; File:.0
[CALL STACK][1]: Method:WXTextureTools.Application.AppCmdExec.WXSlimFirstBundleExec.todo; File:.0
[CALL STACK][2]: Method:WXTextureTools.Application.App.process; File:.0
</stackFrames>
</wxlog>
<wxlog>
  <threadId>#main</threadId>
  <timestamp>23:36:31:4516</timestamp>
  <msgtype>MsgMixture</msgtype>
  <content>string|string|bool
AssetBundleText slim - pngName,PlaceholderBG2.8f00b204,false</content>
  <stackFrames>
[CALL STACK][0]: Method:WXTextureTools.Application.FirstBundle.FirstBundleHandler.slim; File:.0
[CALL STACK][1]: Method:WXTextureTools.Application.AppCmdExec.WXSlimFirstBundleExec.todo; File:.0
[CALL STACK][2]: Method:WXTextureTools.Application.App.process; File:.0
</stackFrames>
</wxlog>
<wxlog>
  <threadId>#main</threadId>
  <timestamp>23:36:31:4521</timestamp>
  <msgtype>MsgMixture</msgtype>
  <content>string|string|bool
AssetBundleText slim - pngName,MPM Top Header.1dd2b509,false</content>
  <stackFrames>
[CALL STACK][0]: Method:WXTextureTools.Application.FirstBundle.FirstBundleHandler.slim; File:.0
[CALL STACK][1]: Method:WXTextureTools.Application.AppCmdExec.WXSlimFirstBundleExec.todo; File:.0
[CALL STACK][2]: Method:WXTextureTools.Application.App.process; File:.0
</stackFrames>
</wxlog>
<wxlog>
  <threadId>#main</threadId>
  <timestamp>23:36:31:4526</timestamp>
  <msgtype>MsgMixture</msgtype>
  <content>string|string|bool
AssetBundleText slim - pngName,Options Header.bee355f1,false</content>
  <stackFrames>
[CALL STACK][0]: Method:WXTextureTools.Application.FirstBundle.FirstBundleHandler.slim; File:.0
[CALL STACK][1]: Method:WXTextureTools.Application.AppCmdExec.WXSlimFirstBundleExec.todo; File:.0
[CALL STACK][2]: Method:WXTextureTools.Application.App.process; File:.0
</stackFrames>
</wxlog>
<wxlog>
  <threadId>#main</threadId>
  <timestamp>23:36:31:4526</timestamp>
  <msgtype>MsgMixture</msgtype>
  <content>string|string|bool
AssetBundleText slim - pngName,Keyboard_Black_S.3fc24b96,false</content>
  <stackFrames>
[CALL STACK][0]: Method:WXTextureTools.Application.FirstBundle.FirstBundleHandler.slim; File:.0
[CALL STACK][1]: Method:WXTextureTools.Application.AppCmdExec.WXSlimFirstBundleExec.todo; File:.0
[CALL STACK][2]: Method:WXTextureTools.Application.App.process; File:.0
</stackFrames>
</wxlog>
<wxlog>
  <threadId>#main</threadId>
  <timestamp>23:36:31:4531</timestamp>
  <msgtype>MsgMixture</msgtype>
  <content>string|string|bool
AssetBundleText slim - pngName,Foldout Close.b9faef95,false</content>
  <stackFrames>
[CALL STACK][0]: Method:WXTextureTools.Application.FirstBundle.FirstBundleHandler.slim; File:.0
[CALL STACK][1]: Method:WXTextureTools.Application.AppCmdExec.WXSlimFirstBundleExec.todo; File:.0
[CALL STACK][2]: Method:WXTextureTools.Application.App.process; File:.0
</stackFrames>
</wxlog>
<wxlog>
  <threadId>#main</threadId>
  <timestamp>23:36:31:4531</timestamp>
  <msgtype>MsgMixture</msgtype>
  <content>string|string|bool
AssetBundleText slim - pngName,2.a2f5fad8,false</content>
  <stackFrames>
[CALL STACK][0]: Method:WXTextureTools.Application.FirstBundle.FirstBundleHandler.slim; File:.0
[CALL STACK][1]: Method:WXTextureTools.Application.AppCmdExec.WXSlimFirstBundleExec.todo; File:.0
[CALL STACK][2]: Method:WXTextureTools.Application.App.process; File:.0
</stackFrames>
</wxlog>
<wxlog>
  <threadId>#main</threadId>
  <timestamp>23:36:31:4541</timestamp>
  <msgtype>MsgMixture</msgtype>
  <content>string|string|bool
AssetBundleText slim - pngName,31.66453280,false</content>
  <stackFrames>
[CALL STACK][0]: Method:WXTextureTools.Application.FirstBundle.FirstBundleHandler.slim; File:.0
[CALL STACK][1]: Method:WXTextureTools.Application.AppCmdExec.WXSlimFirstBundleExec.todo; File:.0
[CALL STACK][2]: Method:WXTextureTools.Application.App.process; File:.0
</stackFrames>
</wxlog>
<wxlog>
  <threadId>#main</threadId>
  <timestamp>23:36:31:4541</timestamp>
  <msgtype>MsgMixture</msgtype>
  <content>string|string|bool
AssetBundleText slim - pngName,Keyboard_Black_W.479f1b4f,false</content>
  <stackFrames>
[CALL STACK][0]: Method:WXTextureTools.Application.FirstBundle.FirstBundleHandler.slim; File:.0
[CALL STACK][1]: Method:WXTextureTools.Application.AppCmdExec.WXSlimFirstBundleExec.todo; File:.0
[CALL STACK][2]: Method:WXTextureTools.Application.App.process; File:.0
</stackFrames>
</wxlog>
<wxlog>
  <threadId>#main</threadId>
  <timestamp>23:36:31:4551</timestamp>
  <msgtype>MsgMixture</msgtype>
  <content>string|string|bool
AssetBundleText slim - pngName,19.392cfd55,false</content>
  <stackFrames>
[CALL STACK][0]: Method:WXTextureTools.Application.FirstBundle.FirstBundleHandler.slim; File:.0
[CALL STACK][1]: Method:WXTextureTools.Application.AppCmdExec.WXSlimFirstBundleExec.todo; File:.0
[CALL STACK][2]: Method:WXTextureTools.Application.App.process; File:.0
</stackFrames>
</wxlog>
<wxlog>
  <threadId>#main</threadId>
  <timestamp>23:36:31:4551</timestamp>
  <msgtype>MsgMixture</msgtype>
  <content>string|string|bool
AssetBundleText slim - pngName,L_EN.f4272035,false</content>
  <stackFrames>
[CALL STACK][0]: Method:WXTextureTools.Application.FirstBundle.FirstBundleHandler.slim; File:.0
[CALL STACK][1]: Method:WXTextureTools.Application.AppCmdExec.WXSlimFirstBundleExec.todo; File:.0
[CALL STACK][2]: Method:WXTextureTools.Application.App.process; File:.0
</stackFrames>
</wxlog>
<wxlog>
  <threadId>#main</threadId>
  <timestamp>23:36:31:4551</timestamp>
  <msgtype>MsgMixture</msgtype>
  <content>string|string|bool
AssetBundleText slim - pngName,Data Normal.0c56dcff,false</content>
  <stackFrames>
[CALL STACK][0]: Method:WXTextureTools.Application.FirstBundle.FirstBundleHandler.slim; File:.0
[CALL STACK][1]: Method:WXTextureTools.Application.AppCmdExec.WXSlimFirstBundleExec.todo; File:.0
[CALL STACK][2]: Method:WXTextureTools.Application.App.process; File:.0
</stackFrames>
</wxlog>
<wxlog>
  <threadId>#main</threadId>
  <timestamp>23:36:31:4561</timestamp>
  <msgtype>MsgMixture</msgtype>
  <content>string|string|bool
AssetBundleText slim - pngName,30.92947d7d,false</content>
  <stackFrames>
[CALL STACK][0]: Method:WXTextureTools.Application.FirstBundle.FirstBundleHandler.slim; File:.0
[CALL STACK][1]: Method:WXTextureTools.Application.AppCmdExec.WXSlimFirstBundleExec.todo; File:.0
[CALL STACK][2]: Method:WXTextureTools.Application.App.process; File:.0
</stackFrames>
</wxlog>
<wxlog>
  <threadId>#main</threadId>
  <timestamp>23:36:31:4561</timestamp>
  <msgtype>MsgMixture</msgtype>
  <content>string|string|bool
AssetBundleText slim - pngName,Up.798c196b,false</content>
  <stackFrames>
[CALL STACK][0]: Method:WXTextureTools.Application.FirstBundle.FirstBundleHandler.slim; File:.0
[CALL STACK][1]: Method:WXTextureTools.Application.AppCmdExec.WXSlimFirstBundleExec.todo; File:.0
[CALL STACK][2]: Method:WXTextureTools.Application.App.process; File:.0
</stackFrames>
</wxlog>
<wxlog>
  <threadId>#main</threadId>
  <timestamp>23:36:31:4561</timestamp>
  <msgtype>MsgMixture</msgtype>
  <content>string|string|bool
AssetBundleText slim - pngName,PlaceholderBG3.8f00b204,false</content>
  <stackFrames>
[CALL STACK][0]: Method:WXTextureTools.Application.FirstBundle.FirstBundleHandler.slim; File:.0
[CALL STACK][1]: Method:WXTextureTools.Application.AppCmdExec.WXSlimFirstBundleExec.todo; File:.0
[CALL STACK][2]: Method:WXTextureTools.Application.App.process; File:.0
</stackFrames>
</wxlog>
<wxlog>
  <threadId>#main</threadId>
  <timestamp>23:36:31:4566</timestamp>
  <msgtype>MsgMixture</msgtype>
  <content>string|string|bool
AssetBundleText slim - pngName,Switch Top Header.674baf55,false</content>
  <stackFrames>
[CALL STACK][0]: Method:WXTextureTools.Application.FirstBundle.FirstBundleHandler.slim; File:.0
[CALL STACK][1]: Method:WXTextureTools.Application.AppCmdExec.WXSlimFirstBundleExec.todo; File:.0
[CALL STACK][2]: Method:WXTextureTools.Application.App.process; File:.0
</stackFrames>
</wxlog>
<wxlog>
  <threadId>#main</threadId>
  <timestamp>23:36:31:4576</timestamp>
  <msgtype>MsgMixture</msgtype>
  <content>string|string|bool
AssetBundleText slim - pngName,36.59be407d,false</content>
  <stackFrames>
[CALL STACK][0]: Method:WXTextureTools.Application.FirstBundle.FirstBundleHandler.slim; File:.0
[CALL STACK][1]: Method:WXTextureTools.Application.AppCmdExec.WXSlimFirstBundleExec.todo; File:.0
[CALL STACK][2]: Method:WXTextureTools.Application.App.process; File:.0
</stackFrames>
</wxlog>
<wxlog>
  <threadId>#main</threadId>
  <timestamp>23:36:31:4581</timestamp>
  <msgtype>MsgMixture</msgtype>
  <content>string|string|bool
AssetBundleText slim - pngName,Filter Top Header.309644fa,false</content>
  <stackFrames>
[CALL STACK][0]: Method:WXTextureTools.Application.FirstBundle.FirstBundleHandler.slim; File:.0
[CALL STACK][1]: Method:WXTextureTools.Application.AppCmdExec.WXSlimFirstBundleExec.todo; File:.0
[CALL STACK][2]: Method:WXTextureTools.Application.App.process; File:.0
</stackFrames>
</wxlog>
<wxlog>
  <threadId>#main</threadId>
  <timestamp>23:36:31:4586</timestamp>
  <msgtype>MsgMixture</msgtype>
  <content>string|string|bool
AssetBundleText slim - pngName,Slider Top Header.56dae43e,false</content>
  <stackFrames>
[CALL STACK][0]: Method:WXTextureTools.Application.FirstBundle.FirstBundleHandler.slim; File:.0
[CALL STACK][1]: Method:WXTextureTools.Application.AppCmdExec.WXSlimFirstBundleExec.todo; File:.0
[CALL STACK][2]: Method:WXTextureTools.Application.App.process; File:.0
</stackFrames>
</wxlog>
<wxlog>
  <threadId>#main</threadId>
  <timestamp>23:36:31:4592</timestamp>
  <msgtype>MsgMixture</msgtype>
  <content>string|string|bool
AssetBundleText slim - pngName,Button Top Header.3bfb7edd,false</content>
  <stackFrames>
[CALL STACK][0]: Method:WXTextureTools.Application.FirstBundle.FirstBundleHandler.slim; File:.0
[CALL STACK][1]: Method:WXTextureTools.Application.AppCmdExec.WXSlimFirstBundleExec.todo; File:.0
[CALL STACK][2]: Method:WXTextureTools.Application.App.process; File:.0
</stackFrames>
</wxlog>
<wxlog>
  <threadId>#main</threadId>
  <timestamp>23:36:31:4652</timestamp>
  <msgtype>MsgMixture</msgtype>
  <content>string|string|bool
AssetBundleText slim - pngName,DirectionalShadow.985a3312,false</content>
  <stackFrames>
[CALL STACK][0]: Method:WXTextureTools.Application.FirstBundle.FirstBundleHandler.slim; File:.0
[CALL STACK][1]: Method:WXTextureTools.Application.AppCmdExec.WXSlimFirstBundleExec.todo; File:.0
[CALL STACK][2]: Method:WXTextureTools.Application.App.process; File:.0
</stackFrames>
</wxlog>
<wxlog>
  <threadId>#main</threadId>
  <timestamp>23:36:31:4652</timestamp>
  <msgtype>MsgMixture</msgtype>
  <content>string|string|bool
AssetBundleText slim - pngName,Left.631a795f,false</content>
  <stackFrames>
[CALL STACK][0]: Method:WXTextureTools.Application.FirstBundle.FirstBundleHandler.slim; File:.0
[CALL STACK][1]: Method:WXTextureTools.Application.AppCmdExec.WXSlimFirstBundleExec.todo; File:.0
[CALL STACK][2]: Method:WXTextureTools.Application.App.process; File:.0
</stackFrames>
</wxlog>
<wxlog>
  <threadId>#main</threadId>
  <timestamp>23:36:31:4662</timestamp>
  <msgtype>MsgMixture</msgtype>
  <content>string|string|bool
AssetBundleText slim - pngName,Dropdown Top Header.73504236,false</content>
  <stackFrames>
[CALL STACK][0]: Method:WXTextureTools.Application.FirstBundle.FirstBundleHandler.slim; File:.0
[CALL STACK][1]: Method:WXTextureTools.Application.AppCmdExec.WXSlimFirstBundleExec.todo; File:.0
[CALL STACK][2]: Method:WXTextureTools.Application.App.process; File:.0
</stackFrames>
</wxlog>
<wxlog>
  <threadId>#main</threadId>
  <timestamp>23:36:31:4667</timestamp>
  <msgtype>MsgMixture</msgtype>
  <content>string|string|bool
AssetBundleText slim - pngName,Font Texture.8f00b204,false</content>
  <stackFrames>
[CALL STACK][0]: Method:WXTextureTools.Application.FirstBundle.FirstBundleHandler.slim; File:.0
[CALL STACK][1]: Method:WXTextureTools.Application.AppCmdExec.WXSlimFirstBundleExec.todo; File:.0
[CALL STACK][2]: Method:WXTextureTools.Application.App.process; File:.0
</stackFrames>
</wxlog>
<wxlog>
  <threadId>#main</threadId>
  <timestamp>23:36:31:4672</timestamp>
  <msgtype>MsgMixture</msgtype>
  <content>string|string|bool
AssetBundleText slim - pngName,33.bd8dc311,false</content>
  <stackFrames>
[CALL STACK][0]: Method:WXTextureTools.Application.FirstBundle.FirstBundleHandler.slim; File:.0
[CALL STACK][1]: Method:WXTextureTools.Application.AppCmdExec.WXSlimFirstBundleExec.todo; File:.0
[CALL STACK][2]: Method:WXTextureTools.Application.App.process; File:.0
</stackFrames>
</wxlog>
<wxlog>
  <threadId>#main</threadId>
  <timestamp>23:36:31:4677</timestamp>
  <msgtype>MsgMixture</msgtype>
  <content>string|string|bool
AssetBundleText slim - pngName,24.f218c3ef,false</content>
  <stackFrames>
[CALL STACK][0]: Method:WXTextureTools.Application.FirstBundle.FirstBundleHandler.slim; File:.0
[CALL STACK][1]: Method:WXTextureTools.Application.AppCmdExec.WXSlimFirstBundleExec.todo; File:.0
[CALL STACK][2]: Method:WXTextureTools.Application.App.process; File:.0
</stackFrames>
</wxlog>
<wxlog>
  <threadId>#main</threadId>
  <timestamp>23:36:31:4682</timestamp>
  <msgtype>MsgMixture</msgtype>
  <content>string|string|bool
AssetBundleText slim - pngName,GameLogo.89386802,false</content>
  <stackFrames>
[CALL STACK][0]: Method:WXTextureTools.Application.FirstBundle.FirstBundleHandler.slim; File:.0
[CALL STACK][1]: Method:WXTextureTools.Application.AppCmdExec.WXSlimFirstBundleExec.todo; File:.0
[CALL STACK][2]: Method:WXTextureTools.Application.App.process; File:.0
</stackFrames>
</wxlog>
<wxlog>
  <threadId>#main</threadId>
  <timestamp>23:36:31:4687</timestamp>
  <msgtype>MsgMixture</msgtype>
  <content>string|string|bool
AssetBundleText slim - pngName,15.594946e5,false</content>
  <stackFrames>
[CALL STACK][0]: Method:WXTextureTools.Application.FirstBundle.FirstBundleHandler.slim; File:.0
[CALL STACK][1]: Method:WXTextureTools.Application.AppCmdExec.WXSlimFirstBundleExec.todo; File:.0
[CALL STACK][2]: Method:WXTextureTools.Application.App.process; File:.0
</stackFrames>
</wxlog>
<wxlog>
  <threadId>#main</threadId>
  <timestamp>23:36:31:4692</timestamp>
  <msgtype>MsgMixture</msgtype>
  <content>string|string|bool
AssetBundleText slim - pngName,39.c761eb63,false</content>
  <stackFrames>
[CALL STACK][0]: Method:WXTextureTools.Application.FirstBundle.FirstBundleHandler.slim; File:.0
[CALL STACK][1]: Method:WXTextureTools.Application.AppCmdExec.WXSlimFirstBundleExec.todo; File:.0
[CALL STACK][2]: Method:WXTextureTools.Application.App.process; File:.0
</stackFrames>
</wxlog>
<wxlog>
  <threadId>#main</threadId>
  <timestamp>23:36:31:4692</timestamp>
  <msgtype>MsgMixture</msgtype>
  <content>string|string|bool
AssetBundleText slim - pngName,UIM Header.0c73638a,false</content>
  <stackFrames>
[CALL STACK][0]: Method:WXTextureTools.Application.FirstBundle.FirstBundleHandler.slim; File:.0
[CALL STACK][1]: Method:WXTextureTools.Application.AppCmdExec.WXSlimFirstBundleExec.todo; File:.0
[CALL STACK][2]: Method:WXTextureTools.Application.App.process; File:.0
</stackFrames>
</wxlog>
<wxlog>
  <threadId>#main</threadId>
  <timestamp>23:36:31:4697</timestamp>
  <msgtype>MsgMixture</msgtype>
  <content>string|string|bool
AssetBundleText slim - pngName,17.2784160a,false</content>
  <stackFrames>
[CALL STACK][0]: Method:WXTextureTools.Application.FirstBundle.FirstBundleHandler.slim; File:.0
[CALL STACK][1]: Method:WXTextureTools.Application.AppCmdExec.WXSlimFirstBundleExec.todo; File:.0
[CALL STACK][2]: Method:WXTextureTools.Application.App.process; File:.0
</stackFrames>
</wxlog>
<wxlog>
  <threadId>#main</threadId>
  <timestamp>23:36:31:4702</timestamp>
  <msgtype>MsgMixture</msgtype>
  <content>string|string|bool
AssetBundleText slim - pngName,Radial Outline - Stroke 8px (x256).4fd4de1d,false</content>
  <stackFrames>
[CALL STACK][0]: Method:WXTextureTools.Application.FirstBundle.FirstBundleHandler.slim; File:.0
[CALL STACK][1]: Method:WXTextureTools.Application.AppCmdExec.WXSlimFirstBundleExec.todo; File:.0
[CALL STACK][2]: Method:WXTextureTools.Application.App.process; File:.0
</stackFrames>
</wxlog>
<wxlog>
  <threadId>#main</threadId>
  <timestamp>23:36:31:4712</timestamp>
  <msgtype>MsgMixture</msgtype>
  <content>string|string|bool
AssetBundleText slim - pngName,HS Top Header.f04f4cc9,false</content>
  <stackFrames>
[CALL STACK][0]: Method:WXTextureTools.Application.FirstBundle.FirstBundleHandler.slim; File:.0
[CALL STACK][1]: Method:WXTextureTools.Application.AppCmdExec.WXSlimFirstBundleExec.todo; File:.0
[CALL STACK][2]: Method:WXTextureTools.Application.App.process; File:.0
</stackFrames>
</wxlog>
<wxlog>
  <threadId>#main</threadId>
  <timestamp>23:36:31:4717</timestamp>
  <msgtype>MsgMixture</msgtype>
  <content>string|string|bool
AssetBundleText slim - pngName,Indicator Item Filled.42c01f80,false</content>
  <stackFrames>
[CALL STACK][0]: Method:WXTextureTools.Application.FirstBundle.FirstBundleHandler.slim; File:.0
[CALL STACK][1]: Method:WXTextureTools.Application.AppCmdExec.WXSlimFirstBundleExec.todo; File:.0
[CALL STACK][2]: Method:WXTextureTools.Application.App.process; File:.0
</stackFrames>
</wxlog>
<wxlog>
  <threadId>#main</threadId>
  <timestamp>23:36:31:4717</timestamp>
  <msgtype>MsgMixture</msgtype>
  <content>string|string|bool
AssetBundleText slim - pngName,Keyboard_Black_Shift.fceea8a0,false</content>
  <stackFrames>
[CALL STACK][0]: Method:WXTextureTools.Application.FirstBundle.FirstBundleHandler.slim; File:.0
[CALL STACK][1]: Method:WXTextureTools.Application.AppCmdExec.WXSlimFirstBundleExec.todo; File:.0
[CALL STACK][2]: Method:WXTextureTools.Application.App.process; File:.0
</stackFrames>
</wxlog>
<wxlog>
  <threadId>#main</threadId>
  <timestamp>23:36:31:4722</timestamp>
  <msgtype>MsgMixture</msgtype>
  <content>string|string|bool
AssetBundleText slim - pngName,29.210a7975,false</content>
  <stackFrames>
[CALL STACK][0]: Method:WXTextureTools.Application.FirstBundle.FirstBundleHandler.slim; File:.0
[CALL STACK][1]: Method:WXTextureTools.Application.AppCmdExec.WXSlimFirstBundleExec.todo; File:.0
[CALL STACK][2]: Method:WXTextureTools.Application.App.process; File:.0
</stackFrames>
</wxlog>
<wxlog>
  <threadId>#main</threadId>
  <timestamp>23:36:31:4727</timestamp>
  <msgtype>MsgMixture</msgtype>
  <content>string|string|bool
AssetBundleText slim - pngName,PlaceholderBG5.8f00b204,false</content>
  <stackFrames>
[CALL STACK][0]: Method:WXTextureTools.Application.FirstBundle.FirstBundleHandler.slim; File:.0
[CALL STACK][1]: Method:WXTextureTools.Application.AppCmdExec.WXSlimFirstBundleExec.todo; File:.0
[CALL STACK][2]: Method:WXTextureTools.Application.App.process; File:.0
</stackFrames>
</wxlog>
<wxlog>
  <threadId>#main</threadId>
  <timestamp>23:36:31:4727</timestamp>
  <msgtype>MsgMixture</msgtype>
  <content>string|string|bool
AssetBundleText slim - pngName,Keyboard_Black_Arrow_Right.4843412e,false</content>
  <stackFrames>
[CALL STACK][0]: Method:WXTextureTools.Application.FirstBundle.FirstBundleHandler.slim; File:.0
[CALL STACK][1]: Method:WXTextureTools.Application.AppCmdExec.WXSlimFirstBundleExec.todo; File:.0
[CALL STACK][2]: Method:WXTextureTools.Application.App.process; File:.0
</stackFrames>
</wxlog>
<wxlog>
  <threadId>#main</threadId>
  <timestamp>23:36:31:4732</timestamp>
  <msgtype>MsgMixture</msgtype>
  <content>string|string|bool
AssetBundleText slim - pngName,35.5c973777,false</content>
  <stackFrames>
[CALL STACK][0]: Method:WXTextureTools.Application.FirstBundle.FirstBundleHandler.slim; File:.0
[CALL STACK][1]: Method:WXTextureTools.Application.AppCmdExec.WXSlimFirstBundleExec.todo; File:.0
[CALL STACK][2]: Method:WXTextureTools.Application.App.process; File:.0
</stackFrames>
</wxlog>
<wxlog>
  <threadId>#main</threadId>
  <timestamp>23:36:31:4737</timestamp>
  <msgtype>MsgMixture</msgtype>
  <content>string|string|bool
AssetBundleText slim - pngName,Events Header.34b4ad60,false</content>
  <stackFrames>
[CALL STACK][0]: Method:WXTextureTools.Application.FirstBundle.FirstBundleHandler.slim; File:.0
[CALL STACK][1]: Method:WXTextureTools.Application.AppCmdExec.WXSlimFirstBundleExec.todo; File:.0
[CALL STACK][2]: Method:WXTextureTools.Application.App.process; File:.0
</stackFrames>
</wxlog>
<wxlog>
  <threadId>#main</threadId>
  <timestamp>23:36:31:4737</timestamp>
  <msgtype>MsgMixture</msgtype>
  <content>string|string|bool
AssetBundleText slim - pngName,Font Texture.8f00b204,false</content>
  <stackFrames>
[CALL STACK][0]: Method:WXTextureTools.Application.FirstBundle.FirstBundleHandler.slim; File:.0
[CALL STACK][1]: Method:WXTextureTools.Application.AppCmdExec.WXSlimFirstBundleExec.todo; File:.0
[CALL STACK][2]: Method:WXTextureTools.Application.App.process; File:.0
</stackFrames>
</wxlog>
<wxlog>
  <threadId>#main</threadId>
  <timestamp>23:36:31:4737</timestamp>
  <msgtype>MsgMixture</msgtype>
  <content>string|string|bool
AssetBundleText slim - pngName,TE Top Header.2ac12283,false</content>
  <stackFrames>
[CALL STACK][0]: Method:WXTextureTools.Application.FirstBundle.FirstBundleHandler.slim; File:.0
[CALL STACK][1]: Method:WXTextureTools.Application.AppCmdExec.WXSlimFirstBundleExec.todo; File:.0
[CALL STACK][2]: Method:WXTextureTools.Application.App.process; File:.0
</stackFrames>
</wxlog>
<wxlog>
  <threadId>#main</threadId>
  <timestamp>23:36:31:4737</timestamp>
  <msgtype>MsgMixture</msgtype>
  <content>string|string|bool
AssetBundleText slim - pngName,40.00efc663,false</content>
  <stackFrames>
[CALL STACK][0]: Method:WXTextureTools.Application.FirstBundle.FirstBundleHandler.slim; File:.0
[CALL STACK][1]: Method:WXTextureTools.Application.AppCmdExec.WXSlimFirstBundleExec.todo; File:.0
[CALL STACK][2]: Method:WXTextureTools.Application.App.process; File:.0
</stackFrames>
</wxlog>
<wxlog>
  <threadId>#main</threadId>
  <timestamp>23:36:31:4752</timestamp>
  <msgtype>MsgMixture</msgtype>
  <content>string|string|bool
AssetBundleText slim - pngName,MW Top Header.ea3a1e50,false</content>
  <stackFrames>
[CALL STACK][0]: Method:WXTextureTools.Application.FirstBundle.FirstBundleHandler.slim; File:.0
[CALL STACK][1]: Method:WXTextureTools.Application.AppCmdExec.WXSlimFirstBundleExec.todo; File:.0
[CALL STACK][2]: Method:WXTextureTools.Application.App.process; File:.0
</stackFrames>
</wxlog>
<wxlog>
  <threadId>#main</threadId>
  <timestamp>23:36:31:4752</timestamp>
  <msgtype>MsgMixture</msgtype>
  <content>string|string|bool
AssetBundleText slim - pngName,UIFoldoutClosed.89295238,false</content>
  <stackFrames>
[CALL STACK][0]: Method:WXTextureTools.Application.FirstBundle.FirstBundleHandler.slim; File:.0
[CALL STACK][1]: Method:WXTextureTools.Application.AppCmdExec.WXSlimFirstBundleExec.todo; File:.0
[CALL STACK][2]: Method:WXTextureTools.Application.App.process; File:.0
</stackFrames>
</wxlog>
<wxlog>
  <threadId>#main</threadId>
  <timestamp>23:36:31:4752</timestamp>
  <msgtype>MsgMixture</msgtype>
  <content>string|string
AssetBundleText slim - 1,UIFoldoutClosed</content>
  <stackFrames>
[CALL STACK][0]: Method:WXTextureTools.Application.FirstBundle.FirstBundleHandler.slim; File:.0
[CALL STACK][1]: Method:WXTextureTools.Application.AppCmdExec.WXSlimFirstBundleExec.todo; File:.0
[CALL STACK][2]: Method:WXTextureTools.Application.App.process; File:.0
</stackFrames>
</wxlog>
<wxlog>
  <threadId>#main</threadId>
  <timestamp>23:36:31:4752</timestamp>
  <msgtype>MsgMixture</msgtype>
  <content>string|string|bool
AssetBundleText slim - pngName,6.38273f26,false</content>
  <stackFrames>
[CALL STACK][0]: Method:WXTextureTools.Application.FirstBundle.FirstBundleHandler.slim; File:.0
[CALL STACK][1]: Method:WXTextureTools.Application.AppCmdExec.WXSlimFirstBundleExec.todo; File:.0
[CALL STACK][2]: Method:WXTextureTools.Application.App.process; File:.0
</stackFrames>
</wxlog>
<wxlog>
  <threadId>#main</threadId>
  <timestamp>23:36:31:4762</timestamp>
  <msgtype>MsgMixture</msgtype>
  <content>string|string|bool
AssetBundleText slim - pngName,DE Top Header.5690a692,false</content>
  <stackFrames>
[CALL STACK][0]: Method:WXTextureTools.Application.FirstBundle.FirstBundleHandler.slim; File:.0
[CALL STACK][1]: Method:WXTextureTools.Application.AppCmdExec.WXSlimFirstBundleExec.todo; File:.0
[CALL STACK][2]: Method:WXTextureTools.Application.App.process; File:.0
</stackFrames>
</wxlog>
<wxlog>
  <threadId>#main</threadId>
  <timestamp>23:36:31:4767</timestamp>
  <msgtype>MsgMixture</msgtype>
  <content>string|string|bool
AssetBundleText slim - pngName,Down.ea935c64,false</content>
  <stackFrames>
[CALL STACK][0]: Method:WXTextureTools.Application.FirstBundle.FirstBundleHandler.slim; File:.0
[CALL STACK][1]: Method:WXTextureTools.Application.AppCmdExec.WXSlimFirstBundleExec.todo; File:.0
[CALL STACK][2]: Method:WXTextureTools.Application.App.process; File:.0
</stackFrames>
</wxlog>
<wxlog>
  <threadId>#main</threadId>
  <timestamp>23:36:31:4767</timestamp>
  <msgtype>MsgMixture</msgtype>
  <content>string|string|bool
AssetBundleText slim - pngName,Font Texture.8f00b204,false</content>
  <stackFrames>
[CALL STACK][0]: Method:WXTextureTools.Application.FirstBundle.FirstBundleHandler.slim; File:.0
[CALL STACK][1]: Method:WXTextureTools.Application.AppCmdExec.WXSlimFirstBundleExec.todo; File:.0
[CALL STACK][2]: Method:WXTextureTools.Application.App.process; File:.0
</stackFrames>
</wxlog>
<wxlog>
  <threadId>#main</threadId>
  <timestamp>23:36:31:4767</timestamp>
  <msgtype>MsgMixture</msgtype>
  <content>string|string|bool
AssetBundleText slim - pngName,Resources Active.40390400,false</content>
  <stackFrames>
[CALL STACK][0]: Method:WXTextureTools.Application.FirstBundle.FirstBundleHandler.slim; File:.0
[CALL STACK][1]: Method:WXTextureTools.Application.AppCmdExec.WXSlimFirstBundleExec.todo; File:.0
[CALL STACK][2]: Method:WXTextureTools.Application.App.process; File:.0
</stackFrames>
</wxlog>
<wxlog>
  <threadId>#main</threadId>
  <timestamp>23:36:31:4772</timestamp>
  <msgtype>MsgMixture</msgtype>
  <content>string|string|bool
AssetBundleText slim - pngName,9.20b90450,false</content>
  <stackFrames>
[CALL STACK][0]: Method:WXTextureTools.Application.FirstBundle.FirstBundleHandler.slim; File:.0
[CALL STACK][1]: Method:WXTextureTools.Application.AppCmdExec.WXSlimFirstBundleExec.todo; File:.0
[CALL STACK][2]: Method:WXTextureTools.Application.App.process; File:.0
</stackFrames>
</wxlog>
<wxlog>
  <threadId>#main</threadId>
  <timestamp>23:36:31:4777</timestamp>
  <msgtype>MsgMixture</msgtype>
  <content>string|string|bool
AssetBundleText slim - pngName,PKE Top Header.9215743e,false</content>
  <stackFrames>
[CALL STACK][0]: Method:WXTextureTools.Application.FirstBundle.FirstBundleHandler.slim; File:.0
[CALL STACK][1]: Method:WXTextureTools.Application.AppCmdExec.WXSlimFirstBundleExec.todo; File:.0
[CALL STACK][2]: Method:WXTextureTools.Application.App.process; File:.0
</stackFrames>
</wxlog>
<wxlog>
  <threadId>#main</threadId>
  <timestamp>23:36:31:4782</timestamp>
  <msgtype>MsgMixture</msgtype>
  <content>string|string|bool
AssetBundleText slim - pngName,L_ES.a847d94d,false</content>
  <stackFrames>
[CALL STACK][0]: Method:WXTextureTools.Application.FirstBundle.FirstBundleHandler.slim; File:.0
[CALL STACK][1]: Method:WXTextureTools.Application.AppCmdExec.WXSlimFirstBundleExec.todo; File:.0
[CALL STACK][2]: Method:WXTextureTools.Application.App.process; File:.0
</stackFrames>
</wxlog>
<wxlog>
  <threadId>#main</threadId>
  <timestamp>23:36:31:5033</timestamp>
  <msgtype>MsgMixture</msgtype>
  <content>string|string|bool
AssetBundleText slim - pngName,Transition.9eb2a124,false</content>
  <stackFrames>
[CALL STACK][0]: Method:WXTextureTools.Application.FirstBundle.FirstBundleHandler.slim; File:.0
[CALL STACK][1]: Method:WXTextureTools.Application.AppCmdExec.WXSlimFirstBundleExec.todo; File:.0
[CALL STACK][2]: Method:WXTextureTools.Application.App.process; File:.0
</stackFrames>
</wxlog>
<wxlog>
  <threadId>#main</threadId>
  <timestamp>23:36:31:5038</timestamp>
  <msgtype>MsgMixture</msgtype>
  <content>string|string|bool
AssetBundleText slim - pngName,UIS Top Header.373feec5,false</content>
  <stackFrames>
[CALL STACK][0]: Method:WXTextureTools.Application.FirstBundle.FirstBundleHandler.slim; File:.0
[CALL STACK][1]: Method:WXTextureTools.Application.AppCmdExec.WXSlimFirstBundleExec.todo; File:.0
[CALL STACK][2]: Method:WXTextureTools.Application.App.process; File:.0
</stackFrames>
</wxlog>
<wxlog>
  <threadId>#main</threadId>
  <timestamp>23:36:31:5038</timestamp>
  <msgtype>MsgMixture</msgtype>
  <content>string|string|bool
AssetBundleText slim - pngName,Foldout Open.0ffa893c,false</content>
  <stackFrames>
[CALL STACK][0]: Method:WXTextureTools.Application.FirstBundle.FirstBundleHandler.slim; File:.0
[CALL STACK][1]: Method:WXTextureTools.Application.AppCmdExec.WXSlimFirstBundleExec.todo; File:.0
[CALL STACK][2]: Method:WXTextureTools.Application.App.process; File:.0
</stackFrames>
</wxlog>
<wxlog>
  <threadId>#main</threadId>
  <timestamp>23:36:31:5038</timestamp>
  <msgtype>MsgMixture</msgtype>
  <content>string|string|bool
AssetBundleText slim - pngName,Customization Header.3f61d0ab,false</content>
  <stackFrames>
[CALL STACK][0]: Method:WXTextureTools.Application.FirstBundle.FirstBundleHandler.slim; File:.0
[CALL STACK][1]: Method:WXTextureTools.Application.AppCmdExec.WXSlimFirstBundleExec.todo; File:.0
[CALL STACK][2]: Method:WXTextureTools.Application.App.process; File:.0
</stackFrames>
</wxlog>
<wxlog>
  <threadId>#main</threadId>
  <timestamp>23:36:31:5048</timestamp>
  <msgtype>MsgMixture</msgtype>
  <content>string|string|bool
AssetBundleText slim - pngName,L_EN.571f8019,false</content>
  <stackFrames>
[CALL STACK][0]: Method:WXTextureTools.Application.FirstBundle.FirstBundleHandler.slim; File:.0
[CALL STACK][1]: Method:WXTextureTools.Application.AppCmdExec.WXSlimFirstBundleExec.todo; File:.0
[CALL STACK][2]: Method:WXTextureTools.Application.App.process; File:.0
</stackFrames>
</wxlog>
<wxlog>
  <threadId>#main</threadId>
  <timestamp>23:36:31:5048</timestamp>
  <msgtype>MsgMixture</msgtype>
  <content>string|string|bool
AssetBundleText slim - pngName,Hexagon.3563c061,false</content>
  <stackFrames>
[CALL STACK][0]: Method:WXTextureTools.Application.FirstBundle.FirstBundleHandler.slim; File:.0
[CALL STACK][1]: Method:WXTextureTools.Application.AppCmdExec.WXSlimFirstBundleExec.todo; File:.0
[CALL STACK][2]: Method:WXTextureTools.Application.App.process; File:.0
</stackFrames>
</wxlog>
<wxlog>
  <threadId>#main</threadId>
  <timestamp>23:36:31:5058</timestamp>
  <msgtype>MsgMixture</msgtype>
  <content>string|string|bool
AssetBundleText slim - pngName,20.1054a97e,false</content>
  <stackFrames>
[CALL STACK][0]: Method:WXTextureTools.Application.FirstBundle.FirstBundleHandler.slim; File:.0
[CALL STACK][1]: Method:WXTextureTools.Application.AppCmdExec.WXSlimFirstBundleExec.todo; File:.0
[CALL STACK][2]: Method:WXTextureTools.Application.App.process; File:.0
</stackFrames>
</wxlog>
<wxlog>
  <threadId>#main</threadId>
  <timestamp>23:36:31:5058</timestamp>
  <msgtype>MsgMixture</msgtype>
  <content>string|string|bool
AssetBundleText slim - pngName,HexagonGridOverlay.8f00b204,false</content>
  <stackFrames>
[CALL STACK][0]: Method:WXTextureTools.Application.FirstBundle.FirstBundleHandler.slim; File:.0
[CALL STACK][1]: Method:WXTextureTools.Application.AppCmdExec.WXSlimFirstBundleExec.todo; File:.0
[CALL STACK][2]: Method:WXTextureTools.Application.App.process; File:.0
</stackFrames>
</wxlog>
<wxlog>
  <threadId>#main</threadId>
  <timestamp>23:36:31:5063</timestamp>
  <msgtype>MsgMixture</msgtype>
  <content>string|string|bool
AssetBundleText slim - pngName,3.917e62e6,false</content>
  <stackFrames>
[CALL STACK][0]: Method:WXTextureTools.Application.FirstBundle.FirstBundleHandler.slim; File:.0
[CALL STACK][1]: Method:WXTextureTools.Application.AppCmdExec.WXSlimFirstBundleExec.todo; File:.0
[CALL STACK][2]: Method:WXTextureTools.Application.App.process; File:.0
</stackFrames>
</wxlog>
<wxlog>
  <threadId>#main</threadId>
  <timestamp>23:36:31:5068</timestamp>
  <msgtype>MsgMixture</msgtype>
  <content>string|string|bool
AssetBundleText slim - pngName,34.bad3cece,false</content>
  <stackFrames>
[CALL STACK][0]: Method:WXTextureTools.Application.FirstBundle.FirstBundleHandler.slim; File:.0
[CALL STACK][1]: Method:WXTextureTools.Application.AppCmdExec.WXSlimFirstBundleExec.todo; File:.0
[CALL STACK][2]: Method:WXTextureTools.Application.App.process; File:.0
</stackFrames>
</wxlog>
<wxlog>
  <threadId>#main</threadId>
  <timestamp>23:36:31:5073</timestamp>
  <msgtype>MsgMixture</msgtype>
  <content>string|string|bool
AssetBundleText slim - pngName,XboxOne_Dpad_Up.63b44ea0,false</content>
  <stackFrames>
[CALL STACK][0]: Method:WXTextureTools.Application.FirstBundle.FirstBundleHandler.slim; File:.0
[CALL STACK][1]: Method:WXTextureTools.Application.AppCmdExec.WXSlimFirstBundleExec.todo; File:.0
[CALL STACK][2]: Method:WXTextureTools.Application.App.process; File:.0
</stackFrames>
</wxlog>
<wxlog>
  <threadId>#main</threadId>
  <timestamp>23:36:31:5073</timestamp>
  <msgtype>MsgMixture</msgtype>
  <content>string|string|bool
AssetBundleText slim - pngName,UIFoldoutOpened.84255435,false</content>
  <stackFrames>
[CALL STACK][0]: Method:WXTextureTools.Application.FirstBundle.FirstBundleHandler.slim; File:.0
[CALL STACK][1]: Method:WXTextureTools.Application.AppCmdExec.WXSlimFirstBundleExec.todo; File:.0
[CALL STACK][2]: Method:WXTextureTools.Application.App.process; File:.0
</stackFrames>
</wxlog>
<wxlog>
  <threadId>#main</threadId>
  <timestamp>23:36:31:5073</timestamp>
  <msgtype>MsgMixture</msgtype>
  <content>string|string
AssetBundleText slim - 1,UIFoldoutOpened</content>
  <stackFrames>
[CALL STACK][0]: Method:WXTextureTools.Application.FirstBundle.FirstBundleHandler.slim; File:.0
[CALL STACK][1]: Method:WXTextureTools.Application.AppCmdExec.WXSlimFirstBundleExec.todo; File:.0
[CALL STACK][2]: Method:WXTextureTools.Application.App.process; File:.0
</stackFrames>
</wxlog>
<wxlog>
  <threadId>#main</threadId>
  <timestamp>23:36:31:5073</timestamp>
  <msgtype>MsgMixture</msgtype>
  <content>string|string|bool
AssetBundleText slim - pngName,Radial Filled - x64.9ee0bb69,false</content>
  <stackFrames>
[CALL STACK][0]: Method:WXTextureTools.Application.FirstBundle.FirstBundleHandler.slim; File:.0
[CALL STACK][1]: Method:WXTextureTools.Application.AppCmdExec.WXSlimFirstBundleExec.todo; File:.0
[CALL STACK][2]: Method:WXTextureTools.Application.App.process; File:.0
</stackFrames>
</wxlog>
<wxlog>
  <threadId>#main</threadId>
  <timestamp>23:36:31:5078</timestamp>
  <msgtype>MsgMixture</msgtype>
  <content>string|string|bool
AssetBundleText slim - pngName,QM Top Header.a386bab2,false</content>
  <stackFrames>
[CALL STACK][0]: Method:WXTextureTools.Application.FirstBundle.FirstBundleHandler.slim; File:.0
[CALL STACK][1]: Method:WXTextureTools.Application.AppCmdExec.WXSlimFirstBundleExec.todo; File:.0
[CALL STACK][2]: Method:WXTextureTools.Application.App.process; File:.0
</stackFrames>
</wxlog>
<wxlog>
  <threadId>#main</threadId>
  <timestamp>23:36:31:5083</timestamp>
  <msgtype>MsgMixture</msgtype>
  <content>string|string|bool
AssetBundleText slim - pngName,XboxOne_Dpad_Left.79d5f0fe,false</content>
  <stackFrames>
[CALL STACK][0]: Method:WXTextureTools.Application.FirstBundle.FirstBundleHandler.slim; File:.0
[CALL STACK][1]: Method:WXTextureTools.Application.AppCmdExec.WXSlimFirstBundleExec.todo; File:.0
[CALL STACK][2]: Method:WXTextureTools.Application.App.process; File:.0
</stackFrames>
</wxlog>
<wxlog>
  <threadId>#main</threadId>
  <timestamp>23:36:31:5083</timestamp>
  <msgtype>MsgMixture</msgtype>
  <content>string|string|bool
AssetBundleText slim - pngName,UICheckMark.d924f22b,false</content>
  <stackFrames>
[CALL STACK][0]: Method:WXTextureTools.Application.FirstBundle.FirstBundleHandler.slim; File:.0
[CALL STACK][1]: Method:WXTextureTools.Application.AppCmdExec.WXSlimFirstBundleExec.todo; File:.0
[CALL STACK][2]: Method:WXTextureTools.Application.App.process; File:.0
</stackFrames>
</wxlog>
<wxlog>
  <threadId>#main</threadId>
  <timestamp>23:36:31:5083</timestamp>
  <msgtype>MsgMixture</msgtype>
  <content>string|string
AssetBundleText slim - 1,UICheckMark</content>
  <stackFrames>
[CALL STACK][0]: Method:WXTextureTools.Application.FirstBundle.FirstBundleHandler.slim; File:.0
[CALL STACK][1]: Method:WXTextureTools.Application.AppCmdExec.WXSlimFirstBundleExec.todo; File:.0
[CALL STACK][2]: Method:WXTextureTools.Application.App.process; File:.0
</stackFrames>
</wxlog>
<wxlog>
  <threadId>#main</threadId>
  <timestamp>23:36:31:5083</timestamp>
  <msgtype>MsgMixture</msgtype>
  <content>string|string|bool
AssetBundleText slim - pngName,PlaceholderBG1.8f00b204,false</content>
  <stackFrames>
[CALL STACK][0]: Method:WXTextureTools.Application.FirstBundle.FirstBundleHandler.slim; File:.0
[CALL STACK][1]: Method:WXTextureTools.Application.AppCmdExec.WXSlimFirstBundleExec.todo; File:.0
[CALL STACK][2]: Method:WXTextureTools.Application.App.process; File:.0
</stackFrames>
</wxlog>
<wxlog>
  <threadId>#main</threadId>
  <timestamp>23:36:31:5088</timestamp>
  <msgtype>MsgMixture</msgtype>
  <content>string|string|bool
AssetBundleText slim - pngName,GameLogoBG.99c58923,false</content>
  <stackFrames>
[CALL STACK][0]: Method:WXTextureTools.Application.FirstBundle.FirstBundleHandler.slim; File:.0
[CALL STACK][1]: Method:WXTextureTools.Application.AppCmdExec.WXSlimFirstBundleExec.todo; File:.0
[CALL STACK][2]: Method:WXTextureTools.Application.App.process; File:.0
</stackFrames>
</wxlog>
<wxlog>
  <threadId>#main</threadId>
  <timestamp>23:36:31:5093</timestamp>
  <msgtype>MsgMixture</msgtype>
  <content>string|string|bool
AssetBundleText slim - pngName,GM Top Header.87347216,false</content>
  <stackFrames>
[CALL STACK][0]: Method:WXTextureTools.Application.FirstBundle.FirstBundleHandler.slim; File:.0
[CALL STACK][1]: Method:WXTextureTools.Application.AppCmdExec.WXSlimFirstBundleExec.todo; File:.0
[CALL STACK][2]: Method:WXTextureTools.Application.App.process; File:.0
</stackFrames>
</wxlog>
<wxlog>
  <threadId>#main</threadId>
  <timestamp>23:36:31:5098</timestamp>
  <msgtype>MsgMixture</msgtype>
  <content>string|string|bool
AssetBundleText slim - pngName,Keyboard_Black_Arrow_Left.5ee7668f,false</content>
  <stackFrames>
[CALL STACK][0]: Method:WXTextureTools.Application.FirstBundle.FirstBundleHandler.slim; File:.0
[CALL STACK][1]: Method:WXTextureTools.Application.AppCmdExec.WXSlimFirstBundleExec.todo; File:.0
[CALL STACK][2]: Method:WXTextureTools.Application.App.process; File:.0
</stackFrames>
</wxlog>
<wxlog>
  <threadId>#main</threadId>
  <timestamp>23:36:31:5098</timestamp>
  <msgtype>MsgMixture</msgtype>
  <content>string|string|bool
AssetBundleText slim - pngName,L_FR.def29e9e,false</content>
  <stackFrames>
[CALL STACK][0]: Method:WXTextureTools.Application.FirstBundle.FirstBundleHandler.slim; File:.0
[CALL STACK][1]: Method:WXTextureTools.Application.AppCmdExec.WXSlimFirstBundleExec.todo; File:.0
[CALL STACK][2]: Method:WXTextureTools.Application.App.process; File:.0
</stackFrames>
</wxlog>
<wxlog>
  <threadId>#main</threadId>
  <timestamp>23:36:31:5098</timestamp>
  <msgtype>MsgMixture</msgtype>
  <content>string|string|bool
AssetBundleText slim - pngName,Switch On.3c9f2d62,false</content>
  <stackFrames>
[CALL STACK][0]: Method:WXTextureTools.Application.FirstBundle.FirstBundleHandler.slim; File:.0
[CALL STACK][1]: Method:WXTextureTools.Application.AppCmdExec.WXSlimFirstBundleExec.todo; File:.0
[CALL STACK][2]: Method:WXTextureTools.Application.App.process; File:.0
</stackFrames>
</wxlog>
<wxlog>
  <threadId>#main</threadId>
  <timestamp>23:36:31:5108</timestamp>
  <msgtype>MsgMixture</msgtype>
  <content>string|string|bool
AssetBundleText slim - pngName,26.3f4deaf9,false</content>
  <stackFrames>
[CALL STACK][0]: Method:WXTextureTools.Application.FirstBundle.FirstBundleHandler.slim; File:.0
[CALL STACK][1]: Method:WXTextureTools.Application.AppCmdExec.WXSlimFirstBundleExec.todo; File:.0
[CALL STACK][2]: Method:WXTextureTools.Application.App.process; File:.0
</stackFrames>
</wxlog>
<wxlog>
  <threadId>#main</threadId>
  <timestamp>23:36:31:5113</timestamp>
  <msgtype>MsgMixture</msgtype>
  <content>string|string|bool
AssetBundleText slim - pngName,Radial Outline - Stroke 8px (x128).14b90f4b,false</content>
  <stackFrames>
[CALL STACK][0]: Method:WXTextureTools.Application.FirstBundle.FirstBundleHandler.slim; File:.0
[CALL STACK][1]: Method:WXTextureTools.Application.AppCmdExec.WXSlimFirstBundleExec.todo; File:.0
[CALL STACK][2]: Method:WXTextureTools.Application.App.process; File:.0
</stackFrames>
</wxlog>
<wxlog>
  <threadId>#main</threadId>
  <timestamp>23:36:31:5118</timestamp>
  <msgtype>MsgMixture</msgtype>
  <content>string|string|bool
AssetBundleText slim - pngName,XboxOne_A.b48b63d3,false</content>
  <stackFrames>
[CALL STACK][0]: Method:WXTextureTools.Application.FirstBundle.FirstBundleHandler.slim; File:.0
[CALL STACK][1]: Method:WXTextureTools.Application.AppCmdExec.WXSlimFirstBundleExec.todo; File:.0
[CALL STACK][2]: Method:WXTextureTools.Application.App.process; File:.0
</stackFrames>
</wxlog>
<wxlog>
  <threadId>#main</threadId>
  <timestamp>23:36:31:5118</timestamp>
  <msgtype>MsgMixture</msgtype>
  <content>string|string|bool
AssetBundleText slim - pngName,Switch Off.a3e447dd,false</content>
  <stackFrames>
[CALL STACK][0]: Method:WXTextureTools.Application.FirstBundle.FirstBundleHandler.slim; File:.0
[CALL STACK][1]: Method:WXTextureTools.Application.AppCmdExec.WXSlimFirstBundleExec.todo; File:.0
[CALL STACK][2]: Method:WXTextureTools.Application.App.process; File:.0
</stackFrames>
</wxlog>
<wxlog>
  <threadId>#main</threadId>
  <timestamp>23:36:31:5118</timestamp>
  <msgtype>MsgMixture</msgtype>
  <content>string|string|bool
AssetBundleText slim - pngName,Content Header.4a262814,false</content>
  <stackFrames>
[CALL STACK][0]: Method:WXTextureTools.Application.FirstBundle.FirstBundleHandler.slim; File:.0
[CALL STACK][1]: Method:WXTextureTools.Application.AppCmdExec.WXSlimFirstBundleExec.todo; File:.0
[CALL STACK][2]: Method:WXTextureTools.Application.App.process; File:.0
</stackFrames>
</wxlog>
<wxlog>
  <threadId>#main</threadId>
  <timestamp>23:36:31:5123</timestamp>
  <msgtype>MsgMixture</msgtype>
  <content>string|string|bool
AssetBundleText slim - pngName,Right.d3feb39c,false</content>
  <stackFrames>
[CALL STACK][0]: Method:WXTextureTools.Application.FirstBundle.FirstBundleHandler.slim; File:.0
[CALL STACK][1]: Method:WXTextureTools.Application.AppCmdExec.WXSlimFirstBundleExec.todo; File:.0
[CALL STACK][2]: Method:WXTextureTools.Application.App.process; File:.0
</stackFrames>
</wxlog>
<wxlog>
  <threadId>#main</threadId>
  <timestamp>23:36:31:5128</timestamp>
  <msgtype>MsgMixture</msgtype>
  <content>string|string|bool
AssetBundleText slim - pngName,Keyboard_Black_Arrow_Down.76b3f27a,false</content>
  <stackFrames>
[CALL STACK][0]: Method:WXTextureTools.Application.FirstBundle.FirstBundleHandler.slim; File:.0
[CALL STACK][1]: Method:WXTextureTools.Application.AppCmdExec.WXSlimFirstBundleExec.todo; File:.0
[CALL STACK][2]: Method:WXTextureTools.Application.App.process; File:.0
</stackFrames>
</wxlog>
<wxlog>
  <threadId>#main</threadId>
  <timestamp>23:36:31:5133</timestamp>
  <msgtype>MsgMixture</msgtype>
  <content>string|string|bool
AssetBundleText slim - pngName,Keyboard_Black_Shift_Alt.d457d51b,false</content>
  <stackFrames>
[CALL STACK][0]: Method:WXTextureTools.Application.FirstBundle.FirstBundleHandler.slim; File:.0
[CALL STACK][1]: Method:WXTextureTools.Application.AppCmdExec.WXSlimFirstBundleExec.todo; File:.0
[CALL STACK][2]: Method:WXTextureTools.Application.App.process; File:.0
</stackFrames>
</wxlog>
<wxlog>
  <threadId>#main</threadId>
  <timestamp>23:36:31:5138</timestamp>
  <msgtype>MsgMixture</msgtype>
  <content>string|string|bool
AssetBundleText slim - pngName,Keyboard_Black_Space.91f4aaef,false</content>
  <stackFrames>
[CALL STACK][0]: Method:WXTextureTools.Application.FirstBundle.FirstBundleHandler.slim; File:.0
[CALL STACK][1]: Method:WXTextureTools.Application.AppCmdExec.WXSlimFirstBundleExec.todo; File:.0
[CALL STACK][2]: Method:WXTextureTools.Application.App.process; File:.0
</stackFrames>
</wxlog>
<wxlog>
  <threadId>#main</threadId>
  <timestamp>23:36:31:5138</timestamp>
  <msgtype>MsgMixture</msgtype>
  <content>string|string|bool
AssetBundleText slim - pngName,27.ed40cbd0,false</content>
  <stackFrames>
[CALL STACK][0]: Method:WXTextureTools.Application.FirstBundle.FirstBundleHandler.slim; File:.0
[CALL STACK][1]: Method:WXTextureTools.Application.AppCmdExec.WXSlimFirstBundleExec.todo; File:.0
[CALL STACK][2]: Method:WXTextureTools.Application.App.process; File:.0
</stackFrames>
</wxlog>
<wxlog>
  <threadId>#main</threadId>
  <timestamp>23:36:31:5148</timestamp>
  <msgtype>MsgMixture</msgtype>
  <content>string|string|bool
AssetBundleText slim - pngName,13.09c07a82,false</content>
  <stackFrames>
[CALL STACK][0]: Method:WXTextureTools.Application.FirstBundle.FirstBundleHandler.slim; File:.0
[CALL STACK][1]: Method:WXTextureTools.Application.AppCmdExec.WXSlimFirstBundleExec.todo; File:.0
[CALL STACK][2]: Method:WXTextureTools.Application.App.process; File:.0
</stackFrames>
</wxlog>
<wxlog>
  <threadId>#main</threadId>
  <timestamp>23:36:31:5148</timestamp>
  <msgtype>MsgMixture</msgtype>
  <content>string|string|bool
AssetBundleText slim - pngName,L_AR.b511ce7f,false</content>
  <stackFrames>
[CALL STACK][0]: Method:WXTextureTools.Application.FirstBundle.FirstBundleHandler.slim; File:.0
[CALL STACK][1]: Method:WXTextureTools.Application.AppCmdExec.WXSlimFirstBundleExec.todo; File:.0
[CALL STACK][2]: Method:WXTextureTools.Application.App.process; File:.0
</stackFrames>
</wxlog>
<wxlog>
  <threadId>#main</threadId>
  <timestamp>23:36:31:5158</timestamp>
  <msgtype>MsgMixture</msgtype>
  <content>string|string|bool
AssetBundleText slim - pngName,22.2c861f8a,false</content>
  <stackFrames>
[CALL STACK][0]: Method:WXTextureTools.Application.FirstBundle.FirstBundleHandler.slim; File:.0
[CALL STACK][1]: Method:WXTextureTools.Application.AppCmdExec.WXSlimFirstBundleExec.todo; File:.0
[CALL STACK][2]: Method:WXTextureTools.Application.App.process; File:.0
</stackFrames>
</wxlog>
<wxlog>
  <threadId>#main</threadId>
  <timestamp>23:36:31:5168</timestamp>
  <msgtype>MsgMixture</msgtype>
  <content>string|string|bool
AssetBundleText slim - pngName,37.8175710c,false</content>
  <stackFrames>
[CALL STACK][0]: Method:WXTextureTools.Application.FirstBundle.FirstBundleHandler.slim; File:.0
[CALL STACK][1]: Method:WXTextureTools.Application.AppCmdExec.WXSlimFirstBundleExec.todo; File:.0
[CALL STACK][2]: Method:WXTextureTools.Application.App.process; File:.0
</stackFrames>
</wxlog>
<wxlog>
  <threadId>#main</threadId>
  <timestamp>23:36:31:5173</timestamp>
  <msgtype>MsgMixture</msgtype>
  <content>string|string|bool
AssetBundleText slim - pngName,Keyboard_Black_Alt.fe00f9c5,false</content>
  <stackFrames>
[CALL STACK][0]: Method:WXTextureTools.Application.FirstBundle.FirstBundleHandler.slim; File:.0
[CALL STACK][1]: Method:WXTextureTools.Application.AppCmdExec.WXSlimFirstBundleExec.todo; File:.0
[CALL STACK][2]: Method:WXTextureTools.Application.App.process; File:.0
</stackFrames>
</wxlog>
<wxlog>
  <threadId>#main</threadId>
  <timestamp>23:36:31:5179</timestamp>
  <msgtype>MsgMixture</msgtype>
  <content>string|string|bool
AssetBundleText slim - pngName,32.91dada35,false</content>
  <stackFrames>
[CALL STACK][0]: Method:WXTextureTools.Application.FirstBundle.FirstBundleHandler.slim; File:.0
[CALL STACK][1]: Method:WXTextureTools.Application.AppCmdExec.WXSlimFirstBundleExec.todo; File:.0
[CALL STACK][2]: Method:WXTextureTools.Application.App.process; File:.0
</stackFrames>
</wxlog>
<wxlog>
  <threadId>#main</threadId>
  <timestamp>23:36:31:5189</timestamp>
  <msgtype>MsgMixture</msgtype>
  <content>string|string|bool
AssetBundleText slim - pngName,HKE Top Header.217a4c4f,false</content>
  <stackFrames>
[CALL STACK][0]: Method:WXTextureTools.Application.FirstBundle.FirstBundleHandler.slim; File:.0
[CALL STACK][1]: Method:WXTextureTools.Application.AppCmdExec.WXSlimFirstBundleExec.todo; File:.0
[CALL STACK][2]: Method:WXTextureTools.Application.App.process; File:.0
</stackFrames>
</wxlog>
<wxlog>
  <threadId>#main</threadId>
  <timestamp>23:36:31:5193</timestamp>
  <msgtype>MsgMixture</msgtype>
  <content>string|string|bool
AssetBundleText slim - pngName,16.24ce3aa5,false</content>
  <stackFrames>
[CALL STACK][0]: Method:WXTextureTools.Application.FirstBundle.FirstBundleHandler.slim; File:.0
[CALL STACK][1]: Method:WXTextureTools.Application.AppCmdExec.WXSlimFirstBundleExec.todo; File:.0
[CALL STACK][2]: Method:WXTextureTools.Application.App.process; File:.0
</stackFrames>
</wxlog>
<wxlog>
  <threadId>#main</threadId>
  <timestamp>23:36:31:5198</timestamp>
  <msgtype>MsgMixture</msgtype>
  <content>string|string|bool
AssetBundleText slim - pngName,Indicator Item Outline.6001d7d5,false</content>
  <stackFrames>
[CALL STACK][0]: Method:WXTextureTools.Application.FirstBundle.FirstBundleHandler.slim; File:.0
[CALL STACK][1]: Method:WXTextureTools.Application.AppCmdExec.WXSlimFirstBundleExec.todo; File:.0
[CALL STACK][2]: Method:WXTextureTools.Application.App.process; File:.0
</stackFrames>
</wxlog>
<wxlog>
  <threadId>#main</threadId>
  <timestamp>23:36:31:5198</timestamp>
  <msgtype>MsgMixture</msgtype>
  <content>string|string|bool
AssetBundleText slim - pngName,UIElement8px.f411169b,false</content>
  <stackFrames>
[CALL STACK][0]: Method:WXTextureTools.Application.FirstBundle.FirstBundleHandler.slim; File:.0
[CALL STACK][1]: Method:WXTextureTools.Application.AppCmdExec.WXSlimFirstBundleExec.todo; File:.0
[CALL STACK][2]: Method:WXTextureTools.Application.App.process; File:.0
</stackFrames>
</wxlog>
<wxlog>
  <threadId>#main</threadId>
  <timestamp>23:36:31:5198</timestamp>
  <msgtype>MsgMixture</msgtype>
  <content>string|string
AssetBundleText slim - 1,UIElement8px</content>
  <stackFrames>
[CALL STACK][0]: Method:WXTextureTools.Application.FirstBundle.FirstBundleHandler.slim; File:.0
[CALL STACK][1]: Method:WXTextureTools.Application.AppCmdExec.WXSlimFirstBundleExec.todo; File:.0
[CALL STACK][2]: Method:WXTextureTools.Application.App.process; File:.0
</stackFrames>
</wxlog>
<wxlog>
  <threadId>#main</threadId>
  <timestamp>23:36:31:5198</timestamp>
  <msgtype>MsgMixture</msgtype>
  <content>string|string|bool
AssetBundleText slim - pngName,21.c5a6f5a6,false</content>
  <stackFrames>
[CALL STACK][0]: Method:WXTextureTools.Application.FirstBundle.FirstBundleHandler.slim; File:.0
[CALL STACK][1]: Method:WXTextureTools.Application.AppCmdExec.WXSlimFirstBundleExec.todo; File:.0
[CALL STACK][2]: Method:WXTextureTools.Application.App.process; File:.0
</stackFrames>
</wxlog>
<wxlog>
  <threadId>#main</threadId>
  <timestamp>23:36:31:5214</timestamp>
  <msgtype>MsgMixture</msgtype>
  <content>string|string|bool
AssetBundleText slim - pngName,38.a659322e,false</content>
  <stackFrames>
[CALL STACK][0]: Method:WXTextureTools.Application.FirstBundle.FirstBundleHandler.slim; File:.0
[CALL STACK][1]: Method:WXTextureTools.Application.AppCmdExec.WXSlimFirstBundleExec.todo; File:.0
[CALL STACK][2]: Method:WXTextureTools.Application.App.process; File:.0
</stackFrames>
</wxlog>
<wxlog>
  <threadId>#main</threadId>
  <timestamp>23:36:31:5274</timestamp>
  <msgtype>MsgMixture</msgtype>
  <content>string|string|bool
AssetBundleText slim - pngName,EmojiOne.5c604724,false</content>
  <stackFrames>
[CALL STACK][0]: Method:WXTextureTools.Application.FirstBundle.FirstBundleHandler.slim; File:.0
[CALL STACK][1]: Method:WXTextureTools.Application.AppCmdExec.WXSlimFirstBundleExec.todo; File:.0
[CALL STACK][2]: Method:WXTextureTools.Application.App.process; File:.0
</stackFrames>
</wxlog>
<wxlog>
  <threadId>#main</threadId>
  <timestamp>23:36:31:5279</timestamp>
  <msgtype>MsgMixture</msgtype>
  <content>string|string|bool
AssetBundleText slim - pngName,Settings Normal.492d914d,false</content>
  <stackFrames>
[CALL STACK][0]: Method:WXTextureTools.Application.FirstBundle.FirstBundleHandler.slim; File:.0
[CALL STACK][1]: Method:WXTextureTools.Application.AppCmdExec.WXSlimFirstBundleExec.todo; File:.0
[CALL STACK][2]: Method:WXTextureTools.Application.App.process; File:.0
</stackFrames>
</wxlog>
<wxlog>
  <threadId>#main</threadId>
  <timestamp>23:36:31:5284</timestamp>
  <msgtype>MsgMixture</msgtype>
  <content>string|string|bool
AssetBundleText slim - pngName,11.75bd89d5,false</content>
  <stackFrames>
[CALL STACK][0]: Method:WXTextureTools.Application.FirstBundle.FirstBundleHandler.slim; File:.0
[CALL STACK][1]: Method:WXTextureTools.Application.AppCmdExec.WXSlimFirstBundleExec.todo; File:.0
[CALL STACK][2]: Method:WXTextureTools.Application.App.process; File:.0
</stackFrames>
</wxlog>
<wxlog>
  <threadId>#main</threadId>
  <timestamp>23:36:31:5284</timestamp>
  <msgtype>MsgMixture</msgtype>
  <content>string|string|bool
AssetBundleText slim - pngName,XboxOne_Dpad_Right.35d6d8b7,false</content>
  <stackFrames>
[CALL STACK][0]: Method:WXTextureTools.Application.FirstBundle.FirstBundleHandler.slim; File:.0
[CALL STACK][1]: Method:WXTextureTools.Application.AppCmdExec.WXSlimFirstBundleExec.todo; File:.0
[CALL STACK][2]: Method:WXTextureTools.Application.App.process; File:.0
</stackFrames>
</wxlog>
<wxlog>
  <threadId>#main</threadId>
  <timestamp>23:36:31:5289</timestamp>
  <msgtype>MsgMixture</msgtype>
  <content>string|string|bool
AssetBundleText slim - pngName,XboxOne_Y.04715bd8,false</content>
  <stackFrames>
[CALL STACK][0]: Method:WXTextureTools.Application.FirstBundle.FirstBundleHandler.slim; File:.0
[CALL STACK][1]: Method:WXTextureTools.Application.AppCmdExec.WXSlimFirstBundleExec.todo; File:.0
[CALL STACK][2]: Method:WXTextureTools.Application.App.process; File:.0
</stackFrames>
</wxlog>
<wxlog>
  <threadId>#main</threadId>
  <timestamp>23:36:31:5294</timestamp>
  <msgtype>MsgMixture</msgtype>
  <content>string|string|bool
AssetBundleText slim - pngName,XboxOne_B.fd15e19c,false</content>
  <stackFrames>
[CALL STACK][0]: Method:WXTextureTools.Application.FirstBundle.FirstBundleHandler.slim; File:.0
[CALL STACK][1]: Method:WXTextureTools.Application.AppCmdExec.WXSlimFirstBundleExec.todo; File:.0
[CALL STACK][2]: Method:WXTextureTools.Application.App.process; File:.0
</stackFrames>
</wxlog>
<wxlog>
  <threadId>#main</threadId>
  <timestamp>23:36:31:5299</timestamp>
  <msgtype>MsgMixture</msgtype>
  <content>string|string|bool
AssetBundleText slim - pngName,10.e7d596ec,false</content>
  <stackFrames>
[CALL STACK][0]: Method:WXTextureTools.Application.FirstBundle.FirstBundleHandler.slim; File:.0
[CALL STACK][1]: Method:WXTextureTools.Application.AppCmdExec.WXSlimFirstBundleExec.todo; File:.0
[CALL STACK][2]: Method:WXTextureTools.Application.App.process; File:.0
</stackFrames>
</wxlog>
<wxlog>
  <threadId>#main</threadId>
  <timestamp>23:36:31:5299</timestamp>
  <msgtype>MsgMixture</msgtype>
  <content>string|string|bool
AssetBundleText slim - pngName,Keyboard_Black_D.5b59feab,false</content>
  <stackFrames>
[CALL STACK][0]: Method:WXTextureTools.Application.FirstBundle.FirstBundleHandler.slim; File:.0
[CALL STACK][1]: Method:WXTextureTools.Application.AppCmdExec.WXSlimFirstBundleExec.todo; File:.0
[CALL STACK][2]: Method:WXTextureTools.Application.App.process; File:.0
</stackFrames>
</wxlog>
<wxlog>
  <threadId>#main</threadId>
  <timestamp>23:36:31:5299</timestamp>
  <msgtype>MsgMixture</msgtype>
  <content>string|string|bool
AssetBundleText slim - pngName,8.aa9a55f1,false</content>
  <stackFrames>
[CALL STACK][0]: Method:WXTextureTools.Application.FirstBundle.FirstBundleHandler.slim; File:.0
[CALL STACK][1]: Method:WXTextureTools.Application.AppCmdExec.WXSlimFirstBundleExec.todo; File:.0
[CALL STACK][2]: Method:WXTextureTools.Application.App.process; File:.0
</stackFrames>
</wxlog>
<wxlog>
  <threadId>#main</threadId>
  <timestamp>23:36:31:5309</timestamp>
  <msgtype>MsgMixture</msgtype>
  <content>string|string|bool
AssetBundleText slim - pngName,Content Active.66fa68e6,false</content>
  <stackFrames>
[CALL STACK][0]: Method:WXTextureTools.Application.FirstBundle.FirstBundleHandler.slim; File:.0
[CALL STACK][1]: Method:WXTextureTools.Application.AppCmdExec.WXSlimFirstBundleExec.todo; File:.0
[CALL STACK][2]: Method:WXTextureTools.Application.App.process; File:.0
</stackFrames>
</wxlog>
<wxlog>
  <threadId>#main</threadId>
  <timestamp>23:36:31:5314</timestamp>
  <msgtype>MsgMixture</msgtype>
  <content>string|string|bool
AssetBundleText slim - pngName,Gradient Header.dc938e3d,false</content>
  <stackFrames>
[CALL STACK][0]: Method:WXTextureTools.Application.FirstBundle.FirstBundleHandler.slim; File:.0
[CALL STACK][1]: Method:WXTextureTools.Application.AppCmdExec.WXSlimFirstBundleExec.todo; File:.0
[CALL STACK][2]: Method:WXTextureTools.Application.App.process; File:.0
</stackFrames>
</wxlog>
<wxlog>
  <threadId>#main</threadId>
  <timestamp>23:36:31:5319</timestamp>
  <msgtype>MsgMixture</msgtype>
  <content>string|string|bool
AssetBundleText slim - pngName,14.93073b69,false</content>
  <stackFrames>
[CALL STACK][0]: Method:WXTextureTools.Application.FirstBundle.FirstBundleHandler.slim; File:.0
[CALL STACK][1]: Method:WXTextureTools.Application.AppCmdExec.WXSlimFirstBundleExec.todo; File:.0
[CALL STACK][2]: Method:WXTextureTools.Application.App.process; File:.0
</stackFrames>
</wxlog>
<wxlog>
  <threadId>#main</threadId>
  <timestamp>23:36:31:5319</timestamp>
  <msgtype>MsgMixture</msgtype>
  <content>string|string|bool
AssetBundleText slim - pngName,Support Header.5d0a98cc,false</content>
  <stackFrames>
[CALL STACK][0]: Method:WXTextureTools.Application.FirstBundle.FirstBundleHandler.slim; File:.0
[CALL STACK][1]: Method:WXTextureTools.Application.AppCmdExec.WXSlimFirstBundleExec.todo; File:.0
[CALL STACK][2]: Method:WXTextureTools.Application.App.process; File:.0
</stackFrames>
</wxlog>
<wxlog>
  <threadId>#main</threadId>
  <timestamp>23:36:31:5324</timestamp>
  <msgtype>MsgMixture</msgtype>
  <content>string|string|bool
AssetBundleText slim - pngName,12.8590b33e,false</content>
  <stackFrames>
[CALL STACK][0]: Method:WXTextureTools.Application.FirstBundle.FirstBundleHandler.slim; File:.0
[CALL STACK][1]: Method:WXTextureTools.Application.AppCmdExec.WXSlimFirstBundleExec.todo; File:.0
[CALL STACK][2]: Method:WXTextureTools.Application.App.process; File:.0
</stackFrames>
</wxlog>
<wxlog>
  <threadId>#main</threadId>
  <timestamp>23:36:31:5329</timestamp>
  <msgtype>MsgMixture</msgtype>
  <content>string|string|bool
AssetBundleText slim - pngName,7.f505439b,false</content>
  <stackFrames>
[CALL STACK][0]: Method:WXTextureTools.Application.FirstBundle.FirstBundleHandler.slim; File:.0
[CALL STACK][1]: Method:WXTextureTools.Application.AppCmdExec.WXSlimFirstBundleExec.todo; File:.0
[CALL STACK][2]: Method:WXTextureTools.Application.App.process; File:.0
</stackFrames>
</wxlog>
<wxlog>
  <threadId>#main</threadId>
  <timestamp>23:36:31:5339</timestamp>
  <msgtype>MsgMixture</msgtype>
  <content>string|string|bool
AssetBundleText slim - pngName,28.96885803,false</content>
  <stackFrames>
[CALL STACK][0]: Method:WXTextureTools.Application.FirstBundle.FirstBundleHandler.slim; File:.0
[CALL STACK][1]: Method:WXTextureTools.Application.AppCmdExec.WXSlimFirstBundleExec.todo; File:.0
[CALL STACK][2]: Method:WXTextureTools.Application.App.process; File:.0
</stackFrames>
</wxlog>
<wxlog>
  <threadId>#main</threadId>
  <timestamp>23:36:31:5339</timestamp>
  <msgtype>MsgMixture</msgtype>
  <content>string|string|bool
AssetBundleText slim - pngName,L_FR.1d3a1aa6,false</content>
  <stackFrames>
[CALL STACK][0]: Method:WXTextureTools.Application.FirstBundle.FirstBundleHandler.slim; File:.0
[CALL STACK][1]: Method:WXTextureTools.Application.AppCmdExec.WXSlimFirstBundleExec.todo; File:.0
[CALL STACK][2]: Method:WXTextureTools.Application.App.process; File:.0
</stackFrames>
</wxlog>
<wxlog>
  <threadId>#main</threadId>
  <timestamp>23:36:31:5384</timestamp>
  <msgtype>MsgMixture</msgtype>
  <content>string|string|bool
AssetBundleText slim - pngName,OpenSans-Bold SDF Atlas.49caa7ea,false</content>
  <stackFrames>
[CALL STACK][0]: Method:WXTextureTools.Application.FirstBundle.FirstBundleHandler.slim; File:.0
[CALL STACK][1]: Method:WXTextureTools.Application.AppCmdExec.WXSlimFirstBundleExec.todo; File:.0
[CALL STACK][2]: Method:WXTextureTools.Application.App.process; File:.0
</stackFrames>
</wxlog>
<wxlog>
  <threadId>#main</threadId>
  <timestamp>23:36:31:5399</timestamp>
  <msgtype>MsgMixture</msgtype>
  <content>string|string|bool
AssetBundleText slim - pngName,OpenSans-ExtraBold SDF Atlas.e1b97693,false</content>
  <stackFrames>
[CALL STACK][0]: Method:WXTextureTools.Application.FirstBundle.FirstBundleHandler.slim; File:.0
[CALL STACK][1]: Method:WXTextureTools.Application.AppCmdExec.WXSlimFirstBundleExec.todo; File:.0
[CALL STACK][2]: Method:WXTextureTools.Application.App.process; File:.0
</stackFrames>
</wxlog>
<wxlog>
  <threadId>#main</threadId>
  <timestamp>23:36:31:5424</timestamp>
  <msgtype>MsgMixture</msgtype>
  <content>string|string|bool
AssetBundleText slim - pngName,OpenSans-Light SDF Atlas.ca643224,false</content>
  <stackFrames>
[CALL STACK][0]: Method:WXTextureTools.Application.FirstBundle.FirstBundleHandler.slim; File:.0
[CALL STACK][1]: Method:WXTextureTools.Application.AppCmdExec.WXSlimFirstBundleExec.todo; File:.0
[CALL STACK][2]: Method:WXTextureTools.Application.App.process; File:.0
</stackFrames>
</wxlog>
<wxlog>
  <threadId>#main</threadId>
  <timestamp>23:36:31:5459</timestamp>
  <msgtype>MsgMixture</msgtype>
  <content>string|string|bool
AssetBundleText slim - pngName,OpenSans-Regular SDF Atlas.89fccdf1,false</content>
  <stackFrames>
[CALL STACK][0]: Method:WXTextureTools.Application.FirstBundle.FirstBundleHandler.slim; File:.0
[CALL STACK][1]: Method:WXTextureTools.Application.AppCmdExec.WXSlimFirstBundleExec.todo; File:.0
[CALL STACK][2]: Method:WXTextureTools.Application.App.process; File:.0
</stackFrames>
</wxlog>
